"jhu_user_id","course_id","course_membership_role","course_membership_ts"
"e2d25361","LEemVewWMPAqsm3Vo3Am1z","LEARNER","2017-06-07 18:42:42"
"31c9e94","LEemVewWMPAqsm3Vo3Am1z","LEARNER","2016-11-01 10:48:03"
"6cc52aeb","LEemVewWMPAqsm3Vo3Am1z","LEARNER","2017-04-03 10:06:45"
"af25b22c","LEemVewWMPAqsm3Vo3Am1z","LEARNER","2016-08-09 17:57:50"
"b234e8ac","LEemVewWMPAqsm3Vo3Am1z","NOT_ENROLLED","2017-06-13 18:05:29"
"b1f020d","LEemVewWMPAqsm3Vo3Am1z","LEARNER","2016-10-20 08:57:14"
"1f77e191","LEemVewWMPAqsm3Vo3Am1z","LEARNER","2016-01-10 17:27:28"
"6b86d283","LEemVewWMPAqsm3Vo3Am1z","LEARNER","2017-05-22 06:30:54"
"f02a4dc8","LEemVewWMPAqsm3Vo3Am1z","PRE_ENROLLED_LEARNER","2016-03-02 00:16:07"
"bd8d3b25","LEemVewWMPAqsm3Vo3Am1z","LEARNER","2016-09-03 11:24:46"
"ce8b74f","LEemVewWMPAqsm3Vo3Am1z","LEARNER","2017-04-22 15:15:04"
"3fa7f983","LEemVewWMPAqsm3Vo3Am1z","LEARNER","2016-05-26 10:29:15"
"db19b36a","LEemVewWMPAqsm3Vo3Am1z","LEARNER","2016-02-14 20:20:37"
"e7a14fad","LEemVewWMPAqsm3Vo3Am1z","LEARNER","2016-01-21 11:32:32"
"572b7bbf","LEemVewWMPAqsm3Vo3Am1z","LEARNER","2016-04-19 15:01:41"
"82b0b056","LEemVewWMPAqsm3Vo3Am1z","BROWSER","2017-05-27 06:45:57"
"a05a4089","LEemVewWMPAqsm3Vo3Am1z","LEARNER","2016-05-15 22:48:07"
"911b3c62","LEemVewWMPAqsm3Vo3Am1z","LEARNER","2017-06-12 14:19:23"
"dd79675a","LEemVewWMPAqsm3Vo3Am1z","BROWSER","2016-04-12 21:52:07"
"e2f4ad61","LEemVewWMPAqsm3Vo3Am1z","LEARNER","2016-07-23 03:04:16"
"f0aded94","LEemVewWMPAqsm3Vo3Am1z","LEARNER","2016-06-21 00:25:06"
"4e1ed28f","LEemVewWMPAqsm3Vo3Am1z","LEARNER","2017-01-06 23:25:38"
"f15fe963","LEemVewWMPAqsm3Vo3Am1z","LEARNER","2017-05-23 08:08:32"
"5e9c90","LEemVewWMPAqsm3Vo3Am1z","LEARNER","2017-03-16 14:15:17"
"7dd7c1b","LEemVewWMPAqsm3Vo3Am1z","LEARNER","2016-06-28 08:37:19"
"5b59b2e4","LEemVewWMPAqsm3Vo3Am1z","NOT_ENROLLED","2015-12-25 01:48:29"
"e06b57c1","LEemVewWMPAqsm3Vo3Am1z","LEARNER","2017-09-12 21:17:20"
"44ab2eda","LEemVewWMPAqsm3Vo3Am1z","NOT_ENROLLED","2016-08-10 01:06:14"
"9e4caed","LEemVewWMPAqsm3Vo3Am1z","LEARNER","2016-02-27 18:56:15"
"f28b23b1","LEemVewWMPAqsm3Vo3Am1z","PRE_ENROLLED_LEARNER","2016-06-12 11:51:15"
"dddddaaf","LEemVewWMPAqsm3Vo3Am1z","LEARNER","2016-10-02 03:45:51"
"ddcdca53","LEemVewWMPAqsm3Vo3Am1z","LEARNER","2016-01-26 03:45:58"
"115518fe","LEemVewWMPAqsm3Vo3Am1z","BROWSER","2016-08-28 01:17:28"
"756805f5","LEemVewWMPAqsm3Vo3Am1z","NOT_ENROLLED","2016-01-04 21:49:25"
"5dbd2979","LEemVewWMPAqsm3Vo3Am1z","NOT_ENROLLED","2016-08-01 03:16:38"
"7db5a3e7","LEemVewWMPAqsm3Vo3Am1z","LEARNER","2016-05-24 11:48:45"
"6472603b","LEemVewWMPAqsm3Vo3Am1z","LEARNER","2017-02-14 00:57:23"
"ea7e59f9","LEemVewWMPAqsm3Vo3Am1z","NOT_ENROLLED","2016-01-10 04:18:34"
"9cd4f2a4","LEemVewWMPAqsm3Vo3Am1z","LEARNER","2016-07-15 15:14:09"
"cad2f456","LEemVewWMPAqsm3Vo3Am1z","LEARNER","2017-06-20 04:20:48"
"a84756da","LEemVewWMPAqsm3Vo3Am1z","LEARNER","2016-03-27 22:04:38"
"8438d74f","LEemVewWMPAqsm3Vo3Am1z","NOT_ENROLLED","2016-02-04 18:00:40"
"c3f1f753","LEemVewWMPAqsm3Vo3Am1z","LEARNER","2017-04-08 08:40:45"
"fa9425ce","LEemVewWMPAqsm3Vo3Am1z","LEARNER","2016-06-04 18:05:20"
"8b624e68","LEemVewWMPAqsm3Vo3Am1z","LEARNER","2016-07-29 22:43:07"
"3503df3b","LEemVewWMPAqsm3Vo3Am1z","LEARNER","2017-09-23 13:36:48"
"a344d5e7","LEemVewWMPAqsm3Vo3Am1z","NOT_ENROLLED","2016-04-11 15:31:36"
"747c26e6","LEemVewWMPAqsm3Vo3Am1z","LEARNER","2017-01-30 08:47:57"
"150806de","LEemVewWMPAqsm3Vo3Am1z","LEARNER","2016-02-11 00:35:45"
"d52bd851","LEemVewWMPAqsm3Vo3Am1z","LEARNER","2016-07-25 18:42:58"
"369aa1d5","LEemVewWMPAqsm3Vo3Am1z","LEARNER","2016-06-01 09:55:12"
"13d8a86d","LEemVewWMPAqsm3Vo3Am1z","LEARNER","2017-02-02 16:09:38"
"8b4d5d0a","LEemVewWMPAqsm3Vo3Am1z","LEARNER","2017-07-19 09:37:55"
"db285be7","LEemVewWMPAqsm3Vo3Am1z","LEARNER","2017-02-26 23:25:01"
"ac88719f","LEemVewWMPAqsm3Vo3Am1z","LEARNER","2016-01-04 21:50:57"
"f27f9124","LEemVewWMPAqsm3Vo3Am1z","LEARNER","2017-05-18 03:31:47"
"4c7da45d","LEemVewWMPAqsm3Vo3Am1z","BROWSER","2015-12-26 21:27:24"
"c42972db","LEemVewWMPAqsm3Vo3Am1z","LEARNER","2017-06-15 02:11:58"
"7bdc0baf","LEemVewWMPAqsm3Vo3Am1z","LEARNER","2017-03-25 04:29:19"
"10646e61","LEemVewWMPAqsm3Vo3Am1z","NOT_ENROLLED","2017-04-28 15:56:26"
"710bafbc","LEemVewWMPAqsm3Vo3Am1z","LEARNER","2017-08-21 07:58:17"
"ba83a738","LEemVewWMPAqsm3Vo3Am1z","LEARNER","2016-03-24 05:04:12"
"8287e639","LEemVewWMPAqsm3Vo3Am1z","LEARNER","2016-04-19 11:30:49"
"d3dc99b3","LEemVewWMPAqsm3Vo3Am1z","LEARNER","2016-06-20 17:03:31"
"c69923c3","LEemVewWMPAqsm3Vo3Am1z","LEARNER","2016-02-08 02:57:09"
"4c2ddc6e","LEemVewWMPAqsm3Vo3Am1z","LEARNER","2016-06-07 06:09:28"
"d52cee81","LEemVewWMPAqsm3Vo3Am1z","LEARNER","2016-02-29 10:15:54"
"e0e5d6dd","LEemVewWMPAqsm3Vo3Am1z","NOT_ENROLLED","2017-02-28 13:33:06"
"d936daa9","LEemVewWMPAqsm3Vo3Am1z","LEARNER","2015-12-22 19:31:40"
"741c911b","LEemVewWMPAqsm3Vo3Am1z","LEARNER","2016-09-29 06:43:22"
"443f3430","LEemVewWMPAqsm3Vo3Am1z","LEARNER","2016-02-21 16:22:01"
"cc039a94","LEemVewWMPAqsm3Vo3Am1z","LEARNER","2017-01-01 05:46:32"
"22717507","LEemVewWMPAqsm3Vo3Am1z","LEARNER","2016-01-04 02:28:43"
"9b7efcf0","LEemVewWMPAqsm3Vo3Am1z","LEARNER","2017-05-16 20:54:56"
"67de7b3c","LEemVewWMPAqsm3Vo3Am1z","LEARNER","2016-02-09 20:45:04"
"496c6f60","LEemVewWMPAqsm3Vo3Am1z","PRE_ENROLLED_LEARNER","2017-04-01 09:17:17"
"3a64ce20","LEemVewWMPAqsm3Vo3Am1z","LEARNER","2016-06-23 14:41:20"
"14c681fa","LEemVewWMPAqsm3Vo3Am1z","NOT_ENROLLED","2016-02-10 23:42:18"
"4d156d23","LEemVewWMPAqsm3Vo3Am1z","LEARNER","2016-06-14 17:10:55"
"6e2b862c","LEemVewWMPAqsm3Vo3Am1z","NOT_ENROLLED","2016-03-22 05:21:51"
"eef87b49","LEemVewWMPAqsm3Vo3Am1z","NOT_ENROLLED","2016-01-05 04:25:35"
"75ecd2ce","LEemVewWMPAqsm3Vo3Am1z","LEARNER","2017-09-30 19:06:37"
"1f86de46","LEemVewWMPAqsm3Vo3Am1z","LEARNER","2016-02-10 23:30:55"
"d4939c21","LEemVewWMPAqsm3Vo3Am1z","LEARNER","2016-05-17 12:56:12"
"b85757e0","LEemVewWMPAqsm3Vo3Am1z","LEARNER","2017-01-21 03:49:50"
"473bcdef","LEemVewWMPAqsm3Vo3Am1z","LEARNER","2015-12-25 08:18:55"
"691a9beb","LEemVewWMPAqsm3Vo3Am1z","LEARNER","2016-09-28 17:25:08"
"44f19ec4","LEemVewWMPAqsm3Vo3Am1z","LEARNER","2017-02-19 02:28:22"
"22c1f71e","LEemVewWMPAqsm3Vo3Am1z","LEARNER","2016-02-29 20:07:59"
"6e28817f","LEemVewWMPAqsm3Vo3Am1z","LEARNER","2017-08-28 22:41:14"
"6b0482da","LEemVewWMPAqsm3Vo3Am1z","LEARNER","2016-01-18 19:04:36"
"cdd3c238","LEemVewWMPAqsm3Vo3Am1z","LEARNER","2017-06-17 14:54:37"
"b2808a05","LEemVewWMPAqsm3Vo3Am1z","NOT_ENROLLED","2016-02-11 00:25:45"
"2d3ec7aa","LEemVewWMPAqsm3Vo3Am1z","LEARNER","2016-01-26 21:25:19"
"86098c99","LEemVewWMPAqsm3Vo3Am1z","LEARNER","2016-05-09 18:01:27"
"e33a3f30","LEemVewWMPAqsm3Vo3Am1z","LEARNER","2016-02-11 00:01:19"
"47904303","LEemVewWMPAqsm3Vo3Am1z","LEARNER","2016-06-14 09:00:49"
"189838ed","LEemVewWMPAqsm3Vo3Am1z","NOT_ENROLLED","2016-05-24 12:48:39"
"24b7c68f","LEemVewWMPAqsm3Vo3Am1z","NOT_ENROLLED","2017-02-28 08:16:20"
"848ee567","LEemVewWMPAqsm3Vo3Am1z","LEARNER","2016-02-17 18:18:58"
"f9dff350","LEemVewWMPAqsm3Vo3Am1z","LEARNER","2016-02-19 09:20:49"
"1f146301","LEemVewWMPAqsm3Vo3Am1z","LEARNER","2016-09-19 22:11:51"
"914d7581","LEemVewWMPAqsm3Vo3Am1z","PRE_ENROLLED_LEARNER","2016-04-23 22:07:36"
"61530247","LEemVewWMPAqsm3Vo3Am1z","LEARNER","2016-02-10 22:53:41"
"c4c186c","LEemVewWMPAqsm3Vo3Am1z","LEARNER","2016-05-18 14:42:33"
"ae36fa46","LEemVewWMPAqsm3Vo3Am1z","LEARNER","2016-05-17 02:22:13"
"4ceb43a1","LEemVewWMPAqsm3Vo3Am1z","LEARNER","2017-05-09 05:51:52"
"2e03cf8a","LEemVewWMPAqsm3Vo3Am1z","LEARNER","2017-09-25 06:46:30"
"e09e901c","LEemVewWMPAqsm3Vo3Am1z","LEARNER","2016-07-02 23:40:46"
"f4efee1c","LEemVewWMPAqsm3Vo3Am1z","LEARNER","2016-06-07 17:24:15"
"389cb699","LEemVewWMPAqsm3Vo3Am1z","LEARNER","2016-06-04 01:00:11"
"a138c602","LEemVewWMPAqsm3Vo3Am1z","LEARNER","2017-01-17 19:48:34"
"8b8522e3","LEemVewWMPAqsm3Vo3Am1z","LEARNER","2016-12-24 20:27:15"
"16deccd9","LEemVewWMPAqsm3Vo3Am1z","LEARNER","2017-05-13 04:24:05"
"75bbbb","LEemVewWMPAqsm3Vo3Am1z","LEARNER","2016-12-16 17:17:44"
"8c40e97f","LEemVewWMPAqsm3Vo3Am1z","NOT_ENROLLED","2017-09-27 03:29:59"
"7f9d848d","LEemVewWMPAqsm3Vo3Am1z","LEARNER","2016-03-31 04:18:01"
"2877d1fa","LEemVewWMPAqsm3Vo3Am1z","LEARNER","2016-10-09 14:18:41"
"2f633713","LEemVewWMPAqsm3Vo3Am1z","LEARNER","2016-02-29 13:26:53"
"ce061724","LEemVewWMPAqsm3Vo3Am1z","LEARNER","2016-01-04 21:50:21"
"a7b42682","LEemVewWMPAqsm3Vo3Am1z","BROWSER","2017-01-19 18:53:57"
"9f484917","LEemVewWMPAqsm3Vo3Am1z","LEARNER","2016-07-05 09:46:41"
"ab75ac7","LEemVewWMPAqsm3Vo3Am1z","PRE_ENROLLED_LEARNER","2016-10-31 21:06:46"
"53ca27c9","LEemVewWMPAqsm3Vo3Am1z","LEARNER","2017-07-09 18:20:45"
"2f74ddca","LEemVewWMPAqsm3Vo3Am1z","LEARNER","2016-11-28 12:07:26"
"ea38dfa9","LEemVewWMPAqsm3Vo3Am1z","LEARNER","2016-03-29 10:10:52"
"b1d1a1ff","LEemVewWMPAqsm3Vo3Am1z","LEARNER","2017-06-02 07:08:09"
"98e114c6","LEemVewWMPAqsm3Vo3Am1z","LEARNER","2016-03-18 08:52:04"
"56109987","LEemVewWMPAqsm3Vo3Am1z","LEARNER","2016-02-24 04:08:05"
"7fe75612","LEemVewWMPAqsm3Vo3Am1z","BROWSER","2016-05-21 10:22:16"
"36b6c849","LEemVewWMPAqsm3Vo3Am1z","BROWSER","2016-10-24 13:18:24"
"e7b4fd4b","LEemVewWMPAqsm3Vo3Am1z","LEARNER","2017-03-02 10:15:49"
"3a25e2d5","LEemVewWMPAqsm3Vo3Am1z","LEARNER","2017-09-18 22:40:53"
"de1e6088","LEemVewWMPAqsm3Vo3Am1z","LEARNER","2016-03-26 03:03:34"
"7413cc35","LEemVewWMPAqsm3Vo3Am1z","LEARNER","2016-04-08 21:38:35"
"5d424dde","LEemVewWMPAqsm3Vo3Am1z","LEARNER","2016-07-01 00:22:49"
"767bd968","LEemVewWMPAqsm3Vo3Am1z","LEARNER","2017-01-05 06:28:58"
"f7c4f4f3","LEemVewWMPAqsm3Vo3Am1z","LEARNER","2016-01-30 19:52:18"
"ed69a5e9","LEemVewWMPAqsm3Vo3Am1z","NOT_ENROLLED","2017-07-10 20:19:40"
"2d273bee","LEemVewWMPAqsm3Vo3Am1z","LEARNER","2016-11-17 17:10:58"
"c10ad611","LEemVewWMPAqsm3Vo3Am1z","LEARNER","2017-03-13 04:09:36"
"a8b044cc","LEemVewWMPAqsm3Vo3Am1z","LEARNER","2017-03-13 18:35:43"
"8c7f4d1d","LEemVewWMPAqsm3Vo3Am1z","NOT_ENROLLED","2017-06-01 22:44:10"
"47af2bf4","LEemVewWMPAqsm3Vo3Am1z","LEARNER","2016-12-14 01:35:24"
"ecd7e7bc","LEemVewWMPAqsm3Vo3Am1z","LEARNER","2016-04-17 18:35:44"
"21f5e259","LEemVewWMPAqsm3Vo3Am1z","LEARNER","2016-07-20 22:46:57"
"b08b1001","LEemVewWMPAqsm3Vo3Am1z","LEARNER","2016-02-28 14:44:16"
"bffc4fbd","LEemVewWMPAqsm3Vo3Am1z","BROWSER","2017-05-03 21:14:46"
"c290c51b","LEemVewWMPAqsm3Vo3Am1z","PRE_ENROLLED_LEARNER","2016-09-17 11:25:53"
"3508619c","LEemVewWMPAqsm3Vo3Am1z","LEARNER","2017-04-30 19:45:58"
"f052c25","LEemVewWMPAqsm3Vo3Am1z","LEARNER","2017-02-27 09:25:59"
"a059deed","LEemVewWMPAqsm3Vo3Am1z","LEARNER","2016-06-03 13:09:27"
"7799a2ef","LEemVewWMPAqsm3Vo3Am1z","PRE_ENROLLED_LEARNER","2017-07-06 03:32:00"
"6472603b","LEemVewWMPAqsm3Vo3Am1z","NOT_ENROLLED","2017-07-26 11:38:04"
"bff7105f","LEemVewWMPAqsm3Vo3Am1z","BROWSER","2016-07-29 04:11:28"
"bebfe85e","LEemVewWMPAqsm3Vo3Am1z","LEARNER","2016-02-14 17:24:06"
"a4c25878","LEemVewWMPAqsm3Vo3Am1z","LEARNER","2017-09-15 01:40:46"
"b15c48e","LEemVewWMPAqsm3Vo3Am1z","LEARNER","2017-03-09 09:50:09"
"17c83bb0","LEemVewWMPAqsm3Vo3Am1z","LEARNER","2016-02-17 00:52:08"
"4f1e89f2","LEemVewWMPAqsm3Vo3Am1z","LEARNER","2016-06-23 20:52:27"
"598adf1","LEemVewWMPAqsm3Vo3Am1z","LEARNER","2016-01-04 21:50:27"
"17636f1f","LEemVewWMPAqsm3Vo3Am1z","LEARNER","2017-03-08 05:34:18"
"38b12fc0","LEemVewWMPAqsm3Vo3Am1z","LEARNER","2015-12-26 04:19:57"
"e08b3d14","LEemVewWMPAqsm3Vo3Am1z","LEARNER","2016-01-04 21:48:28"
"bb03c8c4","LEemVewWMPAqsm3Vo3Am1z","LEARNER","2017-07-21 13:31:17"
"6daa114e","LEemVewWMPAqsm3Vo3Am1z","NOT_ENROLLED","2016-01-15 04:31:57"
"c6972195","LEemVewWMPAqsm3Vo3Am1z","LEARNER","2016-06-13 15:45:33"
"700bccf9","LEemVewWMPAqsm3Vo3Am1z","PRE_ENROLLED_LEARNER","2017-03-15 22:34:59"
"acac88e4","LEemVewWMPAqsm3Vo3Am1z","LEARNER","2016-10-02 15:41:39"
"76fce3da","LEemVewWMPAqsm3Vo3Am1z","NOT_ENROLLED","2016-09-06 11:07:36"
"be1f097e","LEemVewWMPAqsm3Vo3Am1z","LEARNER","2016-06-20 17:27:44"
"97171974","LEemVewWMPAqsm3Vo3Am1z","LEARNER","2017-02-27 07:05:12"
"48a93205","LEemVewWMPAqsm3Vo3Am1z","LEARNER","2016-01-19 15:33:42"
"a758d3b5","LEemVewWMPAqsm3Vo3Am1z","LEARNER","2016-11-21 23:25:20"
"13d89bd","LEemVewWMPAqsm3Vo3Am1z","LEARNER","2016-07-13 21:00:31"
"9876c76b","LEemVewWMPAqsm3Vo3Am1z","LEARNER","2016-01-04 12:10:10"
"56c58cc0","LEemVewWMPAqsm3Vo3Am1z","LEARNER","2016-08-15 19:50:05"
"d16bd95a","LEemVewWMPAqsm3Vo3Am1z","LEARNER","2016-03-16 17:35:31"
"cc67498d","LEemVewWMPAqsm3Vo3Am1z","LEARNER","2016-03-06 18:16:59"
"a2aabba4","LEemVewWMPAqsm3Vo3Am1z","LEARNER","2016-11-05 14:29:59"
"28346e61","LEemVewWMPAqsm3Vo3Am1z","LEARNER","2016-01-04 21:50:58"
"711543ea","LEemVewWMPAqsm3Vo3Am1z","LEARNER","2015-12-24 04:40:38"
"5d6b5c05","LEemVewWMPAqsm3Vo3Am1z","BROWSER","2017-02-05 18:39:13"
"b65cffb1","LEemVewWMPAqsm3Vo3Am1z","LEARNER","2016-04-26 11:28:27"
"c7816532","LEemVewWMPAqsm3Vo3Am1z","LEARNER","2016-01-06 19:09:50"
"4b3309f3","LEemVewWMPAqsm3Vo3Am1z","LEARNER","2017-07-25 07:42:02"
"f7208ae7","LEemVewWMPAqsm3Vo3Am1z","LEARNER","2016-10-03 21:15:20"
"56e1ad50","LEemVewWMPAqsm3Vo3Am1z","NOT_ENROLLED","2016-01-15 06:15:53"
"7cd3e4fc","LEemVewWMPAqsm3Vo3Am1z","LEARNER","2016-05-09 14:25:45"
"16abb758","LEemVewWMPAqsm3Vo3Am1z","LEARNER","2017-04-05 16:43:13"
"feecd3fb","LEemVewWMPAqsm3Vo3Am1z","LEARNER","2016-10-24 03:13:26"
"8ed8b301","LEemVewWMPAqsm3Vo3Am1z","LEARNER","2016-05-23 21:33:56"
"e043fd47","LEemVewWMPAqsm3Vo3Am1z","LEARNER","2017-01-24 09:57:04"
"39a99a77","LEemVewWMPAqsm3Vo3Am1z","LEARNER","2016-04-26 15:11:48"
"c5f8351d","LEemVewWMPAqsm3Vo3Am1z","NOT_ENROLLED","2016-01-15 21:02:02"
"8ba042a3","LEemVewWMPAqsm3Vo3Am1z","LEARNER","2017-08-20 12:14:10"
"a7026c9e","LEemVewWMPAqsm3Vo3Am1z","LEARNER","2016-08-31 07:12:50"
"61deba30","LEemVewWMPAqsm3Vo3Am1z","LEARNER","2016-02-08 16:02:13"
"f77c09df","LEemVewWMPAqsm3Vo3Am1z","LEARNER","2017-09-17 01:33:51"
"653187f9","LEemVewWMPAqsm3Vo3Am1z","LEARNER","2016-05-09 11:56:09"
"84ce978b","LEemVewWMPAqsm3Vo3Am1z","BROWSER","2016-03-16 18:16:35"
"c9f8ce4a","LEemVewWMPAqsm3Vo3Am1z","LEARNER","2016-01-04 21:48:04"
"847a3592","LEemVewWMPAqsm3Vo3Am1z","LEARNER","2016-06-12 19:37:19"
"bdbb6c9a","LEemVewWMPAqsm3Vo3Am1z","LEARNER","2017-01-04 01:46:24"
"2e0568bb","LEemVewWMPAqsm3Vo3Am1z","LEARNER","2016-05-15 11:19:19"
"beb3dc74","LEemVewWMPAqsm3Vo3Am1z","LEARNER","2017-04-26 00:33:12"
"bf0159e7","LEemVewWMPAqsm3Vo3Am1z","LEARNER","2017-08-16 07:43:27"
"e0acd5f","LEemVewWMPAqsm3Vo3Am1z","BROWSER","2016-01-28 11:55:01"
"3fb2635c","LEemVewWMPAqsm3Vo3Am1z","LEARNER","2016-11-24 04:27:49"
"1525a72a","LEemVewWMPAqsm3Vo3Am1z","LEARNER","2016-12-02 10:18:43"
"c1767ebe","LEemVewWMPAqsm3Vo3Am1z","LEARNER","2016-09-12 03:22:58"
"b85203c7","LEemVewWMPAqsm3Vo3Am1z","LEARNER","2017-05-22 09:21:03"
"29211da7","LEemVewWMPAqsm3Vo3Am1z","LEARNER","2017-02-21 15:11:22"
"2d8f3c97","LEemVewWMPAqsm3Vo3Am1z","LEARNER","2017-05-09 23:51:34"
"1f44a06","LEemVewWMPAqsm3Vo3Am1z","LEARNER","2017-01-14 00:08:59"
"dae94083","LEemVewWMPAqsm3Vo3Am1z","LEARNER","2016-01-05 02:21:18"
"97cc88f3","LEemVewWMPAqsm3Vo3Am1z","BROWSER","2017-06-25 01:23:57"
"c583b2dc","LEemVewWMPAqsm3Vo3Am1z","PRE_ENROLLED_LEARNER","2016-06-30 04:21:48"
"8c2ee678","LEemVewWMPAqsm3Vo3Am1z","LEARNER","2016-02-18 15:49:30"
"9981c366","LEemVewWMPAqsm3Vo3Am1z","LEARNER","2017-07-17 20:35:03"
"5aeedb09","LEemVewWMPAqsm3Vo3Am1z","LEARNER","2016-01-04 00:28:49"
"c45b53de","LEemVewWMPAqsm3Vo3Am1z","LEARNER","2016-01-04 21:50:22"
"a52c02e6","LEemVewWMPAqsm3Vo3Am1z","LEARNER","2017-09-18 09:33:42"
"33de94fb","LEemVewWMPAqsm3Vo3Am1z","LEARNER","2017-03-05 03:29:50"
"871aa12d","LEemVewWMPAqsm3Vo3Am1z","NOT_ENROLLED","2015-12-26 13:01:45"
"a5a2b8b3","LEemVewWMPAqsm3Vo3Am1z","LEARNER","2017-02-15 20:53:44"
"16f222e7","LEemVewWMPAqsm3Vo3Am1z","LEARNER","2016-08-24 19:26:35"
"3c44d087","LEemVewWMPAqsm3Vo3Am1z","LEARNER","2016-01-10 09:19:13"
"29fb5cd4","LEemVewWMPAqsm3Vo3Am1z","LEARNER","2016-12-04 17:31:27"
"ddaf1749","LEemVewWMPAqsm3Vo3Am1z","LEARNER","2016-02-01 15:36:38"
"f34f1527","LEemVewWMPAqsm3Vo3Am1z","LEARNER","2016-01-09 08:34:45"
"b2c12475","LEemVewWMPAqsm3Vo3Am1z","LEARNER","2017-04-07 09:59:35"
"284ec51f","LEemVewWMPAqsm3Vo3Am1z","PRE_ENROLLED_LEARNER","2017-09-30 22:13:44"
"b1a6b9fd","LEemVewWMPAqsm3Vo3Am1z","LEARNER","2017-02-15 12:34:36"
"2c017fb3","LEemVewWMPAqsm3Vo3Am1z","LEARNER","2016-02-06 15:48:17"
"a3096452","LEemVewWMPAqsm3Vo3Am1z","LEARNER","2016-01-07 07:19:20"
"84c01053","LEemVewWMPAqsm3Vo3Am1z","LEARNER","2016-06-07 02:39:13"
"8a997644","LEemVewWMPAqsm3Vo3Am1z","LEARNER","2016-02-10 23:58:44"
"d2f1c8d6","LEemVewWMPAqsm3Vo3Am1z","LEARNER","2016-01-04 21:48:12"
"f290727b","LEemVewWMPAqsm3Vo3Am1z","LEARNER","2016-01-10 12:39:54"
"913e8c2a","LEemVewWMPAqsm3Vo3Am1z","LEARNER","2016-02-14 16:51:52"
"43603e3d","LEemVewWMPAqsm3Vo3Am1z","LEARNER","2016-10-01 17:06:15"
"cbaf9c31","LEemVewWMPAqsm3Vo3Am1z","LEARNER","2016-01-04 21:48:08"
"9cf8bc9e","LEemVewWMPAqsm3Vo3Am1z","LEARNER","2016-05-22 22:26:36"
"20b72519","LEemVewWMPAqsm3Vo3Am1z","LEARNER","2016-10-04 18:23:31"
"4a7eea97","LEemVewWMPAqsm3Vo3Am1z","LEARNER","2016-01-08 07:56:42"
"88e92fe8","LEemVewWMPAqsm3Vo3Am1z","LEARNER","2017-01-09 10:59:09"
"3fb783ba","LEemVewWMPAqsm3Vo3Am1z","LEARNER","2017-05-10 04:20:07"
"4176fcfa","LEemVewWMPAqsm3Vo3Am1z","LEARNER","2017-01-07 09:16:15"
"de3a3f64","LEemVewWMPAqsm3Vo3Am1z","LEARNER","2016-11-27 07:47:24"
"67297f31","LEemVewWMPAqsm3Vo3Am1z","LEARNER","2016-06-27 14:40:26"
"db77de27","LEemVewWMPAqsm3Vo3Am1z","LEARNER","2016-04-09 20:03:28"
"3ab42998","LEemVewWMPAqsm3Vo3Am1z","LEARNER","2016-11-24 18:15:19"
"6f51ca9","LEemVewWMPAqsm3Vo3Am1z","LEARNER","2016-01-02 21:41:50"
"14a86203","LEemVewWMPAqsm3Vo3Am1z","LEARNER","2017-03-28 04:54:47"
"cfe41a02","LEemVewWMPAqsm3Vo3Am1z","LEARNER","2017-06-13 09:04:51"
"f28dd2b","LEemVewWMPAqsm3Vo3Am1z","LEARNER","2016-03-29 13:50:15"
"ad41b4cb","LEemVewWMPAqsm3Vo3Am1z","LEARNER","2016-01-15 15:24:49"
"f485a52e","LEemVewWMPAqsm3Vo3Am1z","NOT_ENROLLED","2017-09-05 01:06:57"
"7f4f13c4","LEemVewWMPAqsm3Vo3Am1z","LEARNER","2016-07-16 17:10:55"
"50bb55e4","LEemVewWMPAqsm3Vo3Am1z","LEARNER","2017-06-20 08:03:18"
"494943b3","LEemVewWMPAqsm3Vo3Am1z","LEARNER","2016-02-10 23:43:11"
"1111afc7","LEemVewWMPAqsm3Vo3Am1z","LEARNER","2016-01-20 06:06:23"
"f99981e5","LEemVewWMPAqsm3Vo3Am1z","NOT_ENROLLED","2015-12-19 18:03:07"
"f621b1e6","LEemVewWMPAqsm3Vo3Am1z","NOT_ENROLLED","2016-06-05 08:18:39"
"56e6bcab","LEemVewWMPAqsm3Vo3Am1z","LEARNER","2016-08-04 18:26:28"
"ab811184","LEemVewWMPAqsm3Vo3Am1z","LEARNER","2017-10-02 23:15:09"
"347a5bf3","LEemVewWMPAqsm3Vo3Am1z","LEARNER","2016-06-24 18:49:59"
"eb46e339","LEemVewWMPAqsm3Vo3Am1z","LEARNER","2016-08-19 12:32:07"
"156576b7","LEemVewWMPAqsm3Vo3Am1z","LEARNER","2016-01-07 02:57:13"
"15b125db","LEemVewWMPAqsm3Vo3Am1z","PRE_ENROLLED_LEARNER","2016-10-17 12:06:43"
"9ab1a62b","LEemVewWMPAqsm3Vo3Am1z","LEARNER","2017-06-12 16:33:05"
"b5394709","LEemVewWMPAqsm3Vo3Am1z","LEARNER","2016-04-06 23:37:49"
"f9e9f0cf","LEemVewWMPAqsm3Vo3Am1z","LEARNER","2017-06-09 06:43:31"
"1d6725ee","LEemVewWMPAqsm3Vo3Am1z","LEARNER","2016-02-13 01:26:13"
"9ab76582","LEemVewWMPAqsm3Vo3Am1z","LEARNER","2016-04-13 23:08:02"
"7d441ae4","LEemVewWMPAqsm3Vo3Am1z","LEARNER","2015-12-23 22:07:40"
"cab62c35","LEemVewWMPAqsm3Vo3Am1z","BROWSER","2016-03-17 05:38:14"
"9b7f47e0","LEemVewWMPAqsm3Vo3Am1z","LEARNER","2016-05-20 16:09:23"
"1d392138","LEemVewWMPAqsm3Vo3Am1z","LEARNER","2016-11-04 08:04:48"
"e0878cde","LEemVewWMPAqsm3Vo3Am1z","LEARNER","2016-08-15 16:46:44"
"775bfa62","LEemVewWMPAqsm3Vo3Am1z","NOT_ENROLLED","2016-03-09 19:10:13"
"87c00d40","LEemVewWMPAqsm3Vo3Am1z","PRE_ENROLLED_LEARNER","2016-02-11 06:43:06"
"468d8195","LEemVewWMPAqsm3Vo3Am1z","NOT_ENROLLED","2016-01-18 01:06:07"
"27c745b4","LEemVewWMPAqsm3Vo3Am1z","LEARNER","2017-09-20 02:50:32"
"b68b52fc","LEemVewWMPAqsm3Vo3Am1z","LEARNER","2016-07-05 21:42:41"
"c82514f3","LEemVewWMPAqsm3Vo3Am1z","LEARNER","2016-06-04 00:49:59"
"185a7dd6","LEemVewWMPAqsm3Vo3Am1z","LEARNER","2016-07-29 05:27:12"
"cc822a4d","LEemVewWMPAqsm3Vo3Am1z","LEARNER","2017-05-10 01:27:42"
"47ac9354","LEemVewWMPAqsm3Vo3Am1z","LEARNER","2016-01-11 15:47:35"
"accfc904","LEemVewWMPAqsm3Vo3Am1z","LEARNER","2016-04-30 14:24:14"
"fc880dde","LEemVewWMPAqsm3Vo3Am1z","LEARNER","2016-07-18 06:40:27"
"78bf632d","LEemVewWMPAqsm3Vo3Am1z","LEARNER","2016-06-13 02:00:05"
"7d36ec45","LEemVewWMPAqsm3Vo3Am1z","LEARNER","2016-06-06 20:59:44"
"f398ae99","LEemVewWMPAqsm3Vo3Am1z","LEARNER","2017-05-05 01:30:37"
"74b881df","LEemVewWMPAqsm3Vo3Am1z","LEARNER","2016-01-04 21:51:01"
"5a8eb8f6","LEemVewWMPAqsm3Vo3Am1z","LEARNER","2016-01-08 14:08:06"
"fdefaea8","LEemVewWMPAqsm3Vo3Am1z","LEARNER","2016-07-15 07:57:04"
"6f65f766","LEemVewWMPAqsm3Vo3Am1z","LEARNER","2016-11-13 09:24:06"
"5255e44f","LEemVewWMPAqsm3Vo3Am1z","LEARNER","2016-08-06 10:03:41"
"9483d106","LEemVewWMPAqsm3Vo3Am1z","LEARNER","2016-05-23 06:26:10"
"d9210cd7","LEemVewWMPAqsm3Vo3Am1z","PRE_ENROLLED_LEARNER","2017-01-29 16:53:43"
"e8faf02a","LEemVewWMPAqsm3Vo3Am1z","LEARNER","2017-09-30 06:20:33"
"272ea45c","LEemVewWMPAqsm3Vo3Am1z","LEARNER","2016-03-05 19:46:55"
"25a3791b","LEemVewWMPAqsm3Vo3Am1z","NOT_ENROLLED","2016-06-03 15:58:08"
"e214d6d0","LEemVewWMPAqsm3Vo3Am1z","LEARNER","2016-03-28 04:42:32"
"affd96c0","LEemVewWMPAqsm3Vo3Am1z","LEARNER","2016-03-31 19:03:26"
"2cf7c88f","LEemVewWMPAqsm3Vo3Am1z","LEARNER","2016-11-01 03:44:37"
"e2bb3371","LEemVewWMPAqsm3Vo3Am1z","LEARNER","2017-05-04 19:08:13"
"cf61e03f","LEemVewWMPAqsm3Vo3Am1z","LEARNER","2016-02-01 17:32:23"
"38c39c5e","LEemVewWMPAqsm3Vo3Am1z","LEARNER","2016-03-10 15:42:24"
"4aec489c","LEemVewWMPAqsm3Vo3Am1z","LEARNER","2016-03-16 04:51:48"
"6cf62ba5","LEemVewWMPAqsm3Vo3Am1z","LEARNER","2017-04-10 01:15:13"
"5c3bdd2b","LEemVewWMPAqsm3Vo3Am1z","LEARNER","2016-02-07 18:48:23"
"183d7653","LEemVewWMPAqsm3Vo3Am1z","LEARNER","2016-09-05 01:55:19"
"90af7d1","LEemVewWMPAqsm3Vo3Am1z","LEARNER","2017-04-29 10:53:33"
"375ad4a","LEemVewWMPAqsm3Vo3Am1z","LEARNER","2016-01-15 21:17:30"
"fcbaa332","LEemVewWMPAqsm3Vo3Am1z","LEARNER","2016-05-26 11:13:00"
"b1bd19ea","LEemVewWMPAqsm3Vo3Am1z","LEARNER","2016-04-11 14:31:31"
"c2edddb0","LEemVewWMPAqsm3Vo3Am1z","LEARNER","2017-08-29 18:23:09"
"e50c2dda","LEemVewWMPAqsm3Vo3Am1z","LEARNER","2016-07-18 06:48:31"
"320a6959","LEemVewWMPAqsm3Vo3Am1z","NOT_ENROLLED","2016-01-04 21:48:39"
"9f7f46f9","LEemVewWMPAqsm3Vo3Am1z","BROWSER","2016-10-06 09:48:06"
"f2dbc722","LEemVewWMPAqsm3Vo3Am1z","LEARNER","2016-02-10 23:27:49"
"3a6af9","LEemVewWMPAqsm3Vo3Am1z","LEARNER","2017-09-24 17:24:26"
"af0374de","LEemVewWMPAqsm3Vo3Am1z","LEARNER","2016-06-12 02:33:36"
"b7d5d746","LEemVewWMPAqsm3Vo3Am1z","LEARNER","2017-07-21 05:27:02"
"566e070","LEemVewWMPAqsm3Vo3Am1z","NOT_ENROLLED","2016-02-10 22:48:59"
"638e74e7","LEemVewWMPAqsm3Vo3Am1z","LEARNER","2017-07-10 17:38:53"
"efa32fee","LEemVewWMPAqsm3Vo3Am1z","NOT_ENROLLED","2016-04-01 17:01:29"
"6300d96a","LEemVewWMPAqsm3Vo3Am1z","LEARNER","2016-07-30 23:35:11"
"54f3d2d0","LEemVewWMPAqsm3Vo3Am1z","LEARNER","2016-09-29 16:15:09"
"77ad20df","LEemVewWMPAqsm3Vo3Am1z","LEARNER","2016-03-20 18:38:51"
"c3af4fbf","LEemVewWMPAqsm3Vo3Am1z","PRE_ENROLLED_LEARNER","2017-05-07 11:05:07"
"d1bf81a1","LEemVewWMPAqsm3Vo3Am1z","LEARNER","2016-08-03 13:44:07"
"cf8b04ed","LEemVewWMPAqsm3Vo3Am1z","LEARNER","2016-02-02 05:16:44"
"fbf03181","LEemVewWMPAqsm3Vo3Am1z","PRE_ENROLLED_LEARNER","2016-01-11 04:48:24"
"16291726","LEemVewWMPAqsm3Vo3Am1z","NOT_ENROLLED","2016-01-15 02:19:28"
"7626e8c7","LEemVewWMPAqsm3Vo3Am1z","BROWSER","2017-02-21 04:25:21"
"c4e61577","LEemVewWMPAqsm3Vo3Am1z","LEARNER","2016-07-11 23:54:01"
"827d2c9a","LEemVewWMPAqsm3Vo3Am1z","LEARNER","2017-01-10 14:26:20"
"2e6f380b","LEemVewWMPAqsm3Vo3Am1z","LEARNER","2017-09-18 13:57:29"
"e7dfbd7d","LEemVewWMPAqsm3Vo3Am1z","LEARNER","2016-06-28 19:22:53"
"9bc333ab","LEemVewWMPAqsm3Vo3Am1z","LEARNER","2016-01-06 22:09:03"
"ac0c3813","LEemVewWMPAqsm3Vo3Am1z","LEARNER","2016-10-24 10:19:30"
"cf2fe58","LEemVewWMPAqsm3Vo3Am1z","LEARNER","2017-04-28 02:43:31"
"b416ae35","LEemVewWMPAqsm3Vo3Am1z","BROWSER","2016-03-28 00:41:55"
"cba70b3d","LEemVewWMPAqsm3Vo3Am1z","LEARNER","2016-03-28 15:48:37"
"df873aba","LEemVewWMPAqsm3Vo3Am1z","LEARNER","2016-11-25 09:48:16"
"66fa552c","LEemVewWMPAqsm3Vo3Am1z","LEARNER","2017-07-11 08:06:42"
"b6e4c6b8","LEemVewWMPAqsm3Vo3Am1z","LEARNER","2017-01-16 02:07:39"
"4c6d3b44","LEemVewWMPAqsm3Vo3Am1z","NOT_ENROLLED","2016-04-19 21:19:55"
"e88213a2","LEemVewWMPAqsm3Vo3Am1z","LEARNER","2016-10-12 21:20:30"
"914a8a64","LEemVewWMPAqsm3Vo3Am1z","NOT_ENROLLED","2016-05-23 03:50:54"
"8c757e08","LEemVewWMPAqsm3Vo3Am1z","LEARNER","2016-12-10 20:47:29"
"59129f3f","LEemVewWMPAqsm3Vo3Am1z","LEARNER","2016-01-21 12:59:35"
"be5e56fc","LEemVewWMPAqsm3Vo3Am1z","LEARNER","2017-03-12 18:17:15"
"9f9eae4a","LEemVewWMPAqsm3Vo3Am1z","LEARNER","2016-05-11 15:56:01"
"2c6691b8","LEemVewWMPAqsm3Vo3Am1z","LEARNER","2016-01-04 21:50:19"
"508fb535","LEemVewWMPAqsm3Vo3Am1z","PRE_ENROLLED_LEARNER","2016-01-24 19:25:27"
"231cf07c","LEemVewWMPAqsm3Vo3Am1z","LEARNER","2016-10-05 19:14:21"
"f110ce3d","LEemVewWMPAqsm3Vo3Am1z","LEARNER","2016-02-21 23:59:27"
"d8a9a403","LEemVewWMPAqsm3Vo3Am1z","NOT_ENROLLED","2016-01-07 02:00:18"
"ad777839","LEemVewWMPAqsm3Vo3Am1z","BROWSER","2017-08-29 00:06:31"
"b830163a","LEemVewWMPAqsm3Vo3Am1z","NOT_ENROLLED","2016-11-14 22:01:21"
"8c6ae716","LEemVewWMPAqsm3Vo3Am1z","LEARNER","2016-11-15 00:52:11"
"c54dcf98","LEemVewWMPAqsm3Vo3Am1z","NOT_ENROLLED","2016-12-02 05:06:51"
"5854966a","LEemVewWMPAqsm3Vo3Am1z","PRE_ENROLLED_LEARNER","2017-04-07 10:11:10"
"944c7802","LEemVewWMPAqsm3Vo3Am1z","LEARNER","2016-08-04 15:13:02"
"68b68f03","LEemVewWMPAqsm3Vo3Am1z","LEARNER","2016-07-25 11:12:42"
"f38c44ad","LEemVewWMPAqsm3Vo3Am1z","LEARNER","2016-01-04 21:49:04"
"b7ecf292","LEemVewWMPAqsm3Vo3Am1z","BROWSER","2016-06-23 21:56:39"
"e902144","LEemVewWMPAqsm3Vo3Am1z","LEARNER","2016-01-18 07:14:26"
"177d5a24","LEemVewWMPAqsm3Vo3Am1z","LEARNER","2016-01-09 09:35:29"
"c6259ad5","LEemVewWMPAqsm3Vo3Am1z","LEARNER","2016-02-05 22:30:09"
"83da7538","LEemVewWMPAqsm3Vo3Am1z","LEARNER","2016-01-23 03:22:47"
"67cd5d9e","LEemVewWMPAqsm3Vo3Am1z","BROWSER","2015-12-27 18:30:32"
"2b2e4833","LEemVewWMPAqsm3Vo3Am1z","LEARNER","2016-02-10 22:54:46"
"2e95308e","LEemVewWMPAqsm3Vo3Am1z","LEARNER","2016-01-09 05:16:59"
"522a707c","LEemVewWMPAqsm3Vo3Am1z","LEARNER","2017-07-31 13:29:38"
"ad483d95","LEemVewWMPAqsm3Vo3Am1z","LEARNER","2016-07-01 07:13:59"
"74f1a48e","LEemVewWMPAqsm3Vo3Am1z","LEARNER","2016-02-15 12:47:08"
"7d151385","LEemVewWMPAqsm3Vo3Am1z","LEARNER","2017-05-13 15:32:53"
"69a806c6","LEemVewWMPAqsm3Vo3Am1z","LEARNER","2017-04-18 01:28:17"
"f6821195","LEemVewWMPAqsm3Vo3Am1z","LEARNER","2016-03-24 04:22:44"
"2262c3d0","LEemVewWMPAqsm3Vo3Am1z","LEARNER","2016-01-13 21:04:09"
"f0293ef2","LEemVewWMPAqsm3Vo3Am1z","LEARNER","2016-10-18 10:56:52"
"84ee3400","LEemVewWMPAqsm3Vo3Am1z","LEARNER","2017-07-09 00:22:52"
"6e576d6c","LEemVewWMPAqsm3Vo3Am1z","LEARNER","2017-05-29 15:51:43"
"ee6a535e","LEemVewWMPAqsm3Vo3Am1z","LEARNER","2016-01-04 21:48:10"
"627ef0cc","LEemVewWMPAqsm3Vo3Am1z","LEARNER","2016-08-09 03:57:12"
"bfbcbd77","LEemVewWMPAqsm3Vo3Am1z","LEARNER","2016-08-17 07:42:47"
"3fdf5320","LEemVewWMPAqsm3Vo3Am1z","LEARNER","2017-04-13 21:32:10"
"e69879c","LEemVewWMPAqsm3Vo3Am1z","LEARNER","2016-01-25 09:09:25"
"d477eb7a","LEemVewWMPAqsm3Vo3Am1z","LEARNER","2017-08-04 23:08:17"
"ed5a583b","LEemVewWMPAqsm3Vo3Am1z","LEARNER","2017-04-18 08:00:57"
"9aad4eab","LEemVewWMPAqsm3Vo3Am1z","LEARNER","2016-02-23 09:41:09"
"599452af","LEemVewWMPAqsm3Vo3Am1z","LEARNER","2017-09-16 01:26:18"
"7f5948a","LEemVewWMPAqsm3Vo3Am1z","LEARNER","2016-08-07 00:02:11"
"e650b04c","LEemVewWMPAqsm3Vo3Am1z","LEARNER","2017-07-27 13:45:40"
"32a79be3","LEemVewWMPAqsm3Vo3Am1z","LEARNER","2016-10-04 18:10:48"
"af57ad58","LEemVewWMPAqsm3Vo3Am1z","LEARNER","2016-10-10 08:52:41"
"bf3fec86","LEemVewWMPAqsm3Vo3Am1z","LEARNER","2016-06-23 14:42:37"
"1dfb96a1","LEemVewWMPAqsm3Vo3Am1z","LEARNER","2016-03-29 20:36:59"
"1a59f20f","LEemVewWMPAqsm3Vo3Am1z","LEARNER","2017-02-14 15:16:06"
"8fbf946c","LEemVewWMPAqsm3Vo3Am1z","NOT_ENROLLED","2016-07-31 17:04:10"
"7a09eb96","LEemVewWMPAqsm3Vo3Am1z","LEARNER","2017-03-24 16:11:50"
"58c99322","LEemVewWMPAqsm3Vo3Am1z","BROWSER","2016-07-01 17:41:00"
"c2e5e7bb","LEemVewWMPAqsm3Vo3Am1z","LEARNER","2016-08-17 17:58:23"
"4e528674","LEemVewWMPAqsm3Vo3Am1z","LEARNER","2017-08-11 19:06:05"
"e380b0d5","LEemVewWMPAqsm3Vo3Am1z","LEARNER","2016-05-02 17:28:27"
"8a5ff677","LEemVewWMPAqsm3Vo3Am1z","LEARNER","2016-07-17 01:57:00"
"536a82ec","LEemVewWMPAqsm3Vo3Am1z","PRE_ENROLLED_LEARNER","2016-08-14 21:47:56"
"1232de84","LEemVewWMPAqsm3Vo3Am1z","LEARNER","2016-07-16 07:23:35"
"a3c337d7","LEemVewWMPAqsm3Vo3Am1z","LEARNER","2016-08-22 03:37:51"
"c8b91f7e","LEemVewWMPAqsm3Vo3Am1z","LEARNER","2017-09-05 12:40:07"
"51eb1a35","LEemVewWMPAqsm3Vo3Am1z","PRE_ENROLLED_LEARNER","2016-02-10 23:31:41"
"500941a3","LEemVewWMPAqsm3Vo3Am1z","LEARNER","2016-11-25 02:08:53"
"747d127f","LEemVewWMPAqsm3Vo3Am1z","LEARNER","2016-03-23 20:06:23"
"dc2e2904","LEemVewWMPAqsm3Vo3Am1z","LEARNER","2015-12-25 08:35:23"
"5e201b94","LEemVewWMPAqsm3Vo3Am1z","LEARNER","2016-09-30 20:11:00"
"7d63ced5","LEemVewWMPAqsm3Vo3Am1z","LEARNER","2016-08-15 02:10:00"
"a0a47db6","LEemVewWMPAqsm3Vo3Am1z","BROWSER","2016-04-18 05:08:10"
"5fc05582","LEemVewWMPAqsm3Vo3Am1z","NOT_ENROLLED","2016-03-03 03:34:41"
"9d1cb3a3","LEemVewWMPAqsm3Vo3Am1z","LEARNER","2017-01-18 15:57:38"
"9f07dabd","LEemVewWMPAqsm3Vo3Am1z","LEARNER","2016-03-14 22:15:43"
"cae37d95","LEemVewWMPAqsm3Vo3Am1z","LEARNER","2016-12-03 13:40:21"
"ec2f54e6","LEemVewWMPAqsm3Vo3Am1z","LEARNER","2016-06-29 09:37:41"
"51f942b1","LEemVewWMPAqsm3Vo3Am1z","LEARNER","2016-06-27 02:37:34"
"f92138ea","LEemVewWMPAqsm3Vo3Am1z","LEARNER","2016-03-24 10:20:30"
"f98801e3","LEemVewWMPAqsm3Vo3Am1z","LEARNER","2016-05-22 18:17:29"
"82212c4a","LEemVewWMPAqsm3Vo3Am1z","LEARNER","2016-04-15 00:11:50"
"8be52edd","LEemVewWMPAqsm3Vo3Am1z","LEARNER","2016-11-10 17:46:21"
"df1d180f","LEemVewWMPAqsm3Vo3Am1z","LEARNER","2017-09-25 01:16:42"
"c6112c9","LEemVewWMPAqsm3Vo3Am1z","LEARNER","2016-02-11 00:07:03"
"61299539","LEemVewWMPAqsm3Vo3Am1z","LEARNER","2016-01-04 02:07:31"
"ee7f008c","LEemVewWMPAqsm3Vo3Am1z","LEARNER","2016-01-04 14:19:32"
"34fe6b47","LEemVewWMPAqsm3Vo3Am1z","LEARNER","2016-01-08 14:29:04"
"24ca5611","LEemVewWMPAqsm3Vo3Am1z","LEARNER","2016-06-03 06:37:49"
"623e7605","LEemVewWMPAqsm3Vo3Am1z","LEARNER","2017-06-08 15:51:24"
"b5ea42bc","LEemVewWMPAqsm3Vo3Am1z","LEARNER","2017-02-17 09:09:32"
"9544836e","LEemVewWMPAqsm3Vo3Am1z","LEARNER","2016-02-11 00:06:37"
"6ea213db","LEemVewWMPAqsm3Vo3Am1z","PRE_ENROLLED_LEARNER","2016-01-18 21:14:45"
"4c884a4b","LEemVewWMPAqsm3Vo3Am1z","LEARNER","2016-04-19 14:30:21"
"280a72fd","LEemVewWMPAqsm3Vo3Am1z","LEARNER","2016-12-20 00:51:34"
"b4cc9725","LEemVewWMPAqsm3Vo3Am1z","LEARNER","2017-08-27 00:46:30"
"53d63e5","LEemVewWMPAqsm3Vo3Am1z","LEARNER","2017-09-24 20:36:49"
"1a3e9d99","LEemVewWMPAqsm3Vo3Am1z","PRE_ENROLLED_LEARNER","2017-08-08 15:20:18"
"13d33336","LEemVewWMPAqsm3Vo3Am1z","LEARNER","2016-02-11 00:06:36"
"f34873f5","LEemVewWMPAqsm3Vo3Am1z","LEARNER","2016-11-02 22:03:35"
"914e1938","LEemVewWMPAqsm3Vo3Am1z","LEARNER","2017-01-08 00:28:45"
"abcba885","LEemVewWMPAqsm3Vo3Am1z","LEARNER","2016-03-15 18:34:29"
"92e31a35","LEemVewWMPAqsm3Vo3Am1z","LEARNER","2015-12-30 13:31:25"
"8750e197","LEemVewWMPAqsm3Vo3Am1z","LEARNER","2016-01-31 21:33:34"
"c2721e72","LEemVewWMPAqsm3Vo3Am1z","LEARNER","2016-01-04 21:48:38"
"c79beeb6","LEemVewWMPAqsm3Vo3Am1z","LEARNER","2016-03-30 15:40:25"
"6412da30","LEemVewWMPAqsm3Vo3Am1z","LEARNER","2016-11-21 21:59:30"
"4e462e4d","LEemVewWMPAqsm3Vo3Am1z","LEARNER","2016-09-01 08:09:41"
"6f5b4ef3","LEemVewWMPAqsm3Vo3Am1z","LEARNER","2015-12-23 09:05:49"
"bb3a1249","LEemVewWMPAqsm3Vo3Am1z","PRE_ENROLLED_LEARNER","2016-07-19 06:02:05"
"b9f286d0","LEemVewWMPAqsm3Vo3Am1z","LEARNER","2017-08-24 17:40:45"
"f763263a","LEemVewWMPAqsm3Vo3Am1z","BROWSER","2016-01-05 17:37:26"
"c1609cb2","LEemVewWMPAqsm3Vo3Am1z","LEARNER","2017-09-02 03:11:16"
"12edfe1d","LEemVewWMPAqsm3Vo3Am1z","LEARNER","2016-05-14 21:49:26"
"3f697f58","LEemVewWMPAqsm3Vo3Am1z","LEARNER","2016-02-10 23:35:01"
"977e06da","LEemVewWMPAqsm3Vo3Am1z","LEARNER","2016-04-14 04:20:58"
"d9ca6a4f","LEemVewWMPAqsm3Vo3Am1z","LEARNER","2016-06-22 10:48:59"
"3f675e19","LEemVewWMPAqsm3Vo3Am1z","LEARNER","2016-03-31 18:03:53"
"1e3e6708","LEemVewWMPAqsm3Vo3Am1z","LEARNER","2016-02-11 10:40:14"
"2eb647d2","LEemVewWMPAqsm3Vo3Am1z","LEARNER","2016-03-07 11:49:46"
"ee4a2b8e","LEemVewWMPAqsm3Vo3Am1z","LEARNER","2017-01-17 01:05:57"
"d41aeab4","LEemVewWMPAqsm3Vo3Am1z","LEARNER","2017-06-05 10:38:50"
"c1347894","LEemVewWMPAqsm3Vo3Am1z","LEARNER","2016-02-17 02:11:11"
"363481ba","LEemVewWMPAqsm3Vo3Am1z","LEARNER","2017-03-03 12:37:40"
"635dd7c2","LEemVewWMPAqsm3Vo3Am1z","LEARNER","2016-08-29 15:29:29"
"13dbacc7","LEemVewWMPAqsm3Vo3Am1z","LEARNER","2016-05-27 19:56:57"
"4bf45e4b","LEemVewWMPAqsm3Vo3Am1z","LEARNER","2017-09-26 21:12:04"
"f2303996","LEemVewWMPAqsm3Vo3Am1z","LEARNER","2016-04-20 22:38:03"
"a22fb672","LEemVewWMPAqsm3Vo3Am1z","LEARNER","2016-06-14 12:01:07"
"5965e122","LEemVewWMPAqsm3Vo3Am1z","LEARNER","2017-02-13 16:11:31"
"e54626bd","LEemVewWMPAqsm3Vo3Am1z","LEARNER","2016-03-02 15:09:42"
"267a7086","LEemVewWMPAqsm3Vo3Am1z","BROWSER","2016-01-05 09:47:04"
"a2b315dd","LEemVewWMPAqsm3Vo3Am1z","LEARNER","2016-12-28 13:07:23"
"b1c14eea","LEemVewWMPAqsm3Vo3Am1z","LEARNER","2017-07-08 05:23:46"
"544326e9","LEemVewWMPAqsm3Vo3Am1z","LEARNER","2016-10-03 16:04:38"
"a976dcce","LEemVewWMPAqsm3Vo3Am1z","LEARNER","2016-06-16 09:18:32"
"fb09406e","LEemVewWMPAqsm3Vo3Am1z","NOT_ENROLLED","2017-02-08 21:07:34"
"c10b5c5f","LEemVewWMPAqsm3Vo3Am1z","LEARNER","2016-09-05 15:05:30"
"9d2f306e","LEemVewWMPAqsm3Vo3Am1z","LEARNER","2016-04-28 07:29:01"
"bc32dc25","LEemVewWMPAqsm3Vo3Am1z","LEARNER","2017-03-16 01:30:53"
"887680c0","LEemVewWMPAqsm3Vo3Am1z","LEARNER","2016-06-06 03:05:20"
"7042622d","LEemVewWMPAqsm3Vo3Am1z","LEARNER","2016-06-05 00:36:41"
"77ec14fd","LEemVewWMPAqsm3Vo3Am1z","LEARNER","2017-05-17 01:04:55"
"f0951f8b","LEemVewWMPAqsm3Vo3Am1z","LEARNER","2017-08-24 13:08:46"
"22d5d6a4","LEemVewWMPAqsm3Vo3Am1z","LEARNER","2016-02-04 08:27:32"
"49b23147","LEemVewWMPAqsm3Vo3Am1z","LEARNER","2016-10-03 21:13:19"
"84278174","LEemVewWMPAqsm3Vo3Am1z","LEARNER","2017-01-26 15:59:01"
"1f94e806","LEemVewWMPAqsm3Vo3Am1z","LEARNER","2016-07-21 21:43:58"
"fc0eb38d","LEemVewWMPAqsm3Vo3Am1z","NOT_ENROLLED","2016-01-04 21:48:15"
"b33eea47","LEemVewWMPAqsm3Vo3Am1z","LEARNER","2016-08-31 18:35:57"
"291569f6","LEemVewWMPAqsm3Vo3Am1z","LEARNER","2016-01-27 16:59:27"
"b6e8cbdb","LEemVewWMPAqsm3Vo3Am1z","LEARNER","2016-02-10 23:40:53"
"fdc860bf","LEemVewWMPAqsm3Vo3Am1z","LEARNER","2016-04-25 20:42:12"
"7142217b","LEemVewWMPAqsm3Vo3Am1z","BROWSER","2016-04-29 14:15:26"
"4cbbbe17","LEemVewWMPAqsm3Vo3Am1z","LEARNER","2017-06-29 02:13:24"
"eafac18b","LEemVewWMPAqsm3Vo3Am1z","LEARNER","2017-08-20 22:49:08"
"dad7e529","LEemVewWMPAqsm3Vo3Am1z","BROWSER","2016-04-02 18:17:18"
"dae79d7b","LEemVewWMPAqsm3Vo3Am1z","LEARNER","2017-06-12 19:23:32"
"5014f58f","LEemVewWMPAqsm3Vo3Am1z","LEARNER","2016-07-02 11:42:19"
"80e6c790","LEemVewWMPAqsm3Vo3Am1z","BROWSER","2017-02-13 03:12:26"
"2b24af21","LEemVewWMPAqsm3Vo3Am1z","LEARNER","2015-12-25 15:49:02"
"f3fbe336","LEemVewWMPAqsm3Vo3Am1z","LEARNER","2016-02-26 12:27:02"
"77d56378","LEemVewWMPAqsm3Vo3Am1z","LEARNER","2017-03-28 13:41:03"
"3439e44e","LEemVewWMPAqsm3Vo3Am1z","LEARNER","2016-03-08 22:08:28"
"dc25da0e","LEemVewWMPAqsm3Vo3Am1z","LEARNER","2016-09-21 07:01:03"
"e921665b","LEemVewWMPAqsm3Vo3Am1z","LEARNER","2016-02-02 16:16:21"
"6a6f34eb","LEemVewWMPAqsm3Vo3Am1z","PRE_ENROLLED_LEARNER","2016-04-15 21:21:02"
"984f1f62","LEemVewWMPAqsm3Vo3Am1z","LEARNER","2016-05-15 11:54:48"
"2bb47452","LEemVewWMPAqsm3Vo3Am1z","LEARNER","2017-09-30 09:21:26"
"74bb4b1d","LEemVewWMPAqsm3Vo3Am1z","LEARNER","2016-01-29 00:29:42"
"4ea3e83d","LEemVewWMPAqsm3Vo3Am1z","LEARNER","2016-01-06 02:19:42"
"e8bb500e","LEemVewWMPAqsm3Vo3Am1z","LEARNER","2017-09-13 13:52:26"
"a9097d41","LEemVewWMPAqsm3Vo3Am1z","LEARNER","2016-01-04 21:50:19"
"47ab7790","LEemVewWMPAqsm3Vo3Am1z","LEARNER","2017-02-20 10:32:37"
"cc599658","LEemVewWMPAqsm3Vo3Am1z","LEARNER","2017-08-26 16:14:56"
"db686b1d","LEemVewWMPAqsm3Vo3Am1z","LEARNER","2016-02-10 23:50:12"
"4275612e","LEemVewWMPAqsm3Vo3Am1z","LEARNER","2017-04-09 17:36:45"
"1ef5180d","LEemVewWMPAqsm3Vo3Am1z","LEARNER","2016-01-02 18:49:00"
"6750c486","LEemVewWMPAqsm3Vo3Am1z","LEARNER","2017-07-04 19:00:53"
"dbec9531","LEemVewWMPAqsm3Vo3Am1z","LEARNER","2016-09-05 13:25:53"
"bf3e60db","LEemVewWMPAqsm3Vo3Am1z","LEARNER","2016-02-05 17:01:03"
"89b12b7f","LEemVewWMPAqsm3Vo3Am1z","LEARNER","2016-09-26 21:19:17"
"195ef4df","LEemVewWMPAqsm3Vo3Am1z","LEARNER","2016-03-09 11:46:28"
"c582f49f","LEemVewWMPAqsm3Vo3Am1z","LEARNER","2017-01-30 07:30:19"
"5aab567f","LEemVewWMPAqsm3Vo3Am1z","LEARNER","2017-06-12 07:17:14"
"4633076a","LEemVewWMPAqsm3Vo3Am1z","BROWSER","2017-07-22 19:29:00"
"9e26cea0","LEemVewWMPAqsm3Vo3Am1z","LEARNER","2016-05-04 18:13:45"
"1c214","LEemVewWMPAqsm3Vo3Am1z","LEARNER","2016-11-10 13:26:51"
"d6b63489","LEemVewWMPAqsm3Vo3Am1z","NOT_ENROLLED","2016-05-30 14:33:50"
"38ab3cd8","LEemVewWMPAqsm3Vo3Am1z","LEARNER","2016-09-22 14:22:02"
"b29b78be","LEemVewWMPAqsm3Vo3Am1z","LEARNER","2017-04-25 10:03:50"
"e28e2f13","LEemVewWMPAqsm3Vo3Am1z","BROWSER","2017-02-08 06:29:00"
"1055f821","LEemVewWMPAqsm3Vo3Am1z","LEARNER","2016-05-16 06:24:11"
"c7673144","LEemVewWMPAqsm3Vo3Am1z","LEARNER","2016-07-05 16:43:25"
"bac69ccd","LEemVewWMPAqsm3Vo3Am1z","LEARNER","2016-03-02 20:20:23"
"43406553","LEemVewWMPAqsm3Vo3Am1z","LEARNER","2017-02-19 11:40:33"
"2b6707cd","LEemVewWMPAqsm3Vo3Am1z","LEARNER","2017-07-05 01:47:43"
"8634d363","LEemVewWMPAqsm3Vo3Am1z","LEARNER","2016-03-11 17:26:05"
"c04542e5","LEemVewWMPAqsm3Vo3Am1z","PRE_ENROLLED_LEARNER","2017-09-23 03:40:17"
"f293be6f","LEemVewWMPAqsm3Vo3Am1z","LEARNER","2016-12-18 20:13:19"
"c0e28027","LEemVewWMPAqsm3Vo3Am1z","LEARNER","2016-09-13 21:24:40"
"2f2f8ba2","LEemVewWMPAqsm3Vo3Am1z","LEARNER","2016-03-07 16:51:18"
"a6e0e4a0","LEemVewWMPAqsm3Vo3Am1z","LEARNER","2016-02-11 00:09:03"
"1437b1d5","LEemVewWMPAqsm3Vo3Am1z","LEARNER","2016-04-23 06:27:41"
"6ac1d94c","LEemVewWMPAqsm3Vo3Am1z","LEARNER","2016-04-04 07:00:35"
"64870058","LEemVewWMPAqsm3Vo3Am1z","PRE_ENROLLED_LEARNER","2016-01-05 20:18:46"
"e18b2866","LEemVewWMPAqsm3Vo3Am1z","PRE_ENROLLED_LEARNER","2015-12-29 09:49:27"
"47ab7790","LEemVewWMPAqsm3Vo3Am1z","NOT_ENROLLED","2016-02-01 10:00:21"
"157e03e4","LEemVewWMPAqsm3Vo3Am1z","LEARNER","2017-09-13 12:58:39"
"c18d2738","LEemVewWMPAqsm3Vo3Am1z","LEARNER","2016-12-12 22:39:17"
"c2836592","LEemVewWMPAqsm3Vo3Am1z","BROWSER","2016-10-16 20:22:22"
"9eb7003e","LEemVewWMPAqsm3Vo3Am1z","PRE_ENROLLED_LEARNER","2016-05-14 21:02:24"
"e723edff","LEemVewWMPAqsm3Vo3Am1z","LEARNER","2016-01-04 21:49:41"
"b34fe156","LEemVewWMPAqsm3Vo3Am1z","LEARNER","2016-02-29 17:10:03"
"407af602","LEemVewWMPAqsm3Vo3Am1z","LEARNER","2017-07-16 14:27:17"
"894e00ec","LEemVewWMPAqsm3Vo3Am1z","NOT_ENROLLED","2016-04-21 08:49:54"
"af30f257","LEemVewWMPAqsm3Vo3Am1z","NOT_ENROLLED","2016-08-30 09:42:03"
"d729fc3d","LEemVewWMPAqsm3Vo3Am1z","LEARNER","2016-04-06 10:55:26"
"55d35449","LEemVewWMPAqsm3Vo3Am1z","LEARNER","2016-07-02 03:44:21"
"509b5c31","LEemVewWMPAqsm3Vo3Am1z","LEARNER","2017-01-01 22:19:17"
"e0c0a0b","LEemVewWMPAqsm3Vo3Am1z","LEARNER","2017-02-17 18:32:12"
"33f774a","LEemVewWMPAqsm3Vo3Am1z","LEARNER","2016-10-07 23:08:55"
"75d84d2e","LEemVewWMPAqsm3Vo3Am1z","LEARNER","2017-02-12 19:34:28"
"6773bc66","LEemVewWMPAqsm3Vo3Am1z","LEARNER","2016-05-08 19:45:23"
"7a9dc89c","LEemVewWMPAqsm3Vo3Am1z","LEARNER","2016-01-04 21:49:37"
"42a0b03b","LEemVewWMPAqsm3Vo3Am1z","NOT_ENROLLED","2017-08-14 12:11:13"
"82b8654e","LEemVewWMPAqsm3Vo3Am1z","BROWSER","2016-08-02 19:29:11"
"b383b9b8","LEemVewWMPAqsm3Vo3Am1z","LEARNER","2016-10-25 12:40:03"
"83a1a49c","LEemVewWMPAqsm3Vo3Am1z","LEARNER","2016-11-24 06:37:48"
"621a762b","LEemVewWMPAqsm3Vo3Am1z","LEARNER","2016-09-27 19:14:41"
"de7ba564","LEemVewWMPAqsm3Vo3Am1z","LEARNER","2016-01-17 23:06:55"
"69dfff46","LEemVewWMPAqsm3Vo3Am1z","LEARNER","2016-10-10 21:19:45"
"e0369e55","LEemVewWMPAqsm3Vo3Am1z","LEARNER","2016-05-06 10:20:18"
"f70a75c6","LEemVewWMPAqsm3Vo3Am1z","NOT_ENROLLED","2016-03-22 00:10:40"
"5d34c500","LEemVewWMPAqsm3Vo3Am1z","LEARNER","2017-08-28 16:32:32"
