jhu_user_id,fake_course_user_id
95d2e645,05c09444b8466dbd681d3b98152abc35a93c0fdf
c48dfa8e,652ef1e3ed5cee2ccc308e2eac20e8e0f73ea068
672cbf5b,1758dd1a9613f2c1575d8d6a1fca2690c612b73f
9eed3cb3,149f9d5dbb557507c5f448d6fcbaf06f6a31b57c
8c667b7f,2b79297685441050a07fdc4c456a4e2ffec286eb
6c4077a6,01f0aa67870f29411b2a59b4610b568fcb091f7f
af3556a7,cf04d982dc3ec78330e41fc0299e6eb1034af3d0
6a2b06f6,0baf477f65db13fb6e42e834687cac7cec3c59c4
8c97e47c,6694fbe5430a9a4cfefaddb8c42d37ba49b4b253
dcc0fe70,6053c304e6efc9c597a0e2a2b4504e646e020d4b
1fdda0f4,f06c728d67e516e5ac0b2c6e1e4f6a8f08a1bb66
4980f88a,acd11d8d61cac0a0aaa7d5693555f4056da0390c
98c8df21,78e20b44b7563420e718e75d3505888d960b9b38
9b14ea89,c091a7b2897a59fe29c6d37529060a52e9264ad3
db73563e,33aaf43e0d0fdf3abf092aef3ddf2c94f9812bcc
e9340818,eac4382c56a0197e681cd87b58eb5f16cc84f808
4fc76d10,2e84228a90e389a6761ca01ab5a7de0530799cce
e4ce1120,c939db043fa4d8bbdf71a47f9551d87de0497e1c
efd828aa,db5351d34b51b17280ae8087ca1685dfbd30861e
5b378f5f,b4fe30ea8bc9c1bbb6fc48502fa4836886705b81
250ab1c8,45eeea14b0065634e51a95bfcf28836b28afcad4
3291bf2a,46ab8c8136db77f547a6e66934058d2523d6f92c
a92d52be,a47dc4b544019651c4b87a5c43b5fdc62ede7722
1c6cd3b2,9a65765c5af4cf9fe76b4737e08b5822899217bb
e302a1ea,40a6c9785ac9c2e8542c960d86f57ed9691b7a75
6446032d,47d96ac20f4c87021cdbeca32199d12b95535855
ed564ac0,13c7136f0500dda7ab26a5c813e5cc2b0ab855b7
d06667ea,90a0da1f4548e3567a20ca9a5fe111c4344c7720
725d7298,337117431d00a323b68f4a3d489a083b07201839
bfef9a59,e2356aa10876ba8ac8d220f1a16ba5e637bb8cb8
70dfbe21,36fb8f2f02abf749292b6aedf454d9d17dae5206
b21fc754,f10f06ee6303ebc24847219a91a5732f8a6fe341
97918ab1,648bfe115c2abd232bc2e475f3cbba8dd492ccce
47d0d06a,da7af660cb8a4e0500f538e7a9465322cfac1bd5
39abfc71,2aea89c8d32e2bee26a5ad0d4077844e7e163170
50f6693,2d053282d31b31d3ec9d26d4e61039c418f478c9
8dc099b5,832efd7b6173d0def89ab14549f1fcfd5f691b43
1ef77b96,e5eea18cbfa4bf5ed2cda360922d7d6516e14dde
11dce47,2e3143e0d46a82c935b6bbd1ce9ceeb0970886be
bf5dfcf7,fc189f449bae85bf5bca1738935054cb572b624c
d764a16,a8bf17896588e24c160a4aac0d359eb446554ce1
61ad87e4,04527b90274b23f67fb08ec1b54d51acb5e08512
1957be8b,deb7733e20193cd096e0ed977c0707f261e5049d
5bd12f1c,6eeaba890b3adfd590ec4385c1ff27a6009574a7
f539fdb4,5df1162fdb013f6252f3ad2ec03caf4f652eacd0
856a09df,d6a75b834d401bce5c733234be40433f0fe0a91a
faf7dfe2,9bfb6b109e4325e4c8ac3922c53110fcb2670fb0
91d8bf4c,3f10879c035d56bedbbd922121ae2ebeecf5d16d
8dc6f28c,d4de874b8ec23ae62ad334d40983a7317328033d
399cd860,4f2dda2e4664c7d0b25fd96ac6b2150f2899ea9e
d503c670,85112f754287d4fa12be49a375806363d36e9bbb
b5d250b6,c727d3ed184f5592cf69c8ce0418ea8b12e573ba
f35ba5b5,e69ee24cb19da6cd291cbff2568879c437da5313
6f7b8eab,126b43129bc72f2524f35dc8419a94cd268a804c
5e505edb,cce552502b9d810cc5b6bba0e0e638b0a0c90c02
487cc02c,9fd8907cc3d38ef9b0737c452104a21ced41bb22
5648d7ab,f08d5bce8a88068b7ff26cdf7557d1b82abf0b45
244ce4e8,fe26a83b1c1cf47bc230a48c1f8305de748287b9
7ee76754,33dd4e993f4411de5f27317fa32d0175437bfd1a
d46779f2,2a223e062ae4158effe216da5fa595ec07e0eaa0
b8690e81,12b90bdcbacb403b74944d62405f3c33fbfd6362
ed33196a,9bd51e0d681ee8813ed99b27209d095a57d498e7
14d5372b,6699120161035e05c03eaada79eecce12d448538
f9bda5bd,11a49ddab682a51a3ce4df07e8eeeeae74ac0485
7460de26,201d8c1f8bed86b34a0302b91288659802c4393d
e847fe22,c8055a34f08d6d824500ca3ecce3ffaae909f885
3c807e26,8e348ceb9c6b0dc4a941736d2b61e39f6eb5a5ed
db3e197c,65f7b27c7c8bff92dfce850f6ddd505eee70eefb
c57a7f5d,fd85709760fd9a05213a662938bffbc44bf7629e
78c57640,3341713251be7ca0f271ef3f378117e0674c7f3a
ea43479,b846c9186e4817835e45165ffec5a58257c986cc
63c468d2,1b1adf3a849b389c0a2dd5d2ab07bf571ed24b24
9ccf4511,186a5f55751cd7394366c38199e7037285ee3c43
9f7ecb58,28cad888c306e5dc4ba86461f259c699c5ae49b1
72095cff,aea160f586584d751043fa4eab4dcaacab738029
3175a604,a49dab4044f946ee7660493f9a80a3545a4946e6
db0a3c4d,f5f6e8af1de1775c516e1b13025153abb7eff868
101e4bcf,56310c501c52dcd828e926d3c4ff2580bc951a1d
b49e908,b2917c820a05cbff625d0ab4002afd492f2c0e24
eec94913,0a5adc4a0b7ee121867cee00a15dda7e24068a77
8359e956,f53862a0429520e8ac9cd0f1f8e2110eea1793b2
8c8ca862,eba7d735753d14e49999a606409c826a910f3075
b22ff093,734e0da146a8300ac8d1b20ed5b1e19c75c6beda
a5e8c7b7,074e2463d1e0976a06fc04e86c930e542a40395c
821ce68,84748805804c5a5a206db1afffc2b06057fcb82b
bee351d8,7b601d56081bb3256988512dafb5a002df2f8e6d
579b3fe9,db7e34541ac59b7d1908fa9957f0142c9f28d63f
aec06953,ac688fd22ec8633ce085fe52285862177f89c1b7
55dcd6eb,a2259fc2b12420309002ca3c1ec3544c27b7cac6
f564d636,c64271ad98cb924a7ca0ac7437e7a5e59a75b1d4
4532c931,05853e3b58a528730d1dbe0caedfc59d2b5cd94a
f419ab46,5cb8f3d8d6bcdac41e37588de6f1d302139db862
663101c4,8ba5db840cd8b7c4308cdac6a0d7f452bf87ecc8
1551cff8,9831fccc9dd17c4f301a926cc3c2c381f807d2ae
3944d496,dce223b7907cbd7b4774f8d58f5fe0c715977335
a987ad17,2d012332817d96a3b7150a04dd17968e9eba806d
8d3630d,15aa3dfa7853ea74b30228ebe0f9f21a1ecd4341
5d84b111,8229d644f9660b4cbe995394d21dbd49cdb01e9a
2b59d992,2ae4839a99a85aa524000ae64858bc0c99fb60c9
d8b34299,657b3e3a115f8ab71e1f0820e5b0c66bea35978c
ca28a430,059f27c4c4de69f4c477db6fa4f2d44bb5829527
15484c82,9e262ed9eca983902889be5b52947074f06d44fa
d0c4e613,95365f8ac852edb5957e36bacca730b4ac58640a
ff572ab0,fe155524bfc62a930de5264e3aa14304716ad9e8
dc4eac77,4f3715aefcffae33fe479b3e7b827bce3da5ee80
776da51,b31e85579721d865ed8c3dee1315a288613a866d
c7d441ce,216ccc6dc62e932802ce27564c392966c5811a67
ebd8b00b,41c40f93cf5103461f36ff39575316ae977da45e
f5dca0fe,0a90b26fa43971924497364e8fd510a3929ea19d
ab1670cc,66166f6feacd7f7cd549b579cf12b31573e3d63a
7d04ea1d,27b86dd23d0d3f65c229f87351acff4eb51c0762
3107702a,6312ae735f8744bec8873ba37fec3467af2e4df5
d01f3e7b,6898426ae72d1fab7aebe46e5521a29be9dc4e98
a2278278,77a0e090e012f97013477b85f8c1966ad754e996
bded9d82,d640934c808fad46ecc5f3f7771efced5fbb50fa
9d119760,806e262b48b062600e7682939c4d91041bdb4c9e
83a7226,fd6cac61fad927288a551516303ffcdef32072c8
1f44a06,7973812a1fcd567e777da26efae322d3d259725e
62a8d6eb,2b3cc61349d0ce7f7ed9b100be96ac0566205eaa
1f151b8e,3bc24b372a5bd0775c995984d6d6ba395e71a889
1554fb21,5f5c42d432e14a459cec4a6a86bc7fd7bdfcb986
4e9d9020,fc859659a8b9a13c35c7d258ccb57ef3a0c0ae06
2d67cf16,3db3b422a5c1b259b4af46ea67e6806b351664ed
f48a5e36,32d103c47cebf8e7d9ca8ec2eca749226a794118
3572c200,571b5df8c0f7aa51e25e33b71c8f4bf67daeb32a
9282afdd,4e5c0565c2ab908ba20d42143a039e1195f45e1b
986c679d,988953f229c5589eb6072c65b9a9cf4110f87bed
6bf9aabc,128971d17d325cc0a62bde25a954b96f24c00842
c877bd5c,46e40df50902727541c8e1acb63c855d9292ea5f
983a83c4,d522747741e7381ba194984c3b2194416b203ae0
b62c53c7,a86c862eaf4928b6328f7878a3dd54ad2823c153
a65bbb9e,758019be644a1e2d74f781458e82e145587d4cfa
e214d6d0,fc56d2188f08438f9512975952ab4d9eef20773e
fb64e4c4,44e7d2fcacfbfad58539d7c3dc5411eca736f81e
bb9ea848,165165a41e32799ef8e447e2bda634a05c54b6ec
1369b7c8,83777055dadf97d55c8b618b011b3d48c023680e
d3ffa558,a02080752d3766125559bf5d7d8929a1449c2583
1e2d325e,8e4658d3c9eaf6b01b40a7a975886bf5c622eb60
5f4557f2,2fb7640616060cab2094e745849b34d9bd1650a4
e7f36d88,47999c15a86973acb9ccd6eef5f21f00c2c223d2
5bf69c6a,fdc3d3509d538ba43e6cd452768ddc26ca747cab
2ef06ff1,c15b55cd7d90365cc3c3165c088d6ff0b0d6914e
8eeb8b54,cf91b4ff1bb1ecf47288641de1d848f67af88fa7
6bae6a33,b389bd9a627f459aa9fc9262f3130706ac361245
4df051f5,6b21054e67f714aa21c7054a37ed630ed3a39bc6
7a913c1e,1d855e5114d412fbe3a9cfe8a8ccfa311af08c25
f0ddb380,6d91004df41da4f6bc7cb3567c2e58a5089068b6
c9bf619c,0539403b87f5f6fcf2ccb82771643e1a3491a464
935d808,dd982a2ad0388395e55aa0bd208585c1a34f8b3e
a73b500b,96750df83eedc476989bbd47656c23f70a3ecfdc
3284340f,f0e49626aff591a8bd6ac85ed4fde87b23ab47a6
dc5b9331,19730643c44a201346e70d7ca0637211b8fbbf7f
dcf35ae1,f95c1f6666a5ef67f6ca4075b80e2b65d34d32ed
9d5549d3,f7ee444e10ae9ed918652f4a42c4ec8dfd15f701
ba6849e5,0ef5b4fc7b11658123e6d1a6f99fc0cf9d9f22ea
24f81f23,669741fbfb6a712525f0b03f48c1bc61d7ca8efa
bde292a,8047c7a5fca7adf22195321d694e85f652526598
7189b380,21922ffdc12bbafc459a035d174aaae4dc25ace4
778f7887,8b7b77fc7e15416a2e160737a39896f1a773d389
e6085ae,2a444967be0b3937ff312ddf087f9569819a1608
a3a87274,653f6c4a58990c022b4e168ba843d6f4fe321689
a3a71b9b,d97e41f386fe37a293af34f9647439836f28193b
b514ae3f,2823cc8601cef2b64574d33c5dff6ed565fb6ee4
b9120062,8a9545b2875f7dbdbe3b9b1ed03e1c6e834a8232
d61fc21a,d51416aa3557052ff89b7e9020e4c3fa4177cc6b
8f89e44a,5dfc331559ba93424478f38a267a34158a625767
b3b95820,6592877913cad837c71b5521b8335b9586c55889
af62078f,c2433524ac06ea65e27efeca96faf725ed637316
de8ea969,8c1d342120bfb7c5b46ae049055da5b1e6a5c77e
6371f455,88ab8d2cc759f755e5cd1e3971a21a0490ad5880
6a3d85cf,e0e4a0902b6f6007ed5bb1f595eabfd6d6bb3c91
9cce5773,4be9c55194addb9adcfa114cdd5be2c7781aa8ca
6a8fe560,197d273272776e4e0425cbaf9b784bfe78901cf2
6fd5054,e941278a445a55fea91c8a5e880bf722156d4797
d3792319,3a589ebf4016039f959f6520e686181fcf0c8944
ef71c55b,de73b2eab90516fc0c33d546599b973b19594a12
17a8e518,b6671bf1262c9a20b8e5a6e06e2164f6106d2ed5
b717caf3,1193c613f5bb03003449e3d65c32ccf1beb120c8
64fb66a8,e388f2a24d8787daefe1df371010929525a79567
43ef537b,91c00202b8390ead623046cc6cd6608524c6465d
874a2f2b,30fcc8df1baac660241455cd2043d803058a23f3
81afa870,63d14a69aba8c6ce9350ae8ee957b861a450deb5
7fb8c543,f797d1418085101e4fadead5da753bd14f4fb1eb
2c55fd40,a2d78cfbe6fefe31b32b8a6e6f8f64bee9b55850
98fd84,86586565f14b2ead669c2c2d6f33b636ad050854
2a4df2ee,b50110d8b8f583b1d2206cdd8866bf545a678d56
c04cd777,eb90f6e07ce224ab98554f10414024a689585f1f
9def9e47,8743e82d3781bf99710d534f7082c0e599b7e93e
beb6ab80,baf0178909f52a017276a23d3c8e777c989e4672
5e7f4248,3177cbffcd2e20909d151bd089b7adda3ab13950
dd24174e,3246d8fd5321c6aa3cd5c029c7f9e5a8cd1b9faa
fb9cf209,4a9c7f4a6d59b0db136ef224116855d5173c38f7
f0ab6207,838fdc098e9bd530b69d1c4e7509576aca2da347
66181a2a,7244e19ca0f4bbc22603a13b6bb60fba8447bdaa
3696c4a7,25d736207d33af18810169c2a6be0e98c21ee6d7
4fe397ff,e1f0933b72a6ca495cd0b4e8dafb970f42675c35
ec24f85d,b1fe22f48940ed6e70891df5fbf58de46146ad67
c3ffb59,5053803dc4e9c47ee1b16ee2a3d82b02929a307c
9d349f97,46e3a7050f76e5cd4bdd308d569da71100421f22
314f7b77,2230c003239e35edf2ab6521fdf925562e2d2ef9
9544809e,f03ba678922dbafeef4576a667ed51e9fad1ca70
c188df79,6ee268baa71f6bd8f63edaa0ec96bd5b0596c839
650209d0,553a76949f9d5b393031605af917105b3e4e6c1b
618b90e5,9e8e6f2e6a43a355d4bf01dc0e11ac3cef23f1a8
9a66944d,da3cc7c3272bf0c5465a0dffecea8e0a940ba971
b696be72,acdc22942d63c155f79702ed857178a46be6dc3b
b1aee476,76dafe06db0024d92d7ec69568d2409fb14b5419
394ab567,c17ddf9e1ce06163d9e19ab7b887471328fa07fc
bb8a2a77,7c0f45087402ce18aed3615097e15841345a3eba
4d49f45a,efbf641ffd8f1d6cfc6d856ed96d84cdeec53df9
547ed8f7,ac80f85e09a00cd5094f6bebd9ec32320a9d4a63
270e73ec,822a5d75110bdf43fde1cec34dc3951740aa7c56
15575c96,d20f3460ff70ccf43e7a6d303e2698890809fe0b
8a0c97e1,7fc64464b0805505d60384f4bd49ad29be88c4fe
ebc896c6,21ce07620a99ffe1066722808b8f0b5279be727f
a83a0ac2,9dd562778ba30b3f0063f2a172737c830772db94
73f6f2e0,8d459a65eb826985097a749a0b254de46e6ca984
c74340d0,fb1fdf6fc2eedd7018d966440d6f3806bbbbc981
33200c14,6344743fbadc0f17a147f1fca299aa5566013c66
2d31e372,f3d333000f08b9dcf5bd07a10f4ad07c9a2e578f
715d2c2f,1680b988164f6a14f861fa0e82388f94fd8a7c28
e9374418,ae1922cdad1695db6f15aa236e4241211059ba27
251147fa,353ffb506c6e89e18655d825f66cfae3af647378
c75622d9,a96cb22958f9c9b5870ce32eead1ea26f63633aa
785e56b9,a29223714010a7f731d329086ff9739812e80c8b
ddd28008,6238737bac9444e9f39a99e5da9751106dbad2d2
dc0f964e,85b42dd3347b6c3504912fc5e7a3f95c32f7dd3c
94abed9b,731c8b2839f52d93e6c8617d97b6e025f0ba952a
8edaeab4,c963160a47ba0eea209b4c55cbfadfbc13c5b385
3de8311,4bca6d2be80ef52ed916ab5dc7cc6c376ebb13cd
e1ceb5bc,525f803105b979ae3e0569b1fb5c52b1f89c4e3e
5c22fb1d,7f7deea10dda2c234c36106a276002599e991265
8e50367,45cad17169c62ab92a619cb5d1199610a6c20e9f
ed49b257,8a480737f3915f6655c7a087debf7bd9dea4c0c5
8d65623,54b460f1d645e8589398273d1d390399edc0f697
c522ed7b,126edb39227aef88154134eaa3cabcd12501f188
28bc9bf,05f617adb37aa5a99a0b1730e1944f439cf17b96
2198a7f9,9cf03607d329c8e06b134a6841c4a4c5f5ad46cd
956a51a0,60bf37b90f74e3c9dc922a52820a18d6d1861821
22f19d27,db9030b59931cee3840f293a36f9194f1018a4b3
bf23e401,9e367a628d8639fb2a287df4f8394b3229517f8d
7e33b1f8,3354fbed3fb4aecf21fbe179358e01026be046f3
8e8bc892,ab85245f2d62bebbf768447d1831ce5cc53cd2ec
2136a520,6849573d9d2889f30b17e206f79584c451d46437
bf3e60db,c2127cd1fc5ae56d1b5461f7bf460a328e036d0c
6102e8e3,e2ea9e6ca31f2265cd7f2ea5358309e9ae8a2951
866de841,85c70bb3c64bb8ce913c3af599d491b890a8bb1b
3dc3d3c6,635db8cd41c4cd0fd93d63e1e7469842701fc2f1
82c5564c,91f699132b8075f625807d23a07ecaa872ca4e63
8eaeed03,7f0b04878014974991c30ddde425edbd45483828
4f60b01b,3b9da99d61f26a3b045244f686067fa445e53e22
f7f7a0c0,4faebc1d1396207b42e855a64c32d3c3015dad78
7154b861,c31dad1210608d4ea2215349a3f465e73b499578
380fb097,1875b3bdd1b97351c2ca874bcf2904b34e1f63c4
d09b0ea8,511caec13b6ca82081ccc73bbe1d35ee5decfac4
18b0ba0f,984ff76ca0d2e2fc1f77f2055f7f178a65511539
231cf07c,0ffbedd0cae14778c43b304c37277bd676c9dd8f
6d15bf19,da54fcb0b7922a8079084b497daa4748dea3646b
69323f72,d92b80ee77b37859f470b0d147d8948672997f10
9232c35b,0febb2465d64b042c59f911265a93811d09f8bff
a63d7a22,be487783e38f7d9357756e5234df2b43047f5085
a2ae24a2,531db13b62df912c0c9141fed36a43b9062893e5
8ea66e45,b15f58f1243a659b83e0cc26c4f863d9b63d6b2d
9881a0e9,6f1fe39ecc922fe864b9ba2b8bcefca2be905835
493eecb1,c8f268cc93b83eaa2fdedb75f616c318978c9bbb
3a3c5863,eb7ea91fbb958e346858ff6abe85f2765173f25f
bca2fd11,e02e31334403baaa478cbebbe6b4dd1f57e8d5fc
c55c7138,58d0c8dfd301b2d543b9ec4f0308284dba7fdda5
cd32f1f5,1cbb8c845a4735be28fee215b60b9e99d999a897
7f5529a2,770f94ee85785a769d9055a8f019537fa0833d17
5959a936,514602cf05c50460c7bb15a354b25bc83706e769
33022ce7,bab7db2ee4b1f78e142a16df93a91ccc0903856e
dfa9137e,f335635de5a7154c40be7a5e480ba52ef9e2b865
f4305781,05ab8f7501b00b3bfc089aa4cbaee0d2ec8e2e16
94481184,fb6110b09e4d65d9371d09323fbc49029e67ec86
ec65702a,4a6e62c8e0f717fae4794e88e95b8587a74bc11e
aeaef632,1399bbdb5c1f9a8e313201a4024195cef5b5e855
f90f1484,db3f45e64473cfe4fa3fc6c9c1f6413763ca3c9a
50bfa70,d5a014c9398991348095c05bd35f41525cdd5c78
47731712,e70d629024eb454017846c0d78f68b14b9bfc04a
fad17a63,46af0b2d0ec9c6130597e436a145d599b5b3b48d
4f04d378,c4c1c90a35b8761b62f24c283695e8adb3b6a355
bb1cc4c0,2bae6e2d6a376d3f10eae53a172925e8ce54f72d
d6eba5b8,6d6694f15c946db2bc2e14279e6c5b2c347f0806
f66fe0aa,ae23dbd064efcf4b5bb237fce8e7293171e573f0
4f9ee76e,b521543c7791d6d817e3d2348ea2077e393116cf
2ac33ab7,c546a9f5c3aea125397cd1052aa5fab3974faa35
8db56e10,1b7a2f5829a32cb6994be8a2f6d688a90d0fe1f2
3ef22c66,b5949090ecb0395b0d4114ea0227ebc0f19c8e21
7af6a77d,882c3abcfe17baa92d61e53bba3a96e3580986cb
cf77d507,6be83cadb0db2ee729d18bf960cd903fa680f59c
97f6598a,173cb0cd566e6691b33400f2fbcfdbee8ab24be5
c8027aaf,abe98144835a8825c689e332cabce8e911575225
74ece34,73a3cd7dd3118b92148149603751ce1b03eb7df1
dae94083,2615b395b7b81feae55353c3eaceafb0296c5fb9
ff0436b9,427c166ef296c2eb2c63cc31e39cc670b587a0ab
dcf67678,22d5536b7cce29f515be4c1c3ea68351f5c1fbb8
569fa55f,0050d1de2287c8bfffd513fbb2a81206ab6ced81
a0f171f5,3feace907e5500f1ba3c6d59b6eff5c93d99946d
81bbb29a,f84168608faf318d22199500f6a10d523bbc64a1
a972ce22,1429ccc5674831a3354247e47c36af53e9322ee5
135cf864,ac7b427a7abe85f06e625121279f4ffbd0bbe243
e736d92d,c25e272848807ce65624b492118afaeb48f9d5fe
6.94E+23,b05c080dd10c2f14b23f44d813e9315eebcaf667
5110f92c,0b507edb1e589426f61a11e9e92d53d414f4aa96
f800187e,48026c7af40a49e35e569b60322e997f0d9f8bb7
90275ee,d3655d8509ea6c4480d4b8618588b09b5aecb6c5
ae7140ea,58f28ad430d19b3d0c205e64c2f6a2e40812b322
9df52d8e,504ac47d9f5b356363cecf98794edeba32fc2dd6
3b27fd5f,f070bf41a7ccc754acd3eb9341ac660a74fdc55d
20b601a9,e622f3539554e37869c4552f945443ff49d09c0c
8def9ea6,082b5068af0a26387a6061fb929342e1f46e1e46
ca692123,920bc3142d81d05468fb22a3a79c8ae9d7c84363
675f1f72,a00e4bd9b91473588d37df393b30f5cefb2d9e88
1d85deea,69e7fd0d210063c33becb99f12baf23fda2fc292
5b03810,351528225443f62236d90718b4f180717ee29d85
4519ce0f,9cda0cf44685b68da40b18e3d76c7a1048bba9f4
30dfb892,23cfa9dc5c9c7416bff242bc4062b05d17414c69
16b3d1a0,a549e554222b4296ccc9e8a78140cf6aa5df6007
dbb8774b,2628ae5647550ff009882fad5ae08d3387c939cf
1026d1e,f6ec43393bc1a1a6de8345421270ff4d832b0953
36147781,e724e90d2c96622071fb38e9c447500ddc41518c
12b1f634,54df3e23008cba11b0b4418f3419f5b8de94db25
a57b6b5b,703f11be85972665b2bb42970fdf4bc4d4e97ea4
9c191a1,6da9bd29a2d42c8b67960075ff9d13d3881fbc59
aa769140,69a23d3269b545f1755886a0402b257afa5bba22
c6b75feb,1fb19e2fcfab5b3055b3f41bb5afe0763328abf9
75198165,75e0de35bfc487b18cdc3ebd9cfa5ef132b5f082
ebb84ffe,2a8c4d1acb45675458918c7874a486e64494b40e
ddaf1749,060a8592eec29bde825ed65f9fcdebd7c5b4064b
4bf45e4b,520a0eebe954f7fa9ec4306892bce2c3695db17f
f888108a,bc4d971350dc14087f2286c08b23a89fe87a7c6e
a9800327,1fd1543f69b145082c6930e1160d77e381bd5f7d
5f4e29f,9c47f50c55d39c14199fa23c7fcd705aed3184e5
a4a07627,d756f24857099216f3f3f6e9ac69acd687898fce
97895d22,771e3a1c9723fa0a7b2135f877a8bf287c298937
edbbfa5e,b597764899e2f6570a7a29b9553134393639dc33
77c3ce7f,4513fe0c4001ead1a7eb42075c592134adb70f3f
f4d7fdfe,e3d97c2212621dac18617a4fa582bf01881e1648
cbaf9d8d,27ea314f80d76bfc3e5e240c9927299da6729cec
8e2b89fe,6a3762b2eea9cf82fcd3a95db04c9aad3a04f42f
8ad0ba62,2a3edf2cafaa07439ef799d251cab4442631e835
f2868dea,dc986c61167bb1d598b30ca6f71b379f5d3f651e
edd7076,3746980cdbf764ec67a15134654bf9239da0cb43
6a749a08,545479b362e64a7b81adaa81c94117fdf65ce9ba
277b1f43,4258d50e1d46f62fe20d3165bc1464284777de8c
b1e740b8,05c41b883621746257c9fed54a0d6e222b00d19a
d03a5b5e,11f35b3af7a9f54863c5121652d8c88d51786de8
166dac24,6aff50b5128a9ff9bd6dab417f96520d475b257e
a466616a,b89e87f6b71b1dc224bbdb45bb2e6cecae670ca7
d16bd95a,5f56ce09f173f48583b826abb67ff211e5f66053
dd1fb330,1d89019d2bf0f960c851de319e928ef3a3f88e83
52951b27,d50f6509d234b778cedbc03326b6e58bfde0a247
63ce1676,6e8d8050fc17ef19e65805b59fa771b010007296
19d1e272,4221f1231b7a4ef6b173ce088eb977967da452c7
d458c7b5,0f8cc0f137aa0c54d4184576da5fba98a437506c
39f1c528,9f5e7aaa1a5693fb8141fc21d9481b391227a6ac
b2f8f774,28a08d4c6c6298cd09ecc4514d43bc0959c50df8
422f6ec2,7dd1692f9deb69d5ad3293a29978fbe1af81146f
3cadb33a,901795244155e25df065ad06fa97d1c6af318970
e89b5cbd,baad59d8dfdb21c023c96f683f31f9ae74891d83
195944f8,13d2aca9340054cf72422002f5515f6fd6987fff
1320b33d,4e84e5bb7cf9d7cef148be6406cb8dc5560938f3
c13e72d0,282fc2b38987b2b13164a51521c1b64cdb43d355
f94ce1c0,6710a6c06414b826e87f5b252d4f556e48900272
64dd5725,9a83b7296c7871b5d34ef65be5403cec6cf47ed9
89be92a2,29f35cbc28f01a63c2525fdb83b55828cf972afb
bc76d87a,ced39a7458a983d2f07bdaa709fb263f7d069d7e
58a4590a,ec700b1883de65231886f97b9d49ac9fdea80519
b5e8f7f4,e7a2c11e50f995a5ea5424dfc8a76aad1c86fa6e
526c5e12,319bcc4d00ddfcbeb28ff9246b06ad4d88f9af7b
7d2c04b8,65affc3e3231e0df54e03e3e7383c3c1ac28e6ba
60c36d4c,0baee007ed2001f60a1a0e3ff22441b9fe2c58f8
69a84056,e852f3c56adc24b31994f445b5900f610f60725e
718e7f03,58ab6634dd52e8795844101dced9b776a5d9afae
6daec96f,90c5bf648ae2de6fab93cc4212e8f2903d87ac09
21d280db,087199dc6295512d54192137019d612c56e4e698
e3296af5,9924b0c05d51171e4f536e0ac2a982ff0e06a8a7
3931bcff,62c162ad988977ecb9f79be7a03ee4cc64ad3d63
5014f58f,b7f368ff7255ed68c2ec09688aa95c1b1c3e6164
38bb0ae6,e0ea94d498fee5decca6479623db12d49ef43807
1cba9564,c5bdb4744a19e546b9b0b75b3acbabdb92b4508b
d0f0e38b,23d9b05dc2e7321b135ee8e2b6446278f1082c74
bfc451bb,62069cf2d1e582ead304a864bfcda4971745ce04
23a4b06a,5577eb0b946d5372fec6268d33e2e21239b0bf4a
1b59648,0110d35b9939a65890705d3186cb0a24509ad6d5
aee8082c,c99cc990db72de129bf8bb760f87409f32a1b88a
abf6fa7b,bde395cdfce69c7da8f306b6443c14ce8c563b48
38f6f795,4194ada63a2894ee75940b803b7116bba549a7b1
be5ccfbc,39861f60d53d503d05d0c4f9c39b12585ea6e39c
73157d6c,3e3b70c868e73b1745326a80ff3b4966529ad203
6e7f893d,86b66ab29a6979292bdee0c7509da4aa85b185cf
2c7e32ab,039df4f4c005545dda8220e32a2cfdba7048180c
29c1cd54,c4f1c0bd91b95ae1e62119c5c4d79c2a66472b5e
605ba02e,07d2db0668f347b2220a0c9acdcf766163074424
66fe6f55,595911eb556d15b7eb09015df448e2ecd64430fc
85fa67bd,d745065803bec032f3609e7584d42606cf609584
49dca89a,830993cec83efca51eabfecc3a4ba98ab2e0f759
a5036a99,9b56625156b97822b5a28a4e3e4382a1e3d39ff3
442801d3,9dd0cac677751f2dd6caa3c92f7c903e6e79ca1e
d08c76b1,fce214cf0d188bebd1446f04523fca49cd9dbd9e
f9ee8d94,f03db9c8af4e1b658ddb918e6dbc70de218cdc58
bcb021bc,3816d8a46fab00f0048ea661d8c533709a251c95
6899f704,da4182db4d41cd2566a7f7b65b51d88d0b231e4e
b74cc0c,35a3449147b8e21010acbe0a93fcfb188fe42580
44dad897,81b3b298fc91a19608041340e8dd128f0164dd7b
942b0343,4ed3a022957da2fa88d7b906e183f17447da7aef
98b7092e,a897687577de9c085e591fc94d5832a3d095e001
cbf45654,6c129146b1cd7beb98745ee617e843eea56e319e
eb3bb955,1aaed2ffd18a80938ee974c7defc832617bcaaf9
fa7e356c,75393d1e2e9c3d3cc6eb28c2738f5fb3f87ddadb
ab53a78f,0c734aad0c94dba6d4f4dbe674b292fda8ab4f21
9162560e,b915d62a237453e18677d38bf7baa8e51b23a1ae
ac958f35,276ace3ab8a11eadb658162defd2d09e44e6a239
afbc9763,ff32946189122ca409b87460fe323747502bee43
b9aac4a,a0c9da4709a3456c80edc22e8f22b9815e43f98a
8d4b456d,5b2361a4d3896694a6d683bd80da686dad7f469f
a0778b04,f4b95cc5f5cf647f6494faaeed249928ff66d527
fa7d1c64,003645781b525e926114865398df4cfd15c1738f
e59c452d,2f3386b7b4cac6e2a0632340f40eeb47560a083f
575b675d,cb6ca254cd2b6e45ad7efd4a820c5ed8cd14bf12
dd795ea7,452c17a18a6a557a7d75ac54c9b59c4332d593ff
37045e4a,16803c9bad3a19a33f40d7fec3ead1cf70cfef5f
5862a0a4,ac4bd3034400b65473aa65c3e3ad3889cb79528c
2f875121,5441ad8c9f3c68a83849779a3dcab388fa3ba3bd
c8762565,8cc0fa4e7c76cdd0dc5a506333f2f47b75a9cc1d
ea6493b9,dc4237b9d797073586bc89e0e06dc6c176cf681d
79b03504,c2d9674b4409fa318dba70d075a02b6a8def008d
ba39ce51,4daa69a266f51681a8aa9592b2b0d5f1a1d4c7e0
8aa23454,0a9f2a8748deff1ca36e9c6039925f660b432d7e
4867e92a,7de0e6e29554978f24cc589a8229a74df5b2e7a0
1.62E+12,527ad849162de99cb36dc9412250854baf11ceb0
fbd359e7,faec3dc1a837017e7ff06858261255e01e82f3a0
c6259ad5,afe31aa0f73461df4453cae56dd7f284152e9923
dedbc9c0,7674695f3ac84e61886b59b575fe123383efe6a4
4cf42030,c01fa2b0e42cc9fc510ba0b4ee9d1ef5ca3bf041
9ef79348,9d682f1c4bfea0146c91ebdc47b91463776626f3
6dd422c1,77cc3518c4d3fd66e5435f93e9351162310e9a12
3579fdc9,9f10fc107dded39938300fbcbc5d9f546f809412
f2bf6e46,79529ee6cc5a4bf6f8cf285308f7c6be97b9bac6
5c70e153,5640cf8c56dec6ca820ecaaee954c1d601da5685
ac6e60f4,62879769a0eb2bff3f29785bfc4e1e08c4cf1d54
d2867405,a417545d7a757ce3b8f595c80d46398e3e06be9d
c63f5977,9da171f3ef5ec3b2de2a0ae664173a3e32314fca
84c8892c,bb8a272317394ff966fbb647541ebf40031ff11d
4e67c5b4,0fa02178c4c7579f671423259c7d0dc627074b20
14518f8a,cee97f41d13b5207db7f2dedcd554a0ea7348c05
58906ace,64900c06760a06118d07b8ee0ac525da7ad6bd09
efd6fb24,913002eb434919184a339d0e13a54921c365012c
e88ebaac,0f000b7a311c85ed032769aece2b456c39491dad
c6654939,18161521ee17854f93d5abf00228514bf1a4d0b7
8928b650,fd494a5b34835eb9092252f7d93564af5ff06151
588229d,fbcf3a3fda266643e9719b41f10022a69b5cbbb8
3771cbe6,d128afd10e47e903d3ed406f0f670b46a6ceaabb
9cb2a7b7,ec3c11720d9edc9fea786aff6baa8bd9ccab8c43
9fe9145,5f3ff26eb9cdb5669279ef00fee98110d5717ac4
fa0e9b54,bafd13fc2fca99f844225741b502f461c035348c
ed3db904,a51d04e6cfa1de88ddbd9c9187b5e5e092f103bf
1b7466df,fac7924ae81abcd06a1c95a9ea3c0d036f04442c
eae2a06c,a5ca139e4408b156a61fdf5283f9ceb870298798
3aabe2e4,47e7c4f7405f03d6ef87d76e06529e78b033deab
24e82d8b,665a04fe31be1ee075e4d8598ea851d29d067ebc
88d99bed,a69991cfb3e3ad4ff22b035f688b4dbe60d302c3
db9017cf,d358743ddc5d1185080790bd90be13336803b8c9