"peer_assignment_id","peer_assignment_submission_schema_part_id","peer_submission_id","peer_submission_part_url_url","peer_submission_part_url_title","peer_submission_part_url_description"
"Ha0UDw@3","m7Hy3LzFRg-wp_vqk2FG2w","fb31c44","Some url","Some title","Some description"
"1uEo4w@4","m7Hy3LzFRg-wp_vqk2FG2w","5b9b756a","Some url","Some title","Some description"
"1uEo4w@4","234","8b74fc9a","Some url","Some title","Some description"
"S9qjoQ@8","234","b77f99a5","Some url","Some title","Some description"
"S9qjoQ@8","234","c23c1394","Some url","Some title","Some description"
"Ha0UDw@3","123","9a1a7e7f","Some url","Some title","Some description"
"Ha0UDw@3","234","9d87aa75","Some url","Some title","Some description"
"S9qjoQ@8","234","8c225bda","Some url","Some title","Some description"
"Ha0UDw@3","jXvTczpuRxGcKUm6ZxUSyA","e0408173","Some url","Some title","Some description"
"S9qjoQ@8","123","ff62f9b7","Some url","Some title","Some description"
"Ha0UDw@3","jXvTczpuRxGcKUm6ZxUSyA","5f8e2942","Some url","Some title","Some description"
"Ha0UDw@3","123","6ee2eef2","Some url","Some title","Some description"
"1uEo4w@4","123","4cd761f0","Some url","Some title","Some description"
"1uEo4w@4","234","e32b861e","Some url","Some title","Some description"
"S9qjoQ@8","123","b75a2f5e","Some url","Some title","Some description"
"S9qjoQ@8","jXvTczpuRxGcKUm6ZxUSyA","c08659fa","Some url","Some title","Some description"
"S9qjoQ@8","234","f60e0bbc","Some url","Some title","Some description"
"Ha0UDw@3","234","b87004e0","Some url","Some title","Some description"
"Ha0UDw@3","234","195047ae","Some url","Some title","Some description"
"S9qjoQ@8","123","95442e21","Some url","Some title","Some description"
"S9qjoQ@8","234","d6e8b611","Some url","Some title","Some description"
"S9qjoQ@8","m7Hy3LzFRg-wp_vqk2FG2w","745903cf","Some url","Some title","Some description"
"1uEo4w@4","123","cd94259","Some url","Some title","Some description"
"S9qjoQ@8","123","95c7e2","Some url","Some title","Some description"
"S9qjoQ@8","123","9322f789","Some url","Some title","Some description"
"Ha0UDw@3","123","cd3bdac4","Some url","Some title","Some description"
"S9qjoQ@8","m7Hy3LzFRg-wp_vqk2FG2w","e2fb615c","Some url","Some title","Some description"
"S9qjoQ@8","123","50f8d924","Some url","Some title","Some description"
"1uEo4w@4","123","fa3e2bad","Some url","Some title","Some description"
"Ha0UDw@3","123","1f3320a4","Some url","Some title","Some description"
"S9qjoQ@8","234","3e3aad35","Some url","Some title","Some description"
"Ha0UDw@3","m7Hy3LzFRg-wp_vqk2FG2w","62289dc9","Some url","Some title","Some description"
"Ha0UDw@3","123","e42e477b","Some url","Some title","Some description"
"P1p1aQ@3","234","5d51fa33","Some url","Some title","Some description"
"P1p1aQ@3","123","5ec14c61","Some url","Some title","Some description"
"S9qjoQ@8","234","dfa41ad3","Some url","Some title","Some description"
"S9qjoQ@8","123","c80c16bd","Some url","Some title","Some description"
"Ha0UDw@3","123","23fb2a3c","Some url","Some title","Some description"
"S9qjoQ@8","234","106a9195","Some url","Some title","Some description"
"1uEo4w@4","m7Hy3LzFRg-wp_vqk2FG2w","6515538a","Some url","Some title","Some description"
"P1p1aQ@3","jXvTczpuRxGcKUm6ZxUSyA","52f2628f","Some url","Some title","Some description"
"S9qjoQ@8","234","a56bdc89","Some url","Some title","Some description"
"1uEo4w@4","234","d03cadb","Some url","Some title","Some description"
"Ha0UDw@3","123","28fe01e7","Some url","Some title","Some description"
"S9qjoQ@8","234","1f1f9377","Some url","Some title","Some description"
"S9qjoQ@8","123","cb299421","Some url","Some title","Some description"
"1uEo4w@4","234","bda41c9","Some url","Some title","Some description"
"Ha0UDw@3","234","fcbf5787","Some url","Some title","Some description"
"S9qjoQ@8","234","7d4254cf","Some url","Some title","Some description"
"S9qjoQ@8","123","3643bbe","Some url","Some title","Some description"
"1uEo4w@4","123","148ce3cf","Some url","Some title","Some description"
"1uEo4w@4","jXvTczpuRxGcKUm6ZxUSyA","6b7e4ea7","Some url","Some title","Some description"
"S9qjoQ@8","jXvTczpuRxGcKUm6ZxUSyA","3d051693","Some url","Some title","Some description"
"S9qjoQ@8","jXvTczpuRxGcKUm6ZxUSyA","e635862f","Some url","Some title","Some description"
"Ha0UDw@3","123","622d0b0d","Some url","Some title","Some description"
"Ha0UDw@3","123","d3f2ea08","Some url","Some title","Some description"
"P1p1aQ@3","123","37500ee2","Some url","Some title","Some description"
"S9qjoQ@8","m7Hy3LzFRg-wp_vqk2FG2w","a6d3da4c","Some url","Some title","Some description"
"Ha0UDw@3","234","a48223c3","Some url","Some title","Some description"
"S9qjoQ@8","234","1a4f8105","Some url","Some title","Some description"
"S9qjoQ@8","m7Hy3LzFRg-wp_vqk2FG2w","d0e0378d","Some url","Some title","Some description"
"Ha0UDw@3","jXvTczpuRxGcKUm6ZxUSyA","4c21f17","Some url","Some title","Some description"
"Ha0UDw@3","123","916b6a34","Some url","Some title","Some description"
"S9qjoQ@8","234","e8524f95","Some url","Some title","Some description"
"S9qjoQ@8","123","b88f6403","Some url","Some title","Some description"
"S9qjoQ@8","123","3db3d367","Some url","Some title","Some description"
"S9qjoQ@8","jXvTczpuRxGcKUm6ZxUSyA","cb5823be","Some url","Some title","Some description"
"S9qjoQ@8","234","179abbe3","Some url","Some title","Some description"
"S9qjoQ@8","234","85be2610","Some url","Some title","Some description"
"S9qjoQ@8","234","b9740957","Some url","Some title","Some description"
"Ha0UDw@3","123","6fe69bf6","Some url","Some title","Some description"
"Ha0UDw@3","jXvTczpuRxGcKUm6ZxUSyA","257f1275","Some url","Some title","Some description"
"S9qjoQ@8","234","1b204a11","Some url","Some title","Some description"
"Ha0UDw@3","234","44b22ccf","Some url","Some title","Some description"
"Ha0UDw@3","123","8191f2d0","Some url","Some title","Some description"
"S9qjoQ@8","234","76c126c1","Some url","Some title","Some description"
"P1p1aQ@3","234","7d7f16e6","Some url","Some title","Some description"
"S9qjoQ@8","234","8fec136d","Some url","Some title","Some description"
"S9qjoQ@8","123","f451e940","Some url","Some title","Some description"
"Ha0UDw@3","123","4662e91f","Some url","Some title","Some description"
"S9qjoQ@8","234","bb897649","Some url","Some title","Some description"
"S9qjoQ@8","123","93d50014","Some url","Some title","Some description"
"Ha0UDw@3","123","687eb59c","Some url","Some title","Some description"
"S9qjoQ@8","234","f22e83a8","Some url","Some title","Some description"
"P1p1aQ@3","234","12a4ce72","Some url","Some title","Some description"
"Ha0UDw@3","234","468dc5fb","Some url","Some title","Some description"
"S9qjoQ@8","123","33ceb6d3","Some url","Some title","Some description"
"S9qjoQ@8","123","cd202a4a","Some url","Some title","Some description"
"Ha0UDw@3","123","a197b8bb","Some url","Some title","Some description"
"Ha0UDw@3","234","e5319b67","Some url","Some title","Some description"
"Ha0UDw@3","m7Hy3LzFRg-wp_vqk2FG2w","6f1f8943","Some url","Some title","Some description"
"S9qjoQ@8","123","b0e8b466","Some url","Some title","Some description"
"S9qjoQ@8","123","3745d0ae","Some url","Some title","Some description"
"Ha0UDw@3","234","5e8d8d8f","Some url","Some title","Some description"
"Ha0UDw@3","234","76c41b23","Some url","Some title","Some description"
"S9qjoQ@8","234","d1d648a5","Some url","Some title","Some description"
"P1p1aQ@3","123","a63c8a3f","Some url","Some title","Some description"
"Ha0UDw@3","123","f964b35d","Some url","Some title","Some description"
"Ha0UDw@3","jXvTczpuRxGcKUm6ZxUSyA","bcecdaa2","Some url","Some title","Some description"
"S9qjoQ@8","123","710ab545","Some url","Some title","Some description"
"P1p1aQ@3","234","7056ac70","Some url","Some title","Some description"
"P1p1aQ@3","234","c1a31dc4","Some url","Some title","Some description"
"Ha0UDw@3","123","79ecd70a","Some url","Some title","Some description"
"1uEo4w@4","234","b4f5fd9f","Some url","Some title","Some description"
"1uEo4w@4","123","483cb79d","Some url","Some title","Some description"
"P1p1aQ@3","123","ea15ab90","Some url","Some title","Some description"
"P1p1aQ@3","123","b5b3351a","Some url","Some title","Some description"
"Ha0UDw@3","m7Hy3LzFRg-wp_vqk2FG2w","a61eb564","Some url","Some title","Some description"
"S9qjoQ@8","234","e129acca","Some url","Some title","Some description"
"P1p1aQ@3","123","e26f144d","Some url","Some title","Some description"
"S9qjoQ@8","123","6aa00590","Some url","Some title","Some description"
"Ha0UDw@3","234","18709df2","Some url","Some title","Some description"
"S9qjoQ@8","234","b5d2b80e","Some url","Some title","Some description"
"P1p1aQ@3","234","7cfe97b9","Some url","Some title","Some description"
"S9qjoQ@8","123","7beed6d0","Some url","Some title","Some description"
"Ha0UDw@3","234","7294c707","Some url","Some title","Some description"
"S9qjoQ@8","234","3d9e275d","Some url","Some title","Some description"
"1uEo4w@4","234","8683ee96","Some url","Some title","Some description"
"Ha0UDw@3","234","d634c38f","Some url","Some title","Some description"
"P1p1aQ@3","m7Hy3LzFRg-wp_vqk2FG2w","1a190c83","Some url","Some title","Some description"
"P1p1aQ@3","123","14c22f03","Some url","Some title","Some description"
"S9qjoQ@8","m7Hy3LzFRg-wp_vqk2FG2w","fb4f2b3d","Some url","Some title","Some description"
"Ha0UDw@3","123","529441b0","Some url","Some title","Some description"
"S9qjoQ@8","234","f0ec35","Some url","Some title","Some description"
"1uEo4w@4","123","3d92313c","Some url","Some title","Some description"
"Ha0UDw@3","123","f29c93d6","Some url","Some title","Some description"
"S9qjoQ@8","234","201c0e0c","Some url","Some title","Some description"
"S9qjoQ@8","234","2e527a58","Some url","Some title","Some description"
"Ha0UDw@3","234","4a6bc6ed","Some url","Some title","Some description"
"P1p1aQ@3","123","83c734e5","Some url","Some title","Some description"
"S9qjoQ@8","234","264760fb","Some url","Some title","Some description"
"S9qjoQ@8","123","44b734cd","Some url","Some title","Some description"
"S9qjoQ@8","jXvTczpuRxGcKUm6ZxUSyA","f79406b8","Some url","Some title","Some description"
"Ha0UDw@3","234","3eb67939","Some url","Some title","Some description"
"S9qjoQ@8","234","59901919","Some url","Some title","Some description"
"S9qjoQ@8","123","247d5a06","Some url","Some title","Some description"
"1uEo4w@4","123","d542ffb2","Some url","Some title","Some description"
"Ha0UDw@3","m7Hy3LzFRg-wp_vqk2FG2w","66107533","Some url","Some title","Some description"
"1uEo4w@4","234","68bc569","Some url","Some title","Some description"
"1uEo4w@4","m7Hy3LzFRg-wp_vqk2FG2w","d2dbd44c","Some url","Some title","Some description"
"S9qjoQ@8","123","9c8f093a","Some url","Some title","Some description"
"S9qjoQ@8","jXvTczpuRxGcKUm6ZxUSyA","54989ab5","Some url","Some title","Some description"
"Ha0UDw@3","234","dff8a71d","Some url","Some title","Some description"
"S9qjoQ@8","234","9396ea4c","Some url","Some title","Some description"
"Ha0UDw@3","123","433c23de","Some url","Some title","Some description"
"S9qjoQ@8","123","3c1087d0","Some url","Some title","Some description"
"P1p1aQ@3","234","f7e089e6","Some url","Some title","Some description"
"S9qjoQ@8","m7Hy3LzFRg-wp_vqk2FG2w","5fa82e40","Some url","Some title","Some description"
"S9qjoQ@8","123","4ee5e3e6","Some url","Some title","Some description"
"S9qjoQ@8","234","3b56f500","Some url","Some title","Some description"
"1uEo4w@4","234","a2ca11d1","Some url","Some title","Some description"
"1uEo4w@4","jXvTczpuRxGcKUm6ZxUSyA","b069165","Some url","Some title","Some description"
"P1p1aQ@3","jXvTczpuRxGcKUm6ZxUSyA","f702c610","Some url","Some title","Some description"
"Ha0UDw@3","123","54bd75bf","Some url","Some title","Some description"
"1uEo4w@4","jXvTczpuRxGcKUm6ZxUSyA","4fc0db2a","Some url","Some title","Some description"
"S9qjoQ@8","234","a8e8fbc1","Some url","Some title","Some description"
"P1p1aQ@3","jXvTczpuRxGcKUm6ZxUSyA","421ace73","Some url","Some title","Some description"
"P1p1aQ@3","123","550b19e1","Some url","Some title","Some description"
"1uEo4w@4","123","9704e1b1","Some url","Some title","Some description"
"S9qjoQ@8","234","a48b5307","Some url","Some title","Some description"
"P1p1aQ@3","234","3d88cd53","Some url","Some title","Some description"
"P1p1aQ@3","123","3baf4f6b","Some url","Some title","Some description"
"Ha0UDw@3","234","17e2a55","Some url","Some title","Some description"
"Ha0UDw@3","123","69211668","Some url","Some title","Some description"
"S9qjoQ@8","234","b1c7567e","Some url","Some title","Some description"
"S9qjoQ@8","123","d5878042","Some url","Some title","Some description"
"S9qjoQ@8","234","f4516c6e","Some url","Some title","Some description"
"S9qjoQ@8","jXvTczpuRxGcKUm6ZxUSyA","d412b1a0","Some url","Some title","Some description"
"S9qjoQ@8","123","6caa9107","Some url","Some title","Some description"
"1uEo4w@4","123","862633b9","Some url","Some title","Some description"
"S9qjoQ@8","m7Hy3LzFRg-wp_vqk2FG2w","1c7ec98a","Some url","Some title","Some description"
"S9qjoQ@8","234","2f701d56","Some url","Some title","Some description"
"S9qjoQ@8","123","c1c32879","Some url","Some title","Some description"
"Ha0UDw@3","jXvTczpuRxGcKUm6ZxUSyA","2c477ee7","Some url","Some title","Some description"
"Ha0UDw@3","m7Hy3LzFRg-wp_vqk2FG2w","3e9b6b53","Some url","Some title","Some description"
"S9qjoQ@8","123","9fd408b8","Some url","Some title","Some description"
"1uEo4w@4","234","8b7ed8ce","Some url","Some title","Some description"
"P1p1aQ@3","123","dfaec214","Some url","Some title","Some description"
"S9qjoQ@8","123","7396864a","Some url","Some title","Some description"
"P1p1aQ@3","234","1411d463","Some url","Some title","Some description"
"Ha0UDw@3","234","5395a45a","Some url","Some title","Some description"
"S9qjoQ@8","123","706ec055","Some url","Some title","Some description"
"Ha0UDw@3","234","63532537","Some url","Some title","Some description"
"S9qjoQ@8","m7Hy3LzFRg-wp_vqk2FG2w","7e30613d","Some url","Some title","Some description"
"S9qjoQ@8","234","a0e2679","Some url","Some title","Some description"
"Ha0UDw@3","234","2e5bd70b","Some url","Some title","Some description"
"S9qjoQ@8","jXvTczpuRxGcKUm6ZxUSyA","91ba7b48","Some url","Some title","Some description"
"1uEo4w@4","234","565332cc","Some url","Some title","Some description"
"Ha0UDw@3","jXvTczpuRxGcKUm6ZxUSyA","b1680dc3","Some url","Some title","Some description"
"P1p1aQ@3","123","b2fce27f","Some url","Some title","Some description"
"Ha0UDw@3","m7Hy3LzFRg-wp_vqk2FG2w","5975406e","Some url","Some title","Some description"
"Ha0UDw@3","m7Hy3LzFRg-wp_vqk2FG2w","386b31a7","Some url","Some title","Some description"
"S9qjoQ@8","123","7419fd58","Some url","Some title","Some description"
"1uEo4w@4","jXvTczpuRxGcKUm6ZxUSyA","141015e0","Some url","Some title","Some description"
"S9qjoQ@8","123","195b77fd","Some url","Some title","Some description"
"P1p1aQ@3","123","a9eca8f7","Some url","Some title","Some description"
"S9qjoQ@8","234","1aff7f03","Some url","Some title","Some description"
"Ha0UDw@3","m7Hy3LzFRg-wp_vqk2FG2w","e8b28975","Some url","Some title","Some description"
"S9qjoQ@8","234","fddb00ba","Some url","Some title","Some description"
"P1p1aQ@3","123","45668447","Some url","Some title","Some description"
"1uEo4w@4","234","d04bbe43","Some url","Some title","Some description"
"Ha0UDw@3","jXvTczpuRxGcKUm6ZxUSyA","82254e16","Some url","Some title","Some description"
"P1p1aQ@3","m7Hy3LzFRg-wp_vqk2FG2w","96fec373","Some url","Some title","Some description"
"S9qjoQ@8","234","50489a6c","Some url","Some title","Some description"
"S9qjoQ@8","123","4fae732a","Some url","Some title","Some description"
"S9qjoQ@8","123","a7ea805c","Some url","Some title","Some description"
"S9qjoQ@8","234","a6e4baf4","Some url","Some title","Some description"
"Ha0UDw@3","123","51cb80a3","Some url","Some title","Some description"
"P1p1aQ@3","123","c797f8d6","Some url","Some title","Some description"
"S9qjoQ@8","234","e9efd308","Some url","Some title","Some description"
"Ha0UDw@3","m7Hy3LzFRg-wp_vqk2FG2w","c95d10d2","Some url","Some title","Some description"
"S9qjoQ@8","123","3bd43cca","Some url","Some title","Some description"
"P1p1aQ@3","123","b9fae","Some url","Some title","Some description"
"Ha0UDw@3","234","fed8021a","Some url","Some title","Some description"
"1uEo4w@4","123","7153071a","Some url","Some title","Some description"
"S9qjoQ@8","123","256712c4","Some url","Some title","Some description"
"1uEo4w@4","234","3ea68b6","Some url","Some title","Some description"
"S9qjoQ@8","m7Hy3LzFRg-wp_vqk2FG2w","1fc83af","Some url","Some title","Some description"
"1uEo4w@4","jXvTczpuRxGcKUm6ZxUSyA","cf42dfe8","Some url","Some title","Some description"
"S9qjoQ@8","123","577e4f04","Some url","Some title","Some description"
"S9qjoQ@8","123","e3aaa1ed","Some url","Some title","Some description"
"P1p1aQ@3","234","5ae167c3","Some url","Some title","Some description"
"S9qjoQ@8","234","c90ed3ab","Some url","Some title","Some description"
"Ha0UDw@3","123","ed35789b","Some url","Some title","Some description"
"1uEo4w@4","234","6c929b82","Some url","Some title","Some description"
"1uEo4w@4","123","41d23371","Some url","Some title","Some description"
"S9qjoQ@8","123","e88d9fc5","Some url","Some title","Some description"
"S9qjoQ@8","m7Hy3LzFRg-wp_vqk2FG2w","b09d4781","Some url","Some title","Some description"
"S9qjoQ@8","123","c6215406","Some url","Some title","Some description"
"P1p1aQ@3","234","d0c3da42","Some url","Some title","Some description"
"S9qjoQ@8","123","65979bc","Some url","Some title","Some description"
"P1p1aQ@3","123","33f73fbb","Some url","Some title","Some description"
"Ha0UDw@3","234","d4ada0b1","Some url","Some title","Some description"
"Ha0UDw@3","jXvTczpuRxGcKUm6ZxUSyA","465e0edf","Some url","Some title","Some description"
"S9qjoQ@8","234","423486af","Some url","Some title","Some description"
"Ha0UDw@3","123","6757e486","Some url","Some title","Some description"
"Ha0UDw@3","m7Hy3LzFRg-wp_vqk2FG2w","fcffb472","Some url","Some title","Some description"
"P1p1aQ@3","123","2ee95b1a","Some url","Some title","Some description"
"Ha0UDw@3","123","d4d26264","Some url","Some title","Some description"
"Ha0UDw@3","123","b6729fd5","Some url","Some title","Some description"
"S9qjoQ@8","jXvTczpuRxGcKUm6ZxUSyA","8b7e6c17","Some url","Some title","Some description"
"S9qjoQ@8","234","79ccbe8","Some url","Some title","Some description"
"S9qjoQ@8","234","8e81dc2b","Some url","Some title","Some description"
"Ha0UDw@3","m7Hy3LzFRg-wp_vqk2FG2w","df21e3b0","Some url","Some title","Some description"
"1uEo4w@4","234","cc7d51b0","Some url","Some title","Some description"
"S9qjoQ@8","234","9aad4556","Some url","Some title","Some description"
"Ha0UDw@3","234","9914878b","Some url","Some title","Some description"
"S9qjoQ@8","123","50fa747c","Some url","Some title","Some description"
"Ha0UDw@3","234","3ebfb6b","Some url","Some title","Some description"
"P1p1aQ@3","234","c556504","Some url","Some title","Some description"
"S9qjoQ@8","m7Hy3LzFRg-wp_vqk2FG2w","4b4142e1","Some url","Some title","Some description"
"1uEo4w@4","234","3ab81256","Some url","Some title","Some description"
"Ha0UDw@3","234","30fe53ec","Some url","Some title","Some description"
"S9qjoQ@8","m7Hy3LzFRg-wp_vqk2FG2w","784884ab","Some url","Some title","Some description"
"S9qjoQ@8","234","6182353c","Some url","Some title","Some description"
"Ha0UDw@3","123","197b8213","Some url","Some title","Some description"
"Ha0UDw@3","234","8c7fa8e8","Some url","Some title","Some description"
"S9qjoQ@8","jXvTczpuRxGcKUm6ZxUSyA","e1b3dec6","Some url","Some title","Some description"
"S9qjoQ@8","234","de525fc3","Some url","Some title","Some description"
"P1p1aQ@3","jXvTczpuRxGcKUm6ZxUSyA","b54d892b","Some url","Some title","Some description"
"S9qjoQ@8","123","23dfbb2c","Some url","Some title","Some description"
"S9qjoQ@8","234","8fe4a154","Some url","Some title","Some description"
"S9qjoQ@8","jXvTczpuRxGcKUm6ZxUSyA","f1d3c05f","Some url","Some title","Some description"
"Ha0UDw@3","123","bc7a7fed","Some url","Some title","Some description"
"S9qjoQ@8","123","de2f1c4d","Some url","Some title","Some description"
"S9qjoQ@8","123","af6122bc","Some url","Some title","Some description"
"S9qjoQ@8","jXvTczpuRxGcKUm6ZxUSyA","d6fd943b","Some url","Some title","Some description"
"S9qjoQ@8","m7Hy3LzFRg-wp_vqk2FG2w","ed58a9b4","Some url","Some title","Some description"
"S9qjoQ@8","m7Hy3LzFRg-wp_vqk2FG2w","7c18a8ff","Some url","Some title","Some description"
"P1p1aQ@3","m7Hy3LzFRg-wp_vqk2FG2w","4891acee","Some url","Some title","Some description"
"S9qjoQ@8","jXvTczpuRxGcKUm6ZxUSyA","560dc530","Some url","Some title","Some description"
"S9qjoQ@8","123","bcc721cd","Some url","Some title","Some description"
"P1p1aQ@3","123","31846b84","Some url","Some title","Some description"
"Ha0UDw@3","234","ec036ab8","Some url","Some title","Some description"
"S9qjoQ@8","123","6810405d","Some url","Some title","Some description"
"Ha0UDw@3","123","5ee05e3","Some url","Some title","Some description"
"S9qjoQ@8","234","d26ff18b","Some url","Some title","Some description"
"Ha0UDw@3","234","51128443","Some url","Some title","Some description"
"S9qjoQ@8","123","fb7ca048","Some url","Some title","Some description"
"1uEo4w@4","123","db742f35","Some url","Some title","Some description"
"Ha0UDw@3","m7Hy3LzFRg-wp_vqk2FG2w","126caf54","Some url","Some title","Some description"
"S9qjoQ@8","jXvTczpuRxGcKUm6ZxUSyA","b325d53e","Some url","Some title","Some description"
"S9qjoQ@8","234","388b414","Some url","Some title","Some description"
"P1p1aQ@3","m7Hy3LzFRg-wp_vqk2FG2w","eb50d7e6","Some url","Some title","Some description"
"1uEo4w@4","234","de427d5d","Some url","Some title","Some description"
"S9qjoQ@8","234","b6c89d7","Some url","Some title","Some description"
"S9qjoQ@8","m7Hy3LzFRg-wp_vqk2FG2w","ae1b3f69","Some url","Some title","Some description"
"S9qjoQ@8","234","ce5cf7a","Some url","Some title","Some description"
"S9qjoQ@8","123","d69584a9","Some url","Some title","Some description"
"Ha0UDw@3","jXvTczpuRxGcKUm6ZxUSyA","76ae28fd","Some url","Some title","Some description"
"S9qjoQ@8","234","ea0a8a74","Some url","Some title","Some description"
"P1p1aQ@3","123","4bfbe13e","Some url","Some title","Some description"
"P1p1aQ@3","123","5161d5e0","Some url","Some title","Some description"
"Ha0UDw@3","123","b0618df","Some url","Some title","Some description"
"P1p1aQ@3","jXvTczpuRxGcKUm6ZxUSyA","ea0ab5b9","Some url","Some title","Some description"
"Ha0UDw@3","234","2ed4301b","Some url","Some title","Some description"
"Ha0UDw@3","123","4fc34e09","Some url","Some title","Some description"
"Ha0UDw@3","123","f27ce11c","Some url","Some title","Some description"
"S9qjoQ@8","123","44195123","Some url","Some title","Some description"
"P1p1aQ@3","jXvTczpuRxGcKUm6ZxUSyA","2f4466a4","Some url","Some title","Some description"
"S9qjoQ@8","123","5f0de728","Some url","Some title","Some description"
"Ha0UDw@3","234","f02458c0","Some url","Some title","Some description"
"1uEo4w@4","123","13ed9571","Some url","Some title","Some description"
"S9qjoQ@8","m7Hy3LzFRg-wp_vqk2FG2w","1be329ae","Some url","Some title","Some description"
"P1p1aQ@3","234","10b2fe14","Some url","Some title","Some description"
"Ha0UDw@3","m7Hy3LzFRg-wp_vqk2FG2w","858f1480","Some url","Some title","Some description"
"Ha0UDw@3","234","8c655e34","Some url","Some title","Some description"
"S9qjoQ@8","123","a83c93cd","Some url","Some title","Some description"
"1uEo4w@4","234","f2dbffdc","Some url","Some title","Some description"
"Ha0UDw@3","234","b9c39483","Some url","Some title","Some description"
"Ha0UDw@3","123","df022306","Some url","Some title","Some description"
"P1p1aQ@3","m7Hy3LzFRg-wp_vqk2FG2w","cdf61bba","Some url","Some title","Some description"
"Ha0UDw@3","123","6a47018a","Some url","Some title","Some description"
"S9qjoQ@8","234","f541ed9d","Some url","Some title","Some description"
"S9qjoQ@8","jXvTczpuRxGcKUm6ZxUSyA","34240af1","Some url","Some title","Some description"
"1uEo4w@4","123","cb0ae0b","Some url","Some title","Some description"
"Ha0UDw@3","jXvTczpuRxGcKUm6ZxUSyA","17010dea","Some url","Some title","Some description"
"1uEo4w@4","234","b9090664","Some url","Some title","Some description"
"Ha0UDw@3","234","c20a8778","Some url","Some title","Some description"
"Ha0UDw@3","jXvTczpuRxGcKUm6ZxUSyA","6431ddb0","Some url","Some title","Some description"
"P1p1aQ@3","123","5baa6b48","Some url","Some title","Some description"
"1uEo4w@4","234","e6fcf0d8","Some url","Some title","Some description"
"1uEo4w@4","m7Hy3LzFRg-wp_vqk2FG2w","375695c8","Some url","Some title","Some description"
"S9qjoQ@8","m7Hy3LzFRg-wp_vqk2FG2w","e9223da7","Some url","Some title","Some description"
"Ha0UDw@3","234","b3d79e02","Some url","Some title","Some description"
"S9qjoQ@8","m7Hy3LzFRg-wp_vqk2FG2w","9413a4c0","Some url","Some title","Some description"
"S9qjoQ@8","m7Hy3LzFRg-wp_vqk2FG2w","ca41fc1a","Some url","Some title","Some description"
"S9qjoQ@8","234","6dad520","Some url","Some title","Some description"
"Ha0UDw@3","jXvTczpuRxGcKUm6ZxUSyA","3c35d344","Some url","Some title","Some description"
"S9qjoQ@8","234","57fd2f99","Some url","Some title","Some description"
"S9qjoQ@8","123","8eaa8f46","Some url","Some title","Some description"
"S9qjoQ@8","234","92c75afc","Some url","Some title","Some description"
"1uEo4w@4","234","bd382b8","Some url","Some title","Some description"
"Ha0UDw@3","123","683c62cd","Some url","Some title","Some description"
"Ha0UDw@3","234","55212e5c","Some url","Some title","Some description"
"Ha0UDw@3","123","401927e3","Some url","Some title","Some description"
"1uEo4w@4","234","9d49bb02","Some url","Some title","Some description"
"Ha0UDw@3","m7Hy3LzFRg-wp_vqk2FG2w","6cd5ad62","Some url","Some title","Some description"
"S9qjoQ@8","jXvTczpuRxGcKUm6ZxUSyA","c671bcdc","Some url","Some title","Some description"
"S9qjoQ@8","234","49ad866","Some url","Some title","Some description"
"Ha0UDw@3","234","cb24c5e1","Some url","Some title","Some description"
"S9qjoQ@8","123","5edfa623","Some url","Some title","Some description"
"P1p1aQ@3","m7Hy3LzFRg-wp_vqk2FG2w","8c6cae97","Some url","Some title","Some description"
"Ha0UDw@3","234","aeeb2738","Some url","Some title","Some description"
"Ha0UDw@3","234","bfb21fbe","Some url","Some title","Some description"
"P1p1aQ@3","jXvTczpuRxGcKUm6ZxUSyA","40869cc4","Some url","Some title","Some description"
"S9qjoQ@8","123","663c575b","Some url","Some title","Some description"
"Ha0UDw@3","m7Hy3LzFRg-wp_vqk2FG2w","4d87298a","Some url","Some title","Some description"
"S9qjoQ@8","123","4a94b3ff","Some url","Some title","Some description"
"1uEo4w@4","m7Hy3LzFRg-wp_vqk2FG2w","b1ef26ed","Some url","Some title","Some description"
"S9qjoQ@8","123","b1edbf39","Some url","Some title","Some description"
"S9qjoQ@8","234","330e4819","Some url","Some title","Some description"
"Ha0UDw@3","123","2d90e621","Some url","Some title","Some description"
"S9qjoQ@8","234","3b895ffc","Some url","Some title","Some description"
"1uEo4w@4","234","c9c16dd7","Some url","Some title","Some description"
"S9qjoQ@8","234","6bc3dada","Some url","Some title","Some description"
"P1p1aQ@3","jXvTczpuRxGcKUm6ZxUSyA","2ebd926f","Some url","Some title","Some description"
"Ha0UDw@3","123","c2892bd2","Some url","Some title","Some description"
"S9qjoQ@8","m7Hy3LzFRg-wp_vqk2FG2w","d356e0db","Some url","Some title","Some description"
"1uEo4w@4","234","7fbb9d56","Some url","Some title","Some description"
"P1p1aQ@3","234","4b7a0e1a","Some url","Some title","Some description"
"S9qjoQ@8","m7Hy3LzFRg-wp_vqk2FG2w","295dab88","Some url","Some title","Some description"
"P1p1aQ@3","234","5d0df90f","Some url","Some title","Some description"
"S9qjoQ@8","m7Hy3LzFRg-wp_vqk2FG2w","52b3edf3","Some url","Some title","Some description"
"S9qjoQ@8","jXvTczpuRxGcKUm6ZxUSyA","98e2de7a","Some url","Some title","Some description"
"1uEo4w@4","234","389e06c4","Some url","Some title","Some description"
"Ha0UDw@3","m7Hy3LzFRg-wp_vqk2FG2w","382f2e81","Some url","Some title","Some description"
"S9qjoQ@8","234","b994ea8a","Some url","Some title","Some description"
"Ha0UDw@3","234","5c009521","Some url","Some title","Some description"
"S9qjoQ@8","234","4a56aff9","Some url","Some title","Some description"
"1uEo4w@4","123","95af5273","Some url","Some title","Some description"
"Ha0UDw@3","234","e8318c8b","Some url","Some title","Some description"
"1uEo4w@4","234","c57448d9","Some url","Some title","Some description"
"S9qjoQ@8","m7Hy3LzFRg-wp_vqk2FG2w","97c0cb26","Some url","Some title","Some description"
"P1p1aQ@3","123","dde866a9","Some url","Some title","Some description"
"S9qjoQ@8","234","6f865800","Some url","Some title","Some description"
"S9qjoQ@8","234","65140fe7","Some url","Some title","Some description"
"1uEo4w@4","234","f23ae6a","Some url","Some title","Some description"
"S9qjoQ@8","123","a9de18f1","Some url","Some title","Some description"
"1uEo4w@4","123","7ac2e434","Some url","Some title","Some description"
"Ha0UDw@3","m7Hy3LzFRg-wp_vqk2FG2w","4821769e","Some url","Some title","Some description"
"Ha0UDw@3","m7Hy3LzFRg-wp_vqk2FG2w","a63c48a","Some url","Some title","Some description"
"Ha0UDw@3","m7Hy3LzFRg-wp_vqk2FG2w","bece48b9","Some url","Some title","Some description"
"Ha0UDw@3","234","ac0bcb3a","Some url","Some title","Some description"
"S9qjoQ@8","m7Hy3LzFRg-wp_vqk2FG2w","aee8073b","Some url","Some title","Some description"
"1uEo4w@4","jXvTczpuRxGcKUm6ZxUSyA","679ca6b7","Some url","Some title","Some description"
"1uEo4w@4","234","81bea23c","Some url","Some title","Some description"
"Ha0UDw@3","m7Hy3LzFRg-wp_vqk2FG2w","8c316b64","Some url","Some title","Some description"
"Ha0UDw@3","234","9060533d","Some url","Some title","Some description"
"P1p1aQ@3","234","7b49899e","Some url","Some title","Some description"
"Ha0UDw@3","123","177494cf","Some url","Some title","Some description"
"Ha0UDw@3","m7Hy3LzFRg-wp_vqk2FG2w","e9ff2ec3","Some url","Some title","Some description"
"S9qjoQ@8","123","f54c49af","Some url","Some title","Some description"
"S9qjoQ@8","234","a7b337a8","Some url","Some title","Some description"
"Ha0UDw@3","jXvTczpuRxGcKUm6ZxUSyA","95ca6750","Some url","Some title","Some description"
"S9qjoQ@8","m7Hy3LzFRg-wp_vqk2FG2w","b46ee407","Some url","Some title","Some description"
"S9qjoQ@8","123","49ae8775","Some url","Some title","Some description"
"S9qjoQ@8","123","8d5eec3b","Some url","Some title","Some description"
"Ha0UDw@3","234","84eaeb0b","Some url","Some title","Some description"
"S9qjoQ@8","234","7e264a38","Some url","Some title","Some description"
"S9qjoQ@8","123","f55db7b6","Some url","Some title","Some description"
"1uEo4w@4","234","ccf13ab5","Some url","Some title","Some description"
"1uEo4w@4","234","a2f45a7d","Some url","Some title","Some description"
"P1p1aQ@3","234","1e30a41e","Some url","Some title","Some description"
"Ha0UDw@3","jXvTczpuRxGcKUm6ZxUSyA","b171f425","Some url","Some title","Some description"
"S9qjoQ@8","m7Hy3LzFRg-wp_vqk2FG2w","38337152","Some url","Some title","Some description"
"S9qjoQ@8","234","2cd9dc85","Some url","Some title","Some description"
"1uEo4w@4","jXvTczpuRxGcKUm6ZxUSyA","61ad2b1c","Some url","Some title","Some description"
"Ha0UDw@3","m7Hy3LzFRg-wp_vqk2FG2w","d7728168","Some url","Some title","Some description"
"S9qjoQ@8","123","a83ce4b1","Some url","Some title","Some description"
"S9qjoQ@8","m7Hy3LzFRg-wp_vqk2FG2w","ded6ea6f","Some url","Some title","Some description"
"1uEo4w@4","234","76a4aaae","Some url","Some title","Some description"
"S9qjoQ@8","m7Hy3LzFRg-wp_vqk2FG2w","66a6c743","Some url","Some title","Some description"
"S9qjoQ@8","234","863671e3","Some url","Some title","Some description"
"P1p1aQ@3","m7Hy3LzFRg-wp_vqk2FG2w","3332e84d","Some url","Some title","Some description"
"Ha0UDw@3","m7Hy3LzFRg-wp_vqk2FG2w","508bbedd","Some url","Some title","Some description"
"P1p1aQ@3","jXvTczpuRxGcKUm6ZxUSyA","7a3725","Some url","Some title","Some description"
"1uEo4w@4","123","d702b3bd","Some url","Some title","Some description"
"1uEo4w@4","234","d9d568bb","Some url","Some title","Some description"
"Ha0UDw@3","234","816ef0c8","Some url","Some title","Some description"
"Ha0UDw@3","234","260dadcc","Some url","Some title","Some description"
"P1p1aQ@3","123","6e4c70b0","Some url","Some title","Some description"
"S9qjoQ@8","234","9a11e31f","Some url","Some title","Some description"
"S9qjoQ@8","123","7ab9052c","Some url","Some title","Some description"
"Ha0UDw@3","123","b54bbfe8","Some url","Some title","Some description"
"S9qjoQ@8","234","f3c8e803","Some url","Some title","Some description"
"Ha0UDw@3","234","db655c3d","Some url","Some title","Some description"
"S9qjoQ@8","123","e6474418","Some url","Some title","Some description"
"P1p1aQ@3","234","2f44e245","Some url","Some title","Some description"
"S9qjoQ@8","m7Hy3LzFRg-wp_vqk2FG2w","98493931","Some url","Some title","Some description"
"P1p1aQ@3","234","d8846a47","Some url","Some title","Some description"
"Ha0UDw@3","123","7cd222f9","Some url","Some title","Some description"
"P1p1aQ@3","m7Hy3LzFRg-wp_vqk2FG2w","6e597daa","Some url","Some title","Some description"
"P1p1aQ@3","234","7b591581","Some url","Some title","Some description"
"Ha0UDw@3","234","c1ce9043","Some url","Some title","Some description"
"S9qjoQ@8","m7Hy3LzFRg-wp_vqk2FG2w","f38bd763","Some url","Some title","Some description"
"1uEo4w@4","m7Hy3LzFRg-wp_vqk2FG2w","1d59beb9","Some url","Some title","Some description"
"Ha0UDw@3","jXvTczpuRxGcKUm6ZxUSyA","7acbfd01","Some url","Some title","Some description"
"P1p1aQ@3","m7Hy3LzFRg-wp_vqk2FG2w","97430891","Some url","Some title","Some description"
"Ha0UDw@3","234","e10efd1","Some url","Some title","Some description"
"P1p1aQ@3","m7Hy3LzFRg-wp_vqk2FG2w","fe29cc5a","Some url","Some title","Some description"
"Ha0UDw@3","123","f5f7f7b3","Some url","Some title","Some description"
"Ha0UDw@3","m7Hy3LzFRg-wp_vqk2FG2w","f3acd9e7","Some url","Some title","Some description"
"1uEo4w@4","234","3acbd2aa","Some url","Some title","Some description"
"S9qjoQ@8","234","ed87108f","Some url","Some title","Some description"
"Ha0UDw@3","234","7818b929","Some url","Some title","Some description"
"S9qjoQ@8","jXvTczpuRxGcKUm6ZxUSyA","cb87fa49","Some url","Some title","Some description"
"Ha0UDw@3","jXvTczpuRxGcKUm6ZxUSyA","7fcbcd02","Some url","Some title","Some description"
"S9qjoQ@8","jXvTczpuRxGcKUm6ZxUSyA","b8277868","Some url","Some title","Some description"
"P1p1aQ@3","m7Hy3LzFRg-wp_vqk2FG2w","a57c1938","Some url","Some title","Some description"
"S9qjoQ@8","jXvTczpuRxGcKUm6ZxUSyA","aa8e4ca6","Some url","Some title","Some description"
"Ha0UDw@3","123","199b334d","Some url","Some title","Some description"
"P1p1aQ@3","m7Hy3LzFRg-wp_vqk2FG2w","4ff16203","Some url","Some title","Some description"
"S9qjoQ@8","234","3a2bf8c1","Some url","Some title","Some description"
"S9qjoQ@8","123","268ba266","Some url","Some title","Some description"
"S9qjoQ@8","123","e9303648","Some url","Some title","Some description"
"P1p1aQ@3","123","ae1b3f69","Some url","Some title","Some description"
"S9qjoQ@8","123","d71b1dfe","Some url","Some title","Some description"
"S9qjoQ@8","m7Hy3LzFRg-wp_vqk2FG2w","6886593e","Some url","Some title","Some description"
"Ha0UDw@3","m7Hy3LzFRg-wp_vqk2FG2w","b4ffb899","Some url","Some title","Some description"
"Ha0UDw@3","jXvTczpuRxGcKUm6ZxUSyA","bfd5ddd","Some url","Some title","Some description"
"P1p1aQ@3","123","2012107d","Some url","Some title","Some description"
"1uEo4w@4","123","71f383fb","Some url","Some title","Some description"
"S9qjoQ@8","123","80b3c752","Some url","Some title","Some description"
"1uEo4w@4","m7Hy3LzFRg-wp_vqk2FG2w","fa470e74","Some url","Some title","Some description"
"S9qjoQ@8","234","eb89d6fe","Some url","Some title","Some description"
"1uEo4w@4","234","86138da4","Some url","Some title","Some description"
"1uEo4w@4","234","caba0ca7","Some url","Some title","Some description"
"Ha0UDw@3","234","10b6699a","Some url","Some title","Some description"
"S9qjoQ@8","123","bb54d556","Some url","Some title","Some description"
"S9qjoQ@8","123","19b9fe2a","Some url","Some title","Some description"
"S9qjoQ@8","jXvTczpuRxGcKUm6ZxUSyA","486a784e","Some url","Some title","Some description"
"1uEo4w@4","123","e7040bdd","Some url","Some title","Some description"
"Ha0UDw@3","123","ece1f30e","Some url","Some title","Some description"
"S9qjoQ@8","234","30487bd5","Some url","Some title","Some description"
"P1p1aQ@3","234","ce593e00","Some url","Some title","Some description"
"Ha0UDw@3","123","686f3d95","Some url","Some title","Some description"
"S9qjoQ@8","234","9f0c6217","Some url","Some title","Some description"
"S9qjoQ@8","jXvTczpuRxGcKUm6ZxUSyA","2fa548aa","Some url","Some title","Some description"
"Ha0UDw@3","m7Hy3LzFRg-wp_vqk2FG2w","91813ce0","Some url","Some title","Some description"
"Ha0UDw@3","234","7a06e315","Some url","Some title","Some description"
"S9qjoQ@8","234","82c73a52","Some url","Some title","Some description"
"Ha0UDw@3","234","496ffbe6","Some url","Some title","Some description"
"S9qjoQ@8","234","85efd3e3","Some url","Some title","Some description"
"S9qjoQ@8","234","7979ed28","Some url","Some title","Some description"
"S9qjoQ@8","123","d65218f9","Some url","Some title","Some description"
"Ha0UDw@3","123","f48abcdf","Some url","Some title","Some description"
"S9qjoQ@8","m7Hy3LzFRg-wp_vqk2FG2w","cac5f364","Some url","Some title","Some description"
"Ha0UDw@3","m7Hy3LzFRg-wp_vqk2FG2w","b9bf3c30","Some url","Some title","Some description"
"Ha0UDw@3","234","97aaa28e","Some url","Some title","Some description"
"S9qjoQ@8","234","77daa8e6","Some url","Some title","Some description"
"S9qjoQ@8","234","2775307","Some url","Some title","Some description"
"S9qjoQ@8","123","1c2eedb8","Some url","Some title","Some description"
"Ha0UDw@3","234","5b5bb4d4","Some url","Some title","Some description"
"1uEo4w@4","123","8bf17b03","Some url","Some title","Some description"
"Ha0UDw@3","123","5e663fd8","Some url","Some title","Some description"
"Ha0UDw@3","123","e44e716","Some url","Some title","Some description"
"1uEo4w@4","234","f65c9551","Some url","Some title","Some description"
"S9qjoQ@8","234","5668e83e","Some url","Some title","Some description"
"S9qjoQ@8","123","deb0361","Some url","Some title","Some description"
"Ha0UDw@3","123","a06bc9a9","Some url","Some title","Some description"
"S9qjoQ@8","234","8e1b41a6","Some url","Some title","Some description"
"S9qjoQ@8","123","47a574e7","Some url","Some title","Some description"
"Ha0UDw@3","234","5615c1ee","Some url","Some title","Some description"
"S9qjoQ@8","234","ed1643fe","Some url","Some title","Some description"
"S9qjoQ@8","jXvTczpuRxGcKUm6ZxUSyA","e61387aa","Some url","Some title","Some description"
"S9qjoQ@8","234","2ee2016e","Some url","Some title","Some description"
"S9qjoQ@8","jXvTczpuRxGcKUm6ZxUSyA","c279422","Some url","Some title","Some description"
"S9qjoQ@8","m7Hy3LzFRg-wp_vqk2FG2w","dbe09051","Some url","Some title","Some description"
"1uEo4w@4","123","ced6e56d","Some url","Some title","Some description"
"1uEo4w@4","123","f8f6ac9d","Some url","Some title","Some description"
"S9qjoQ@8","234","5baa6b48","Some url","Some title","Some description"
"P1p1aQ@3","234","3ca3c07e","Some url","Some title","Some description"
"P1p1aQ@3","123","c86d67","Some url","Some title","Some description"
"S9qjoQ@8","m7Hy3LzFRg-wp_vqk2FG2w","363650b5","Some url","Some title","Some description"
"1uEo4w@4","m7Hy3LzFRg-wp_vqk2FG2w","1b2dbf36","Some url","Some title","Some description"
"S9qjoQ@8","234","a0625af9","Some url","Some title","Some description"
"S9qjoQ@8","123","6697d4e2","Some url","Some title","Some description"
"S9qjoQ@8","123","1b430de","Some url","Some title","Some description"
"S9qjoQ@8","123","acf2c2a","Some url","Some title","Some description"
"Ha0UDw@3","234","58e38843","Some url","Some title","Some description"
"Ha0UDw@3","123","b45bd52","Some url","Some title","Some description"
"S9qjoQ@8","234","79429919","Some url","Some title","Some description"
"Ha0UDw@3","m7Hy3LzFRg-wp_vqk2FG2w","fad17924","Some url","Some title","Some description"
"S9qjoQ@8","m7Hy3LzFRg-wp_vqk2FG2w","63d946ae","Some url","Some title","Some description"
"1uEo4w@4","234","70d4890e","Some url","Some title","Some description"
"Ha0UDw@3","234","ed42db4a","Some url","Some title","Some description"
"S9qjoQ@8","m7Hy3LzFRg-wp_vqk2FG2w","308873b2","Some url","Some title","Some description"
"P1p1aQ@3","234","bf9c2853","Some url","Some title","Some description"
"Ha0UDw@3","jXvTczpuRxGcKUm6ZxUSyA","34d89395","Some url","Some title","Some description"
"S9qjoQ@8","123","47575ecb","Some url","Some title","Some description"
"P1p1aQ@3","234","3ff6041f","Some url","Some title","Some description"
"S9qjoQ@8","234","65b8364d","Some url","Some title","Some description"
"S9qjoQ@8","123","3849924e","Some url","Some title","Some description"
"S9qjoQ@8","123","98063745","Some url","Some title","Some description"
"1uEo4w@4","123","f8b916e6","Some url","Some title","Some description"
"Ha0UDw@3","m7Hy3LzFRg-wp_vqk2FG2w","d382d324","Some url","Some title","Some description"
"S9qjoQ@8","123","3b3a82c7","Some url","Some title","Some description"
"Ha0UDw@3","jXvTczpuRxGcKUm6ZxUSyA","56fb88c5","Some url","Some title","Some description"
"P1p1aQ@3","123","b9cc8182","Some url","Some title","Some description"
"S9qjoQ@8","123","7f5e850b","Some url","Some title","Some description"
"1uEo4w@4","234","cd907a5e","Some url","Some title","Some description"
"S9qjoQ@8","234","89c7a829","Some url","Some title","Some description"
"S9qjoQ@8","m7Hy3LzFRg-wp_vqk2FG2w","b774e7cd","Some url","Some title","Some description"
"S9qjoQ@8","234","d7aa2edb","Some url","Some title","Some description"
"P1p1aQ@3","123","7886da25","Some url","Some title","Some description"
"Ha0UDw@3","m7Hy3LzFRg-wp_vqk2FG2w","a27c6b36","Some url","Some title","Some description"
"S9qjoQ@8","234","343c7cd6","Some url","Some title","Some description"
"Ha0UDw@3","m7Hy3LzFRg-wp_vqk2FG2w","e9b9c63c","Some url","Some title","Some description"
"S9qjoQ@8","123","d9d72422","Some url","Some title","Some description"
"S9qjoQ@8","123","7e264a38","Some url","Some title","Some description"
"S9qjoQ@8","234","b467040","Some url","Some title","Some description"
"P1p1aQ@3","m7Hy3LzFRg-wp_vqk2FG2w","ff3bd8e3","Some url","Some title","Some description"
"S9qjoQ@8","123","215597ad","Some url","Some title","Some description"
"Ha0UDw@3","m7Hy3LzFRg-wp_vqk2FG2w","ed416c1b","Some url","Some title","Some description"
"P1p1aQ@3","234","99d78cb","Some url","Some title","Some description"
"S9qjoQ@8","123","5cd0d8bc","Some url","Some title","Some description"
"P1p1aQ@3","m7Hy3LzFRg-wp_vqk2FG2w","bf80de8b","Some url","Some title","Some description"
"Ha0UDw@3","123","b62bc05e","Some url","Some title","Some description"
"S9qjoQ@8","jXvTczpuRxGcKUm6ZxUSyA","d631347c","Some url","Some title","Some description"
"S9qjoQ@8","123","a0caa2b8","Some url","Some title","Some description"
"S9qjoQ@8","234","f65fb6eb","Some url","Some title","Some description"
"Ha0UDw@3","234","f88cf757","Some url","Some title","Some description"
"S9qjoQ@8","234","d350f4cc","Some url","Some title","Some description"
"Ha0UDw@3","123","a7f1b45b","Some url","Some title","Some description"
"P1p1aQ@3","234","b9ca82fb","Some url","Some title","Some description"
"Ha0UDw@3","234","f9a0a699","Some url","Some title","Some description"
"1uEo4w@4","234","3ff41483","Some url","Some title","Some description"
"Ha0UDw@3","123","c32cbdfc","Some url","Some title","Some description"
"S9qjoQ@8","234","d834d985","Some url","Some title","Some description"
"1uEo4w@4","234","3b1b4947","Some url","Some title","Some description"
"P1p1aQ@3","123","5ae396ce","Some url","Some title","Some description"
"1uEo4w@4","234","1695bb69","Some url","Some title","Some description"
"Ha0UDw@3","123","532366b8","Some url","Some title","Some description"
"1uEo4w@4","jXvTczpuRxGcKUm6ZxUSyA","a7192cf4","Some url","Some title","Some description"
"Ha0UDw@3","234","709eddad","Some url","Some title","Some description"
"Ha0UDw@3","123","4e006d1f","Some url","Some title","Some description"
"Ha0UDw@3","234","aadcc47d","Some url","Some title","Some description"
"S9qjoQ@8","234","61b39d48","Some url","Some title","Some description"
"Ha0UDw@3","234","28523b05","Some url","Some title","Some description"
"S9qjoQ@8","m7Hy3LzFRg-wp_vqk2FG2w","40be1fba","Some url","Some title","Some description"
"P1p1aQ@3","123","a3514bb1","Some url","Some title","Some description"
"S9qjoQ@8","m7Hy3LzFRg-wp_vqk2FG2w","ca649af8","Some url","Some title","Some description"
"S9qjoQ@8","123","83cd54d9","Some url","Some title","Some description"
"P1p1aQ@3","234","b6f931fd","Some url","Some title","Some description"
"S9qjoQ@8","m7Hy3LzFRg-wp_vqk2FG2w","2593d88b","Some url","Some title","Some description"
"S9qjoQ@8","jXvTczpuRxGcKUm6ZxUSyA","62a2f14c","Some url","Some title","Some description"
"S9qjoQ@8","jXvTczpuRxGcKUm6ZxUSyA","ec04fd19","Some url","Some title","Some description"
"S9qjoQ@8","234","9c5e18dd","Some url","Some title","Some description"
"P1p1aQ@3","m7Hy3LzFRg-wp_vqk2FG2w","b56363af","Some url","Some title","Some description"
"1uEo4w@4","m7Hy3LzFRg-wp_vqk2FG2w","da2ab828","Some url","Some title","Some description"
"P1p1aQ@3","123","f236e06c","Some url","Some title","Some description"
"P1p1aQ@3","234","cb206067","Some url","Some title","Some description"
"S9qjoQ@8","jXvTczpuRxGcKUm6ZxUSyA","8bd1f120","Some url","Some title","Some description"
"Ha0UDw@3","234","75ccc759","Some url","Some title","Some description"
"Ha0UDw@3","m7Hy3LzFRg-wp_vqk2FG2w","6fdd88af","Some url","Some title","Some description"
"Ha0UDw@3","234","b5e97ab8","Some url","Some title","Some description"
"Ha0UDw@3","234","c170a5f8","Some url","Some title","Some description"
"S9qjoQ@8","234","96838d32","Some url","Some title","Some description"
"S9qjoQ@8","234","58068920","Some url","Some title","Some description"
"Ha0UDw@3","m7Hy3LzFRg-wp_vqk2FG2w","a6288db","Some url","Some title","Some description"
"Ha0UDw@3","123","5ed60042","Some url","Some title","Some description"
"S9qjoQ@8","234","8e9f5b6d","Some url","Some title","Some description"
"S9qjoQ@8","234","4179630c","Some url","Some title","Some description"
"S9qjoQ@8","123","4e0382e","Some url","Some title","Some description"
"P1p1aQ@3","123","8207a93c","Some url","Some title","Some description"
"Ha0UDw@3","123","2b08aab3","Some url","Some title","Some description"
"1uEo4w@4","123","d9fa28b6","Some url","Some title","Some description"
"S9qjoQ@8","m7Hy3LzFRg-wp_vqk2FG2w","c015e5be","Some url","Some title","Some description"
"S9qjoQ@8","m7Hy3LzFRg-wp_vqk2FG2w","d8aba6eb","Some url","Some title","Some description"
"1uEo4w@4","123","f040bc2e","Some url","Some title","Some description"
"1uEo4w@4","jXvTczpuRxGcKUm6ZxUSyA","5e6d03e2","Some url","Some title","Some description"
"P1p1aQ@3","234","3be03140","Some url","Some title","Some description"
"S9qjoQ@8","234","14ba38bc","Some url","Some title","Some description"
"P1p1aQ@3","jXvTczpuRxGcKUm6ZxUSyA","c0e33c6e","Some url","Some title","Some description"
"Ha0UDw@3","123","aaa7cedb","Some url","Some title","Some description"
"Ha0UDw@3","234","aca7b48a","Some url","Some title","Some description"
"P1p1aQ@3","m7Hy3LzFRg-wp_vqk2FG2w","27f4439c","Some url","Some title","Some description"
"Ha0UDw@3","123","811052be","Some url","Some title","Some description"
"S9qjoQ@8","jXvTczpuRxGcKUm6ZxUSyA","c004929c","Some url","Some title","Some description"
"P1p1aQ@3","123","a62afdf8","Some url","Some title","Some description"
"Ha0UDw@3","123","9ca46fb","Some url","Some title","Some description"
"S9qjoQ@8","234","f649b723","Some url","Some title","Some description"
"S9qjoQ@8","234","3d4ef4f6","Some url","Some title","Some description"
"Ha0UDw@3","123","177c136a","Some url","Some title","Some description"
"P1p1aQ@3","234","f0ae9ce9","Some url","Some title","Some description"
"S9qjoQ@8","123","308e9675","Some url","Some title","Some description"
"P1p1aQ@3","123","d6a1968b","Some url","Some title","Some description"
"S9qjoQ@8","123","d5197c0a","Some url","Some title","Some description"
"Ha0UDw@3","234","565c2f0e","Some url","Some title","Some description"
"S9qjoQ@8","m7Hy3LzFRg-wp_vqk2FG2w","d179a5ca","Some url","Some title","Some description"
"S9qjoQ@8","234","749ab5fe","Some url","Some title","Some description"
"P1p1aQ@3","123","47c8042b","Some url","Some title","Some description"
"1uEo4w@4","123","1ca2f0e6","Some url","Some title","Some description"
"Ha0UDw@3","234","18b35ac3","Some url","Some title","Some description"
"S9qjoQ@8","123","a08bc608","Some url","Some title","Some description"
"1uEo4w@4","234","c418446a","Some url","Some title","Some description"
"S9qjoQ@8","123","faab090a","Some url","Some title","Some description"
"1uEo4w@4","jXvTczpuRxGcKUm6ZxUSyA","c59cfaf5","Some url","Some title","Some description"
"Ha0UDw@3","m7Hy3LzFRg-wp_vqk2FG2w","97cd07d8","Some url","Some title","Some description"
"S9qjoQ@8","123","6229d0d6","Some url","Some title","Some description"
"S9qjoQ@8","234","24c2fdc4","Some url","Some title","Some description"
"Ha0UDw@3","123","97db3195","Some url","Some title","Some description"
"P1p1aQ@3","jXvTczpuRxGcKUm6ZxUSyA","64fbca4f","Some url","Some title","Some description"
"S9qjoQ@8","123","83ee26ee","Some url","Some title","Some description"
"P1p1aQ@3","234","9f43d1da","Some url","Some title","Some description"
"Ha0UDw@3","234","fd589de","Some url","Some title","Some description"
"S9qjoQ@8","jXvTczpuRxGcKUm6ZxUSyA","b059ec01","Some url","Some title","Some description"
"S9qjoQ@8","234","7461cf6d","Some url","Some title","Some description"
"S9qjoQ@8","234","39005e15","Some url","Some title","Some description"
"Ha0UDw@3","m7Hy3LzFRg-wp_vqk2FG2w","5808343a","Some url","Some title","Some description"
"S9qjoQ@8","234","e674c4f5","Some url","Some title","Some description"
"P1p1aQ@3","m7Hy3LzFRg-wp_vqk2FG2w","cfd5a858","Some url","Some title","Some description"
"P1p1aQ@3","m7Hy3LzFRg-wp_vqk2FG2w","9bd3c818","Some url","Some title","Some description"
"S9qjoQ@8","123","c6eb5303","Some url","Some title","Some description"
"S9qjoQ@8","123","2f24726b","Some url","Some title","Some description"
"1uEo4w@4","jXvTczpuRxGcKUm6ZxUSyA","c7c1d03a","Some url","Some title","Some description"
"S9qjoQ@8","m7Hy3LzFRg-wp_vqk2FG2w","3c6860a6","Some url","Some title","Some description"
"Ha0UDw@3","123","f5a8b535","Some url","Some title","Some description"
"S9qjoQ@8","234","4c194aa9","Some url","Some title","Some description"
"Ha0UDw@3","123","941d9f28","Some url","Some title","Some description"
"S9qjoQ@8","123","47e0ecae","Some url","Some title","Some description"
"S9qjoQ@8","jXvTczpuRxGcKUm6ZxUSyA","f3d87abf","Some url","Some title","Some description"
"S9qjoQ@8","234","19d1f7e7","Some url","Some title","Some description"
"S9qjoQ@8","jXvTczpuRxGcKUm6ZxUSyA","abce32ae","Some url","Some title","Some description"
"S9qjoQ@8","234","a34c9f8a","Some url","Some title","Some description"
"P1p1aQ@3","234","acc04ace","Some url","Some title","Some description"
"Ha0UDw@3","234","3bac567f","Some url","Some title","Some description"
"S9qjoQ@8","234","7147c5c0","Some url","Some title","Some description"
"Ha0UDw@3","123","54b9f40d","Some url","Some title","Some description"
"Ha0UDw@3","234","a3f92b24","Some url","Some title","Some description"
"1uEo4w@4","234","15464361","Some url","Some title","Some description"
"S9qjoQ@8","234","59f93b2c","Some url","Some title","Some description"
"Ha0UDw@3","234","61fd2e18","Some url","Some title","Some description"
"1uEo4w@4","234","b595d70","Some url","Some title","Some description"
"S9qjoQ@8","jXvTczpuRxGcKUm6ZxUSyA","8499c453","Some url","Some title","Some description"
"S9qjoQ@8","123","8c20647f","Some url","Some title","Some description"
"1uEo4w@4","123","9fd33645","Some url","Some title","Some description"
"1uEo4w@4","123","5d715410","Some url","Some title","Some description"
"S9qjoQ@8","123","57b9b3f1","Some url","Some title","Some description"
"S9qjoQ@8","123","bea834f7","Some url","Some title","Some description"
"S9qjoQ@8","m7Hy3LzFRg-wp_vqk2FG2w","77af1828","Some url","Some title","Some description"
"1uEo4w@4","123","98063745","Some url","Some title","Some description"
"S9qjoQ@8","123","b16841d4","Some url","Some title","Some description"
"S9qjoQ@8","jXvTczpuRxGcKUm6ZxUSyA","4b7bc6e7","Some url","Some title","Some description"
"S9qjoQ@8","234","cf6782c5","Some url","Some title","Some description"
"1uEo4w@4","123","c9a90a01","Some url","Some title","Some description"
"S9qjoQ@8","234","bb32cff","Some url","Some title","Some description"
"Ha0UDw@3","234","17443176","Some url","Some title","Some description"
"1uEo4w@4","234","35048554","Some url","Some title","Some description"
"Ha0UDw@3","123","b23ddd42","Some url","Some title","Some description"
"S9qjoQ@8","m7Hy3LzFRg-wp_vqk2FG2w","5747c17e","Some url","Some title","Some description"
"1uEo4w@4","234","c970d10","Some url","Some title","Some description"
"Ha0UDw@3","234","6174689d","Some url","Some title","Some description"
"P1p1aQ@3","234","b0630cb","Some url","Some title","Some description"
"S9qjoQ@8","234","b480c528","Some url","Some title","Some description"
"S9qjoQ@8","jXvTczpuRxGcKUm6ZxUSyA","ae233e93","Some url","Some title","Some description"
"Ha0UDw@3","123","460e39aa","Some url","Some title","Some description"
"1uEo4w@4","123","169e7a8a","Some url","Some title","Some description"
"S9qjoQ@8","123","fd1a8954","Some url","Some title","Some description"
"S9qjoQ@8","123","b240ee4e","Some url","Some title","Some description"
"Ha0UDw@3","123","88be1af6","Some url","Some title","Some description"
"S9qjoQ@8","123","9030e0d2","Some url","Some title","Some description"
"1uEo4w@4","jXvTczpuRxGcKUm6ZxUSyA","27a7db1c","Some url","Some title","Some description"
"P1p1aQ@3","123","3f4390e","Some url","Some title","Some description"
"S9qjoQ@8","jXvTczpuRxGcKUm6ZxUSyA","4849afba","Some url","Some title","Some description"
"1uEo4w@4","123","fa27062c","Some url","Some title","Some description"
"Ha0UDw@3","m7Hy3LzFRg-wp_vqk2FG2w","343c7cd6","Some url","Some title","Some description"
"P1p1aQ@3","123","cf63e5e1","Some url","Some title","Some description"
"S9qjoQ@8","jXvTczpuRxGcKUm6ZxUSyA","1926eea9","Some url","Some title","Some description"
"Ha0UDw@3","234","9525df6a","Some url","Some title","Some description"
"P1p1aQ@3","jXvTczpuRxGcKUm6ZxUSyA","aec85433","Some url","Some title","Some description"
"S9qjoQ@8","m7Hy3LzFRg-wp_vqk2FG2w","df31010e","Some url","Some title","Some description"
"1uEo4w@4","234","fe889718","Some url","Some title","Some description"
"Ha0UDw@3","123","25d6444b","Some url","Some title","Some description"
"Ha0UDw@3","234","c6faaca0","Some url","Some title","Some description"
"S9qjoQ@8","123","36019f44","Some url","Some title","Some description"
"S9qjoQ@8","m7Hy3LzFRg-wp_vqk2FG2w","b7a665a1","Some url","Some title","Some description"
"S9qjoQ@8","234","5f839484","Some url","Some title","Some description"
"P1p1aQ@3","m7Hy3LzFRg-wp_vqk2FG2w","ec679b42","Some url","Some title","Some description"
"Ha0UDw@3","m7Hy3LzFRg-wp_vqk2FG2w","400964a1","Some url","Some title","Some description"
"P1p1aQ@3","123","27adfabd","Some url","Some title","Some description"
"S9qjoQ@8","123","354ae01f","Some url","Some title","Some description"
"Ha0UDw@3","m7Hy3LzFRg-wp_vqk2FG2w","aba46db","Some url","Some title","Some description"
"S9qjoQ@8","123","76e8cee8","Some url","Some title","Some description"
"1uEo4w@4","jXvTczpuRxGcKUm6ZxUSyA","4f382a71","Some url","Some title","Some description"
"P1p1aQ@3","m7Hy3LzFRg-wp_vqk2FG2w","5310461","Some url","Some title","Some description"
"P1p1aQ@3","jXvTczpuRxGcKUm6ZxUSyA","8f7928","Some url","Some title","Some description"
"1uEo4w@4","234","92834a5f","Some url","Some title","Some description"
"S9qjoQ@8","234","e2aab506","Some url","Some title","Some description"
"S9qjoQ@8","234","1f110ea1","Some url","Some title","Some description"
"P1p1aQ@3","123","d3a93209","Some url","Some title","Some description"
"Ha0UDw@3","m7Hy3LzFRg-wp_vqk2FG2w","e812be4a","Some url","Some title","Some description"
"Ha0UDw@3","234","d2d69835","Some url","Some title","Some description"
"S9qjoQ@8","234","b7da0b05","Some url","Some title","Some description"
"S9qjoQ@8","234","c052db7f","Some url","Some title","Some description"
"S9qjoQ@8","234","c235f16b","Some url","Some title","Some description"
"S9qjoQ@8","123","49bd0d2c","Some url","Some title","Some description"
"1uEo4w@4","123","4c0b747d","Some url","Some title","Some description"
"S9qjoQ@8","123","b0c60e94","Some url","Some title","Some description"
"Ha0UDw@3","123","db98960f","Some url","Some title","Some description"
"S9qjoQ@8","m7Hy3LzFRg-wp_vqk2FG2w","2d37cab7","Some url","Some title","Some description"
"1uEo4w@4","jXvTczpuRxGcKUm6ZxUSyA","ea3a24dc","Some url","Some title","Some description"
"S9qjoQ@8","123","1a3591f7","Some url","Some title","Some description"
"S9qjoQ@8","234","ee4ecd63","Some url","Some title","Some description"
"S9qjoQ@8","123","41c8504f","Some url","Some title","Some description"
"S9qjoQ@8","123","bcda31cb","Some url","Some title","Some description"
"Ha0UDw@3","m7Hy3LzFRg-wp_vqk2FG2w","2aec964c","Some url","Some title","Some description"
"Ha0UDw@3","123","b2e2ea93","Some url","Some title","Some description"
"P1p1aQ@3","234","12b88cd3","Some url","Some title","Some description"
"P1p1aQ@3","m7Hy3LzFRg-wp_vqk2FG2w","aabdd8fa","Some url","Some title","Some description"
"S9qjoQ@8","234","c55bd7d2","Some url","Some title","Some description"
"S9qjoQ@8","234","643fd5ac","Some url","Some title","Some description"
"S9qjoQ@8","m7Hy3LzFRg-wp_vqk2FG2w","ffd6c371","Some url","Some title","Some description"
"1uEo4w@4","m7Hy3LzFRg-wp_vqk2FG2w","394f4a90","Some url","Some title","Some description"
"1uEo4w@4","123","35fcad89","Some url","Some title","Some description"
"Ha0UDw@3","234","357feb01","Some url","Some title","Some description"
"S9qjoQ@8","123","91c32742","Some url","Some title","Some description"
"Ha0UDw@3","123","29cd390c","Some url","Some title","Some description"
"P1p1aQ@3","123","b57191fe","Some url","Some title","Some description"
"S9qjoQ@8","123","895e08f2","Some url","Some title","Some description"
"Ha0UDw@3","jXvTczpuRxGcKUm6ZxUSyA","a43e06d","Some url","Some title","Some description"
"1uEo4w@4","234","3409a2a8","Some url","Some title","Some description"
"1uEo4w@4","jXvTczpuRxGcKUm6ZxUSyA","46d5f48d","Some url","Some title","Some description"
"Ha0UDw@3","234","ac1d7253","Some url","Some title","Some description"
"S9qjoQ@8","234","cfa30e31","Some url","Some title","Some description"
"1uEo4w@4","123","5a8e5eac","Some url","Some title","Some description"
"S9qjoQ@8","123","19f1d829","Some url","Some title","Some description"
"S9qjoQ@8","jXvTczpuRxGcKUm6ZxUSyA","ed7e0548","Some url","Some title","Some description"
"P1p1aQ@3","123","df8b5e9e","Some url","Some title","Some description"
"Ha0UDw@3","123","c22c08ff","Some url","Some title","Some description"
"P1p1aQ@3","jXvTczpuRxGcKUm6ZxUSyA","8a1ce3f4","Some url","Some title","Some description"
"Ha0UDw@3","jXvTczpuRxGcKUm6ZxUSyA","908f693b","Some url","Some title","Some description"
"S9qjoQ@8","123","7b8ecc93","Some url","Some title","Some description"
"S9qjoQ@8","m7Hy3LzFRg-wp_vqk2FG2w","57711e51","Some url","Some title","Some description"
"Ha0UDw@3","jXvTczpuRxGcKUm6ZxUSyA","d1fe80ca","Some url","Some title","Some description"
"P1p1aQ@3","234","cfb5da2d","Some url","Some title","Some description"
"Ha0UDw@3","123","6a58623f","Some url","Some title","Some description"
"1uEo4w@4","m7Hy3LzFRg-wp_vqk2FG2w","79267ede","Some url","Some title","Some description"
"S9qjoQ@8","123","b0f48d5e","Some url","Some title","Some description"
"P1p1aQ@3","234","f5707dd2","Some url","Some title","Some description"
"1uEo4w@4","m7Hy3LzFRg-wp_vqk2FG2w","3f1876e7","Some url","Some title","Some description"
"S9qjoQ@8","jXvTczpuRxGcKUm6ZxUSyA","c1f21bc4","Some url","Some title","Some description"
"1uEo4w@4","234","e3dd21c","Some url","Some title","Some description"
"P1p1aQ@3","234","a20d70e9","Some url","Some title","Some description"
"Ha0UDw@3","m7Hy3LzFRg-wp_vqk2FG2w","e266959e","Some url","Some title","Some description"
"S9qjoQ@8","234","df90202a","Some url","Some title","Some description"
"1uEo4w@4","234","6def306d","Some url","Some title","Some description"
"Ha0UDw@3","234","b721cd30","Some url","Some title","Some description"
"S9qjoQ@8","234","644a52d9","Some url","Some title","Some description"
"S9qjoQ@8","123","79f38b68","Some url","Some title","Some description"
"1uEo4w@4","234","d744911d","Some url","Some title","Some description"
"1uEo4w@4","jXvTczpuRxGcKUm6ZxUSyA","854b190b","Some url","Some title","Some description"
"Ha0UDw@3","m7Hy3LzFRg-wp_vqk2FG2w","7389372c","Some url","Some title","Some description"
"S9qjoQ@8","jXvTczpuRxGcKUm6ZxUSyA","76dc68a9","Some url","Some title","Some description"
"1uEo4w@4","jXvTczpuRxGcKUm6ZxUSyA","b809b6e3","Some url","Some title","Some description"
"S9qjoQ@8","234","f47a837b","Some url","Some title","Some description"
"1uEo4w@4","jXvTczpuRxGcKUm6ZxUSyA","1e3e1ad8","Some url","Some title","Some description"
"Ha0UDw@3","m7Hy3LzFRg-wp_vqk2FG2w","df5ff331","Some url","Some title","Some description"
"Ha0UDw@3","123","ff3f93cf","Some url","Some title","Some description"
"Ha0UDw@3","123","e433d475","Some url","Some title","Some description"
"S9qjoQ@8","234","18b74f27","Some url","Some title","Some description"
"S9qjoQ@8","234","82988b62","Some url","Some title","Some description"
"P1p1aQ@3","234","2e535a0b","Some url","Some title","Some description"
"1uEo4w@4","123","bc85be99","Some url","Some title","Some description"
"1uEo4w@4","123","ae7734e3","Some url","Some title","Some description"
"1uEo4w@4","123","bedcbccf","Some url","Some title","Some description"
"S9qjoQ@8","m7Hy3LzFRg-wp_vqk2FG2w","b52c977b","Some url","Some title","Some description"
"1uEo4w@4","234","8ad6516c","Some url","Some title","Some description"
"S9qjoQ@8","123","886ec82","Some url","Some title","Some description"
"1uEo4w@4","234","6e73bbbb","Some url","Some title","Some description"
"S9qjoQ@8","234","c50870f9","Some url","Some title","Some description"
"Ha0UDw@3","234","f2b5930b","Some url","Some title","Some description"
"S9qjoQ@8","123","2d4fcff8","Some url","Some title","Some description"
"Ha0UDw@3","234","a560c1f6","Some url","Some title","Some description"
"1uEo4w@4","123","c9ad5b95","Some url","Some title","Some description"
"P1p1aQ@3","jXvTczpuRxGcKUm6ZxUSyA","a2e743cb","Some url","Some title","Some description"
"S9qjoQ@8","m7Hy3LzFRg-wp_vqk2FG2w","180e452c","Some url","Some title","Some description"
"S9qjoQ@8","234","f98a0437","Some url","Some title","Some description"
"S9qjoQ@8","123","e882e265","Some url","Some title","Some description"
"P1p1aQ@3","234","9e574956","Some url","Some title","Some description"
"Ha0UDw@3","123","27b02602","Some url","Some title","Some description"
"Ha0UDw@3","234","35600836","Some url","Some title","Some description"
"P1p1aQ@3","123","32c331b","Some url","Some title","Some description"
"1uEo4w@4","m7Hy3LzFRg-wp_vqk2FG2w","9b90c2be","Some url","Some title","Some description"
"P1p1aQ@3","234","3ae588de","Some url","Some title","Some description"
"S9qjoQ@8","123","6d360d91","Some url","Some title","Some description"
"1uEo4w@4","234","59c58269","Some url","Some title","Some description"
"Ha0UDw@3","m7Hy3LzFRg-wp_vqk2FG2w","83d25109","Some url","Some title","Some description"
"1uEo4w@4","234","460aa9b","Some url","Some title","Some description"
"S9qjoQ@8","234","e35a8e19","Some url","Some title","Some description"
"S9qjoQ@8","123","b1b39eeb","Some url","Some title","Some description"
"P1p1aQ@3","m7Hy3LzFRg-wp_vqk2FG2w","d66e0d5c","Some url","Some title","Some description"
"S9qjoQ@8","m7Hy3LzFRg-wp_vqk2FG2w","1ad9d3b3","Some url","Some title","Some description"
"Ha0UDw@3","123","8c5132c","Some url","Some title","Some description"
"P1p1aQ@3","234","81b8e19e","Some url","Some title","Some description"
"P1p1aQ@3","jXvTczpuRxGcKUm6ZxUSyA","65966523","Some url","Some title","Some description"
"S9qjoQ@8","234","195e62a4","Some url","Some title","Some description"
"Ha0UDw@3","234","39d795c","Some url","Some title","Some description"
"S9qjoQ@8","123","545341a3","Some url","Some title","Some description"
"Ha0UDw@3","123","baa6af1a","Some url","Some title","Some description"
"P1p1aQ@3","234","7cad3d5d","Some url","Some title","Some description"
"Ha0UDw@3","234","6fe318b1","Some url","Some title","Some description"
"1uEo4w@4","234","c5ae34c9","Some url","Some title","Some description"
"Ha0UDw@3","234","2777920d","Some url","Some title","Some description"
"Ha0UDw@3","jXvTczpuRxGcKUm6ZxUSyA","59f83871","Some url","Some title","Some description"
"S9qjoQ@8","m7Hy3LzFRg-wp_vqk2FG2w","621969f8","Some url","Some title","Some description"
"S9qjoQ@8","123","8e99b7e7","Some url","Some title","Some description"
"Ha0UDw@3","jXvTczpuRxGcKUm6ZxUSyA","52a436d6","Some url","Some title","Some description"
"S9qjoQ@8","123","c77b7e7a","Some url","Some title","Some description"
"Ha0UDw@3","123","a79ac45","Some url","Some title","Some description"
"S9qjoQ@8","jXvTczpuRxGcKUm6ZxUSyA","83e3b079","Some url","Some title","Some description"
"Ha0UDw@3","234","99cba8bb","Some url","Some title","Some description"
"S9qjoQ@8","123","dba94868","Some url","Some title","Some description"
"S9qjoQ@8","234","f9f3e267","Some url","Some title","Some description"
"Ha0UDw@3","234","47173513","Some url","Some title","Some description"
"Ha0UDw@3","234","ea9f329c","Some url","Some title","Some description"
"Ha0UDw@3","234","96b743d2","Some url","Some title","Some description"
"S9qjoQ@8","m7Hy3LzFRg-wp_vqk2FG2w","10988fd6","Some url","Some title","Some description"
"P1p1aQ@3","m7Hy3LzFRg-wp_vqk2FG2w","d055bd9f","Some url","Some title","Some description"
"1uEo4w@4","jXvTczpuRxGcKUm6ZxUSyA","1f8f75","Some url","Some title","Some description"
"1uEo4w@4","123","2b81ff78","Some url","Some title","Some description"
"P1p1aQ@3","123","5844a568","Some url","Some title","Some description"
"Ha0UDw@3","m7Hy3LzFRg-wp_vqk2FG2w","884f0d8c","Some url","Some title","Some description"
"S9qjoQ@8","m7Hy3LzFRg-wp_vqk2FG2w","1c2bbe60","Some url","Some title","Some description"
"P1p1aQ@3","123","8b44279d","Some url","Some title","Some description"
"S9qjoQ@8","234","2ace3ba0","Some url","Some title","Some description"
"1uEo4w@4","jXvTczpuRxGcKUm6ZxUSyA","409c174c","Some url","Some title","Some description"
"P1p1aQ@3","234","cec7bfc7","Some url","Some title","Some description"
"P1p1aQ@3","m7Hy3LzFRg-wp_vqk2FG2w","78d03ddd","Some url","Some title","Some description"
"1uEo4w@4","123","81210d6f","Some url","Some title","Some description"
"1uEo4w@4","234","f60f82f5","Some url","Some title","Some description"
"Ha0UDw@3","123","6e8e0606","Some url","Some title","Some description"
"Ha0UDw@3","m7Hy3LzFRg-wp_vqk2FG2w","4f90ac0e","Some url","Some title","Some description"
"1uEo4w@4","jXvTczpuRxGcKUm6ZxUSyA","78d08af6","Some url","Some title","Some description"
"1uEo4w@4","234","223192c9","Some url","Some title","Some description"
"Ha0UDw@3","123","942f8c7e","Some url","Some title","Some description"
"S9qjoQ@8","234","78bd1ee5","Some url","Some title","Some description"
"Ha0UDw@3","123","99c1d6c0","Some url","Some title","Some description"
"1uEo4w@4","123","4ab866d","Some url","Some title","Some description"
"Ha0UDw@3","123","b5862997","Some url","Some title","Some description"
"Ha0UDw@3","123","d383b03b","Some url","Some title","Some description"
"Ha0UDw@3","123","756144ab","Some url","Some title","Some description"
"S9qjoQ@8","jXvTczpuRxGcKUm6ZxUSyA","86bce66a","Some url","Some title","Some description"
"1uEo4w@4","234","acef9c1b","Some url","Some title","Some description"
"1uEo4w@4","234","bb974332","Some url","Some title","Some description"
"S9qjoQ@8","123","f63cfc3c","Some url","Some title","Some description"
"S9qjoQ@8","234","e86f8a50","Some url","Some title","Some description"
"S9qjoQ@8","123","decbbce5","Some url","Some title","Some description"
"P1p1aQ@3","234","320a1522","Some url","Some title","Some description"
"Ha0UDw@3","234","b04fd5fe","Some url","Some title","Some description"
"Ha0UDw@3","123","7121a410","Some url","Some title","Some description"
"S9qjoQ@8","123","4be092e","Some url","Some title","Some description"
"S9qjoQ@8","123","bb897649","Some url","Some title","Some description"
"S9qjoQ@8","123","ef3cfb43","Some url","Some title","Some description"
"S9qjoQ@8","123","89b66f49","Some url","Some title","Some description"
"P1p1aQ@3","123","93a38559","Some url","Some title","Some description"
"P1p1aQ@3","123","c8a5d276","Some url","Some title","Some description"
"S9qjoQ@8","234","7fb03161","Some url","Some title","Some description"
"1uEo4w@4","m7Hy3LzFRg-wp_vqk2FG2w","bc2bda1","Some url","Some title","Some description"
"Ha0UDw@3","123","5619253c","Some url","Some title","Some description"
"S9qjoQ@8","234","b3c63613","Some url","Some title","Some description"
"S9qjoQ@8","234","f6bcebec","Some url","Some title","Some description"
"Ha0UDw@3","234","b2d8e6a9","Some url","Some title","Some description"
"Ha0UDw@3","123","bbced4a1","Some url","Some title","Some description"
"Ha0UDw@3","234","7299b89d","Some url","Some title","Some description"
"S9qjoQ@8","123","eb8ab59d","Some url","Some title","Some description"
"S9qjoQ@8","234","182499ae","Some url","Some title","Some description"
"1uEo4w@4","jXvTczpuRxGcKUm6ZxUSyA","565fa9e8","Some url","Some title","Some description"
"P1p1aQ@3","123","73350412","Some url","Some title","Some description"
"P1p1aQ@3","234","44b64eb1","Some url","Some title","Some description"
"S9qjoQ@8","123","42305820","Some url","Some title","Some description"
"Ha0UDw@3","jXvTczpuRxGcKUm6ZxUSyA","41c76b13","Some url","Some title","Some description"
"1uEo4w@4","123","10bad3c","Some url","Some title","Some description"
"P1p1aQ@3","123","2a0d85e8","Some url","Some title","Some description"
"S9qjoQ@8","234","da5c57e6","Some url","Some title","Some description"
"P1p1aQ@3","123","dab90429","Some url","Some title","Some description"
"1uEo4w@4","123","6e1bf9f2","Some url","Some title","Some description"
"S9qjoQ@8","123","982c591d","Some url","Some title","Some description"
"1uEo4w@4","jXvTczpuRxGcKUm6ZxUSyA","33e8a822","Some url","Some title","Some description"
"S9qjoQ@8","234","892ed73e","Some url","Some title","Some description"
"1uEo4w@4","123","d8cd68a0","Some url","Some title","Some description"
"Ha0UDw@3","jXvTczpuRxGcKUm6ZxUSyA","38e34419","Some url","Some title","Some description"
"S9qjoQ@8","123","26aa8d6b","Some url","Some title","Some description"
"S9qjoQ@8","234","abe0afb2","Some url","Some title","Some description"
"Ha0UDw@3","234","c04f7df5","Some url","Some title","Some description"
"Ha0UDw@3","234","4cf23ac3","Some url","Some title","Some description"
"S9qjoQ@8","234","186d0905","Some url","Some title","Some description"
"S9qjoQ@8","234","ba202cb8","Some url","Some title","Some description"
"P1p1aQ@3","jXvTczpuRxGcKUm6ZxUSyA","5779cd26","Some url","Some title","Some description"
"S9qjoQ@8","234","8e0af8b4","Some url","Some title","Some description"
"Ha0UDw@3","234","ac188599","Some url","Some title","Some description"
"Ha0UDw@3","234","e9223da7","Some url","Some title","Some description"
"Ha0UDw@3","jXvTczpuRxGcKUm6ZxUSyA","2a9a3e23","Some url","Some title","Some description"
"Ha0UDw@3","234","d7005bb","Some url","Some title","Some description"
"S9qjoQ@8","123","e7dd09d6","Some url","Some title","Some description"
"S9qjoQ@8","234","de09d977","Some url","Some title","Some description"
"P1p1aQ@3","123","b8f0740d","Some url","Some title","Some description"
"1uEo4w@4","123","6641444b","Some url","Some title","Some description"
"S9qjoQ@8","234","c8d82e9a","Some url","Some title","Some description"
"P1p1aQ@3","234","c66ae66b","Some url","Some title","Some description"
"Ha0UDw@3","234","fe1f61f1","Some url","Some title","Some description"
"S9qjoQ@8","234","b3ad9c33","Some url","Some title","Some description"
"Ha0UDw@3","123","ec93824d","Some url","Some title","Some description"
"S9qjoQ@8","234","23edf783","Some url","Some title","Some description"
"S9qjoQ@8","m7Hy3LzFRg-wp_vqk2FG2w","69ed1ef1","Some url","Some title","Some description"
"S9qjoQ@8","123","959721a4","Some url","Some title","Some description"
"S9qjoQ@8","123","5d364435","Some url","Some title","Some description"
"S9qjoQ@8","m7Hy3LzFRg-wp_vqk2FG2w","d71cd496","Some url","Some title","Some description"
"S9qjoQ@8","m7Hy3LzFRg-wp_vqk2FG2w","8cdee9dc","Some url","Some title","Some description"
"S9qjoQ@8","234","778399d4","Some url","Some title","Some description"
"S9qjoQ@8","234","11605224","Some url","Some title","Some description"
"S9qjoQ@8","234","79a8d25a","Some url","Some title","Some description"
"Ha0UDw@3","jXvTczpuRxGcKUm6ZxUSyA","fc515c5a","Some url","Some title","Some description"
"S9qjoQ@8","123","5952eb34","Some url","Some title","Some description"
"1uEo4w@4","m7Hy3LzFRg-wp_vqk2FG2w","84f85994","Some url","Some title","Some description"
"S9qjoQ@8","234","9e31dc62","Some url","Some title","Some description"
"Ha0UDw@3","123","1fc8b145","Some url","Some title","Some description"
"Ha0UDw@3","123","933da3a0","Some url","Some title","Some description"
"S9qjoQ@8","m7Hy3LzFRg-wp_vqk2FG2w","9fd8aa27","Some url","Some title","Some description"
"Ha0UDw@3","123","17eae935","Some url","Some title","Some description"
"S9qjoQ@8","234","fc17c0f2","Some url","Some title","Some description"
"Ha0UDw@3","234","94326c7e","Some url","Some title","Some description"
"S9qjoQ@8","123","4c96d31a","Some url","Some title","Some description"
"P1p1aQ@3","123","edd349b8","Some url","Some title","Some description"
"1uEo4w@4","m7Hy3LzFRg-wp_vqk2FG2w","a0376c36","Some url","Some title","Some description"
"1uEo4w@4","234","8a0bc3d4","Some url","Some title","Some description"
"P1p1aQ@3","m7Hy3LzFRg-wp_vqk2FG2w","1e48933b","Some url","Some title","Some description"
"Ha0UDw@3","123","137da5ea","Some url","Some title","Some description"
"Ha0UDw@3","123","dc93f738","Some url","Some title","Some description"
"S9qjoQ@8","234","3b5867c3","Some url","Some title","Some description"
"Ha0UDw@3","234","17814019","Some url","Some title","Some description"
"1uEo4w@4","234","c42ff3ed","Some url","Some title","Some description"
"S9qjoQ@8","123","c610939f","Some url","Some title","Some description"
"S9qjoQ@8","234","7ca45d19","Some url","Some title","Some description"
"Ha0UDw@3","123","2f9e6c4a","Some url","Some title","Some description"
"S9qjoQ@8","jXvTczpuRxGcKUm6ZxUSyA","3cc31309","Some url","Some title","Some description"
"P1p1aQ@3","123","6c584492","Some url","Some title","Some description"
"S9qjoQ@8","123","2339e8b4","Some url","Some title","Some description"
"Ha0UDw@3","123","5c988923","Some url","Some title","Some description"
"Ha0UDw@3","123","1fc406ad","Some url","Some title","Some description"
"Ha0UDw@3","m7Hy3LzFRg-wp_vqk2FG2w","2a219b71","Some url","Some title","Some description"
"P1p1aQ@3","jXvTczpuRxGcKUm6ZxUSyA","7dacf092","Some url","Some title","Some description"
"Ha0UDw@3","234","4f4e18c3","Some url","Some title","Some description"
"1uEo4w@4","m7Hy3LzFRg-wp_vqk2FG2w","d0521dfe","Some url","Some title","Some description"
"S9qjoQ@8","123","200e3af","Some url","Some title","Some description"
"Ha0UDw@3","123","9fbf386a","Some url","Some title","Some description"
"1uEo4w@4","m7Hy3LzFRg-wp_vqk2FG2w","2c0a734e","Some url","Some title","Some description"
"S9qjoQ@8","jXvTczpuRxGcKUm6ZxUSyA","1529d702","Some url","Some title","Some description"
"Ha0UDw@3","123","23392211","Some url","Some title","Some description"
"S9qjoQ@8","123","588fabe7","Some url","Some title","Some description"
"Ha0UDw@3","jXvTczpuRxGcKUm6ZxUSyA","47dd8f0c","Some url","Some title","Some description"
"Ha0UDw@3","234","a6c0ef7","Some url","Some title","Some description"
"P1p1aQ@3","234","15a09137","Some url","Some title","Some description"
"S9qjoQ@8","123","cf99af31","Some url","Some title","Some description"
"Ha0UDw@3","234","3660af6b","Some url","Some title","Some description"
"S9qjoQ@8","123","ff9abcf0","Some url","Some title","Some description"
"S9qjoQ@8","123","7386e569","Some url","Some title","Some description"
"Ha0UDw@3","234","5416fcdf","Some url","Some title","Some description"
"S9qjoQ@8","m7Hy3LzFRg-wp_vqk2FG2w","9607380e","Some url","Some title","Some description"
"S9qjoQ@8","234","d0bdf44b","Some url","Some title","Some description"
"1uEo4w@4","234","d7f21230","Some url","Some title","Some description"
"Ha0UDw@3","234","bb4aecf0","Some url","Some title","Some description"
"S9qjoQ@8","m7Hy3LzFRg-wp_vqk2FG2w","52ec2d52","Some url","Some title","Some description"
"S9qjoQ@8","234","ea573188","Some url","Some title","Some description"
"Ha0UDw@3","234","3baa963a","Some url","Some title","Some description"
"S9qjoQ@8","123","ab84d222","Some url","Some title","Some description"
"S9qjoQ@8","234","b320a763","Some url","Some title","Some description"
"S9qjoQ@8","234","3d61e21b","Some url","Some title","Some description"
"Ha0UDw@3","234","216c0e95","Some url","Some title","Some description"
"Ha0UDw@3","234","7a67e949","Some url","Some title","Some description"
"Ha0UDw@3","123","3924a631","Some url","Some title","Some description"
"S9qjoQ@8","234","28f946f1","Some url","Some title","Some description"
"S9qjoQ@8","234","ebe3bed4","Some url","Some title","Some description"
"Ha0UDw@3","123","89a5ee1a","Some url","Some title","Some description"
"Ha0UDw@3","234","3a06b6ba","Some url","Some title","Some description"
"P1p1aQ@3","123","a873303a","Some url","Some title","Some description"
"Ha0UDw@3","jXvTczpuRxGcKUm6ZxUSyA","c5dd214f","Some url","Some title","Some description"
"S9qjoQ@8","234","39283402","Some url","Some title","Some description"
"1uEo4w@4","234","aa60cbbe","Some url","Some title","Some description"
"S9qjoQ@8","234","5b57dc9","Some url","Some title","Some description"
"S9qjoQ@8","123","b5c271f","Some url","Some title","Some description"
"1uEo4w@4","jXvTczpuRxGcKUm6ZxUSyA","e4278f4d","Some url","Some title","Some description"
"S9qjoQ@8","123","a66560cb","Some url","Some title","Some description"
"Ha0UDw@3","m7Hy3LzFRg-wp_vqk2FG2w","eb1b5da6","Some url","Some title","Some description"
"1uEo4w@4","234","616dc1f0","Some url","Some title","Some description"
"1uEo4w@4","123","7ba05114","Some url","Some title","Some description"
"Ha0UDw@3","123","a6fff027","Some url","Some title","Some description"
"S9qjoQ@8","123","d4a6680","Some url","Some title","Some description"
"S9qjoQ@8","123","5c81de60","Some url","Some title","Some description"
"S9qjoQ@8","123","32c6c7fc","Some url","Some title","Some description"
"S9qjoQ@8","m7Hy3LzFRg-wp_vqk2FG2w","a061e921","Some url","Some title","Some description"
"P1p1aQ@3","234","8bb43673","Some url","Some title","Some description"
"P1p1aQ@3","m7Hy3LzFRg-wp_vqk2FG2w","1d72a084","Some url","Some title","Some description"
"S9qjoQ@8","m7Hy3LzFRg-wp_vqk2FG2w","f708db70","Some url","Some title","Some description"
"S9qjoQ@8","123","e465d9ec","Some url","Some title","Some description"
"S9qjoQ@8","123","a7efd267","Some url","Some title","Some description"
"Ha0UDw@3","234","b6fa7c90","Some url","Some title","Some description"
"Ha0UDw@3","jXvTczpuRxGcKUm6ZxUSyA","b166ca5b","Some url","Some title","Some description"
"P1p1aQ@3","234","f09f4a62","Some url","Some title","Some description"
"1uEo4w@4","m7Hy3LzFRg-wp_vqk2FG2w","61a9883","Some url","Some title","Some description"
"Ha0UDw@3","234","a2f804ec","Some url","Some title","Some description"
"P1p1aQ@3","123","c3b7bb5d","Some url","Some title","Some description"
"Ha0UDw@3","234","d631347c","Some url","Some title","Some description"
"P1p1aQ@3","jXvTczpuRxGcKUm6ZxUSyA","a0ebcf11","Some url","Some title","Some description"
"S9qjoQ@8","123","e5980113","Some url","Some title","Some description"
"1uEo4w@4","234","b28a05bc","Some url","Some title","Some description"
"S9qjoQ@8","234","e331f63f","Some url","Some title","Some description"
"S9qjoQ@8","m7Hy3LzFRg-wp_vqk2FG2w","b480c06","Some url","Some title","Some description"
"1uEo4w@4","123","d6031f9c","Some url","Some title","Some description"
"Ha0UDw@3","123","1251f2f0","Some url","Some title","Some description"
"Ha0UDw@3","123","6f43f48e","Some url","Some title","Some description"
"S9qjoQ@8","234","ecd1714b","Some url","Some title","Some description"
"P1p1aQ@3","123","fbe1a0e7","Some url","Some title","Some description"
"Ha0UDw@3","234","b6444a44","Some url","Some title","Some description"
"1uEo4w@4","123","298d6807","Some url","Some title","Some description"
"S9qjoQ@8","123","d41031a4","Some url","Some title","Some description"
"Ha0UDw@3","234","172d558c","Some url","Some title","Some description"
