"peer_submission_id","peer_assignment_id","jhu_user_id","peer_submission_created_ts","peer_submission_is_draft","peer_submission_title","peer_submission_removed_from_public_ts","peer_submission_score_available_ts","peer_submission_score","peer_submission_is_mentor_graded"
"f5841fed","P1p1aQ@3","9b6d047f","2016-07-14 09:05:33","f","Some title","2017-08-17 13:23:18.998",NA,NA,"f"
"ddd982e2","S9qjoQ@8","4e573753","2017-09-04 16:40:00","t","Some title",NA,NA,NA,"f"
"31fcf50a","S9qjoQ@8","9d5021f1","2017-07-22 18:10:15","t","Some title",NA,NA,NA,"f"
"a34f3e9a","S9qjoQ@8","72025e27","2016-05-10 14:48:50","t","Some title",NA,"2017-06-16 17:48:23.061",NA,"f"
"2967b3ca","1uEo4w@4","c4e52191","2016-01-24 12:54:17","t","Some title",NA,NA,NA,"f"
"8ca43ef2","1uEo4w@4","52cb2996","2017-06-16 09:46:59","f","Some title",NA,"2017-06-09 22:49:39.218",NA,"f"
"5f162bed","Ha0UDw@3","47aaf9a1","2016-09-04 18:46:13","t","Some title",NA,NA,"2","f"
"e533e1c3","S9qjoQ@8","77547c63","2016-10-28 20:57:48","f","Some title",NA,NA,NA,"f"
"c100e9d3","1uEo4w@4","bca7ae32","2016-06-17 18:14:40","t","Some title",NA,NA,NA,"f"
"27009317","1uEo4w@4","3d9bae2a","2017-02-09 03:54:56","t","Some title",NA,"2016-03-24 03:11:01.915",NA,"f"
"73a15167","Ha0UDw@3","e7e04157","2016-05-17 16:36:12","t","Some title",NA,"2017-01-29 21:04:49.348",NA,"f"
"69b6f0c0","S9qjoQ@8","f961ece","2017-01-19 22:00:19","f","Some title",NA,"2017-08-08 12:16:54.816",NA,"f"
"efc9b1a8","Ha0UDw@3","2673cf1c","2016-04-18 11:35:20","f","Some title",NA,NA,NA,"f"
"b52bdc00","1uEo4w@4","8634d363","2017-04-24 02:27:15","f","Some title",NA,NA,NA,"f"
"a4166ad5","S9qjoQ@8","da499dbc","2017-09-09 10:22:52","t","Some title",NA,NA,"14","f"
"c429286c","1uEo4w@4","fb098959","2017-10-02 03:07:07","t","Some title",NA,NA,NA,"f"
"8e69fa99","Ha0UDw@3","eddca85c","2016-06-09 22:17:59","t","Some title",NA,"2016-02-04 08:18:48.226",NA,"f"
"6e9580e0","S9qjoQ@8","b212fbfe","2017-09-11 15:10:48","f","Some title",NA,NA,"2","f"
"b6ac635b","1uEo4w@4","73b19d3","2016-01-18 21:18:05","t","Some title",NA,NA,"2","f"
"a6589945","P1p1aQ@3","18a07ed5","2017-03-14 10:29:00","t","Some title",NA,NA,NA,"f"
"433fc3a4","1uEo4w@4","4ceb43a1","2016-05-15 22:13:31","t","Some title",NA,NA,NA,"f"
"d321ad34","1uEo4w@4","1adef8bf","2017-08-30 00:29:39","f","Some title",NA,"2017-02-09 08:20:19.381",NA,"f"
"cd40d56","Ha0UDw@3","efe49972","2017-05-08 00:23:58","t","Some title",NA,NA,NA,"f"
"1c4afa1c","S9qjoQ@8","98778571","2016-11-08 04:08:13","t","Some title","2016-12-07 14:27:25.935","2017-08-15 17:13:23.36",NA,"f"
"25c50443","Ha0UDw@3","6734cf81","2016-11-20 08:00:31","f","Some title",NA,NA,NA,"f"
"8c5f0363","Ha0UDw@3","a5b28c5b","2016-02-01 06:12:58","t","Some title",NA,NA,NA,"f"
"3a565b86","Ha0UDw@3","d4befcfd","2016-10-15 11:33:35","t","Some title",NA,NA,NA,"f"
"9c50c938","Ha0UDw@3","5efd47f4","2016-03-10 23:24:18","t","Some title","2017-03-09 10:46:17.819",NA,NA,"f"
"b6e5133b","S9qjoQ@8","754fa829","2017-09-11 22:08:55","t","Some title",NA,NA,"2","f"
"bedda1a2","S9qjoQ@8","76aeb40f","2016-08-24 13:51:07","f","Some title",NA,NA,"14","f"
"2aebce4e","1uEo4w@4","3fd94645","2017-09-30 15:38:37","t","Some title",NA,"2017-03-27 05:05:54.887",NA,"f"
"62c4183d","S9qjoQ@8","f89a3b82","2016-05-21 03:33:51","t","Some title",NA,NA,NA,"f"
"d7808895","P1p1aQ@3","3a186672","2016-08-14 11:34:58","t","Some title",NA,NA,"2","f"
"9df6faaa","P1p1aQ@3","5a47ebb3","2017-03-22 18:30:26","t","Some title",NA,"2016-12-05 03:14:00.261",NA,"f"
"b8868db9","P1p1aQ@3","e212a99f","2017-04-08 18:53:37","f","Some title",NA,NA,NA,"f"
"89d9dc46","P1p1aQ@3","426df7e3","2017-04-19 12:06:45","t","Some title",NA,NA,NA,"f"
"a25373a7","1uEo4w@4","5c4f818","2017-04-06 10:49:05","f","Some title",NA,NA,"2","f"
"6569d0a9","S9qjoQ@8","63fc4558","2016-05-09 23:53:29","t","Some title",NA,NA,NA,"f"
"c51c7990","Ha0UDw@3","19b3c203","2017-05-07 19:41:17","t","Some title",NA,NA,NA,"f"
"a852fbac","P1p1aQ@3","416a92b4","2017-07-18 00:45:29","t","Some title",NA,"2017-10-03 14:10:38.476",NA,"f"
"e27537f2","S9qjoQ@8","bb57196b","2017-06-11 08:09:36","t","Some title",NA,NA,NA,"f"
"fe91de12","Ha0UDw@3","e689f737","2017-09-18 07:17:23","t","Some title",NA,NA,"14","f"
"c8c61d9f","1uEo4w@4","67a53fe","2016-03-29 20:41:55","t","Some title",NA,NA,NA,"f"
"bfac775e","S9qjoQ@8","4e796ca9","2017-07-04 14:06:48","t","Some title",NA,NA,NA,"f"
"cac98b7d","P1p1aQ@3","c522a4ba","2016-02-29 05:02:56","f","Some title",NA,NA,NA,"f"
"df579f89","S9qjoQ@8","60163475","2017-03-26 14:34:36","t","Some title",NA,NA,NA,"f"
"5578952a","S9qjoQ@8","b15385e0","2016-04-10 15:30:13","t","Some title",NA,NA,NA,"f"
"a309286f","Ha0UDw@3","e4a6f74b","2016-05-15 23:23:24","t","Some title",NA,NA,NA,"f"
"971a2793","1uEo4w@4","b6c2e479","2017-09-13 00:49:17","f","Some title",NA,NA,NA,"f"
"eec9119a","Ha0UDw@3","7b7a6685","2017-03-01 02:41:48","f","Some title",NA,NA,NA,"f"
"7eb6c686","1uEo4w@4","3c869fa3","2017-04-30 22:15:59","f","Some title",NA,NA,"14","f"
"9353e621","1uEo4w@4","bf3988fe","2016-03-21 01:28:45","t","Some title",NA,NA,"2","f"
"eec3a34c","S9qjoQ@8","df1cd59f","2016-05-20 20:42:42","t","Some title",NA,"2017-05-31 04:56:49.451",NA,"f"
"d1aabdfc","S9qjoQ@8","a0d71739","2016-03-31 11:58:31","f","Some title",NA,NA,"2","f"
"471cffd9","Ha0UDw@3","3d06c684","2017-03-18 15:51:05","t","Some title",NA,"2017-09-10 16:50:11.63","14","f"
"2e4dd390","Ha0UDw@3","7464db3e","2017-06-13 00:49:54","t","Some title",NA,"2016-12-13 21:28:11.535",NA,"f"
"ef5fc6f","1uEo4w@4","443f3430","2017-07-12 07:49:34","t","Some title",NA,NA,NA,"f"
"b9f5ef4f","P1p1aQ@3","6f8966e2","2016-04-16 21:25:05","f","Some title",NA,"2017-04-10 10:53:15.201","2","f"
"bdcce627","S9qjoQ@8","f63dee13","2017-05-01 21:15:57","t","Some title",NA,"2016-12-25 17:17:12.383",NA,"f"
"882c3664","S9qjoQ@8","d8e348a9","2016-02-01 06:38:36","t","Some title",NA,NA,NA,"f"
"93efcc7b","1uEo4w@4","f14345cb","2017-08-30 19:35:39","f","Some title",NA,NA,NA,"f"
"e14efda7","S9qjoQ@8","5126d862","2016-10-19 16:26:33","f","Some title",NA,"2016-02-04 01:58:59.578",NA,"f"
"e01eeb96","S9qjoQ@8","83be0ab2","2017-06-27 08:20:54","f","Some title",NA,"2017-03-30 02:31:22.294",NA,"f"
"aac90894","1uEo4w@4","c6b75feb","2017-06-08 06:37:23","t","Some title","2016-12-22 16:03:31.307",NA,NA,"f"
"5207930e","S9qjoQ@8","fccddfd3","2017-05-10 02:05:47","t","Some title",NA,"2016-10-24 13:47:52.488","2","f"
"719f1f22","Ha0UDw@3","8c330503","2016-10-25 20:16:56","t","Some title",NA,NA,"14","f"
"5f6dfa82","Ha0UDw@3","498493d2","2017-04-02 14:04:38","t","Some title",NA,NA,NA,"f"
"1819ac37","S9qjoQ@8","197aa4c3","2016-10-20 04:07:09","f","Some title",NA,NA,NA,"f"
"c89d5704","S9qjoQ@8","65beefd9","2017-10-04 02:35:31","t","Some title",NA,NA,NA,"f"
"f482faee","S9qjoQ@8","e2e57368","2017-06-25 19:27:43","t","Some title",NA,"2016-09-21 07:13:14.85",NA,"f"
"c254cdda","P1p1aQ@3","a21dedab","2016-10-02 01:12:33","t","Some title",NA,NA,"14","f"
"d42ffb36","1uEo4w@4","8d7989ee","2017-05-02 09:08:18","t","Some title",NA,"2017-04-27 09:16:00.974",NA,"f"
"544502e6","S9qjoQ@8","35c9603b","2017-03-06 04:30:06","f","Some title","2017-01-12 09:40:25.567","2017-04-05 09:51:36.014",NA,"f"
"cd535a93","P1p1aQ@3","192a9eb1","2017-02-12 04:12:38","t","Some title",NA,NA,NA,"f"
"7238e613","1uEo4w@4","9e16adad","2017-01-29 19:54:30","t","Some title",NA,NA,NA,"f"
"50a66332","1uEo4w@4","38d7b7c1","2017-09-15 15:39:15","f","Some title",NA,NA,NA,"f"
"33e3138e","P1p1aQ@3","fede951b","2017-05-07 21:19:46","t","Some title","2017-05-16 11:22:11.134","2017-08-08 01:22:25.615","1.5","f"
"f635205d","Ha0UDw@3","f43cceca","2017-06-06 03:11:34","t","Some title",NA,"2016-06-25 20:08:44.122","2","f"
"de77e042","Ha0UDw@3","1eadd353","2017-07-22 16:30:33","f","Some title","2017-08-10 05:22:24.069",NA,NA,"f"
"f0b25921","1uEo4w@4","935d808","2016-01-31 14:44:55","f","Some title","2017-05-12 14:31:57.462","2017-01-26 22:52:54.59",NA,"f"
"e3f8c25c","S9qjoQ@8","925db299","2017-05-10 03:21:14","f","Some title",NA,NA,NA,"f"
"fa4fa27","1uEo4w@4","97171974","2016-08-04 03:30:45","t","Some title",NA,NA,NA,"f"
"b3095daa","P1p1aQ@3","35c1fbdc","2017-07-12 00:00:43","t","Some title",NA,NA,NA,"f"
"b3a41241","S9qjoQ@8","f74f8c2a","2017-07-22 09:28:00","t","Some title",NA,"2017-09-07 19:39:39.039",NA,"f"
"c01cd723","Ha0UDw@3","58329488","2016-04-17 02:36:52","f","Some title",NA,NA,NA,"f"
"f0748008","Ha0UDw@3","67297f31","2017-05-23 22:01:50","t","Some title",NA,NA,"2","f"
"5b215155","S9qjoQ@8","aa962e3c","2016-09-02 04:02:12","t","Some title","2016-11-11 18:13:48.816","2016-02-03 21:54:39.357",NA,"f"
"df8a97fb","Ha0UDw@3","da45a609","2016-02-08 00:57:59","t","Some title",NA,NA,"13","f"
"91f2f603","Ha0UDw@3","53d788a7","2016-09-13 00:06:50","f","Some title","2017-07-05 08:14:49.023",NA,NA,"f"
"69ed1ef1","1uEo4w@4","823346dd","2017-09-20 12:39:36","t","Some title","2017-04-06 21:27:51.90",NA,NA,"f"
"710fbf2e","S9qjoQ@8","2a40152b","2017-02-12 03:01:58","t","Some title",NA,"2017-07-26 07:13:50.706",NA,"f"
"862136d9","Ha0UDw@3","b95548d3","2017-05-01 05:12:20","t","Some title","2016-04-06 09:36:34.409","2016-06-29 11:37:35.733",NA,"f"
"ac21fdda","P1p1aQ@3","d22efea6","2016-04-12 02:12:45","t","Some title",NA,NA,NA,"f"
"7056ac70","S9qjoQ@8","e79f715d","2016-10-20 06:28:45","f","Some title",NA,NA,"14","f"
"98e1cb44","1uEo4w@4","4c6ae393","2016-11-01 01:34:48","t","Some title",NA,NA,NA,"f"
"33397dd8","Ha0UDw@3","3d9bae2a","2017-03-08 15:23:25","t","Some title",NA,"2017-04-23 18:31:53.361",NA,"f"
"f15358b","S9qjoQ@8","5696be56","2017-09-01 02:56:03","t","Some title",NA,NA,NA,"f"
"46f87ca3","Ha0UDw@3","4dac5cbb","2016-01-31 00:55:40","t","Some title",NA,NA,NA,"f"
"5b36db7d","1uEo4w@4","3bdfc0e9","2016-11-02 19:50:57","t","Some title",NA,NA,"12.5","f"
"7ff877a7","S9qjoQ@8","cc6dcff6","2017-03-15 00:30:58","t","Some title",NA,NA,NA,"f"
"7e089430","S9qjoQ@8","64361f11","2017-05-23 18:46:33","f","Some title",NA,"2016-05-14 09:55:58.004",NA,"f"
"b8906449","P1p1aQ@3","a27457b1","2017-01-10 01:40:18","t","Some title",NA,NA,NA,"f"
"fd73de1e","S9qjoQ@8","c8e2b85e","2017-03-12 00:37:04","f","Some title",NA,NA,NA,"f"
"b6ddfaef","1uEo4w@4","ebb59f35","2016-12-05 19:33:40","t","Some title",NA,"2017-04-10 06:32:06.469",NA,"f"
"9c10bd68","Ha0UDw@3","2d26fa51","2016-03-14 10:55:26","f","Some title",NA,NA,NA,"f"
"e4c931be","Ha0UDw@3","1def1b85","2017-01-15 06:49:21","f","Some title",NA,NA,NA,"f"
"d623fc5d","1uEo4w@4","7fc06696","2017-09-14 15:48:41","t","Some title",NA,NA,NA,"f"
"b50a5274","1uEo4w@4","6c55bd9f","2016-12-18 10:21:02","t","Some title",NA,NA,NA,"f"
"7e8ec278","S9qjoQ@8","f94a8623","2017-06-10 06:38:12","t","Some title",NA,NA,NA,"f"
"690dd2a2","Ha0UDw@3","f9c48f08","2017-07-03 21:01:40","t","Some title",NA,NA,NA,"f"
"a2be52fd","P1p1aQ@3","e29d3168","2016-01-24 22:59:43","t","Some title",NA,"2017-08-03 07:24:51.094",NA,"f"
"dd08328d","P1p1aQ@3","449ede73","2016-01-28 23:41:44","t","Some title",NA,NA,NA,"f"
"f486b951","S9qjoQ@8","5d8b0380","2016-09-24 08:28:50","t","Some title",NA,NA,NA,"f"
"d4925498","Ha0UDw@3","6001af7d","2017-08-22 15:07:27","t","Some title",NA,NA,NA,"f"
"aede23ff","P1p1aQ@3","b5fc73e5","2017-08-13 10:44:39","t","Some title",NA,NA,"2","f"
"b022f04d","S9qjoQ@8","fb4987ff","2016-02-26 02:38:44","t","Some title",NA,NA,NA,"f"
"af70b7bb","1uEo4w@4","46affe0a","2017-07-13 16:12:57","t","Some title",NA,NA,NA,"f"
"fce9bdc","S9qjoQ@8","8d0e9f8","2017-01-22 18:18:34","t","Some title",NA,NA,NA,"f"
"ec40ea55","Ha0UDw@3","2f7c33a2","2016-03-02 10:21:33","t","Some title",NA,"2016-02-04 05:39:25.127",NA,"f"
"7820ef20","S9qjoQ@8","aa39773c","2017-02-14 03:41:13","t","Some title",NA,NA,"2","f"
"b79e87a4","P1p1aQ@3","61b2dd72","2017-09-24 20:45:58","t","Some title",NA,"2017-05-05 21:07:00.89","11","f"
"b104a812","Ha0UDw@3","9a81f47d","2017-06-16 07:21:44","t","Some title",NA,NA,NA,"f"
"3089cea3","Ha0UDw@3","5ea3828","2017-01-30 15:42:43","t","Some title",NA,NA,NA,"f"
"a03f1675","P1p1aQ@3","5a9bbdc2","2017-07-14 02:12:07","t","Some title",NA,NA,NA,"f"
"984632a9","1uEo4w@4","352e1700","2016-01-31 12:03:17","t","Some title",NA,NA,NA,"f"
"e25cca7b","S9qjoQ@8","ffee81f6","2016-12-22 20:53:07","t","Some title",NA,NA,NA,"f"
"e7bf3685","S9qjoQ@8","4204dd0","2016-10-18 15:29:19","t","Some title","2017-02-03 14:02:00.251",NA,NA,"f"
"c872d7b7","Ha0UDw@3","8b20c655","2017-02-26 03:45:31","t","Some title",NA,NA,NA,"f"
"56d0bfb9","Ha0UDw@3","3232cace","2017-04-03 19:28:08","f","Some title",NA,"2017-02-11 11:02:59.138",NA,"f"
"e2e857de","S9qjoQ@8","d4306907","2017-06-14 17:19:05","t","Some title",NA,NA,NA,"f"
"a9e492cd","1uEo4w@4","622b19c0","2016-11-20 10:56:18","t","Some title",NA,"2017-09-06 16:26:35.372",NA,"f"
"98a3f78e","P1p1aQ@3","978c74e6","2017-01-24 16:21:40","f","Some title",NA,NA,NA,"f"
"699468ab","S9qjoQ@8","41cd0618","2017-03-30 16:55:33","t","Some title",NA,NA,"13","f"
"9ca46fb","Ha0UDw@3","a95ca029","2016-04-17 02:35:55","t","Some title",NA,NA,NA,"f"
"45b9ef57","P1p1aQ@3","b6c96fcb","2017-05-15 04:35:51","t","Some title","2016-03-03 13:04:10.181",NA,NA,"f"
"cb19ec97","Ha0UDw@3","f733057f","2016-02-01 05:32:22","t","Some title","2017-05-29 17:10:15.353",NA,NA,"f"
"881af8a1","1uEo4w@4","d7b10435","2016-12-05 14:02:49","t","Some title",NA,NA,NA,"f"
"b5b84c0c","S9qjoQ@8","86f14c2f","2017-07-09 12:18:59","t","Some title",NA,NA,NA,"f"
"e7250c8e","S9qjoQ@8","7594113f","2017-08-19 17:51:54","t","Some title",NA,NA,NA,"f"
"86ef41f3","S9qjoQ@8","6fe4c13","2017-08-13 19:20:59","f","Some title",NA,NA,NA,"f"
"a8cf2842","P1p1aQ@3","cbbc3068","2016-05-10 15:44:33","t","Some title",NA,"2016-11-21 15:37:45.683","2","f"
"8c339422","S9qjoQ@8","d53a90a5","2017-04-17 01:06:38","t","Some title",NA,NA,NA,"f"
"65f8a244","Ha0UDw@3","98e24bc9","2016-10-30 16:28:26","f","Some title","2017-09-17 22:59:50.745",NA,NA,"f"
"1818a944","S9qjoQ@8","f0a70522","2016-10-24 15:06:40","t","Some title",NA,NA,NA,"f"
"2223c564","S9qjoQ@8","c0f638e0","2016-11-05 03:18:47","t","Some title",NA,NA,NA,"f"
"8a99cc19","S9qjoQ@8","6c8305bd","2016-11-23 17:33:43","t","Some title",NA,"2017-09-18 07:47:22.071",NA,"f"
"ed33045a","Ha0UDw@3","70a0ddd3","2017-05-01 06:48:20","t","Some title",NA,"2017-06-30 14:45:01.185",NA,"f"
"3f36ed85","P1p1aQ@3","bb15cc66","2016-07-25 02:51:25","f","Some title",NA,NA,"14","f"
"59526411","Ha0UDw@3","a8ba42bb","2016-02-26 17:09:43","t","Some title",NA,NA,NA,"f"
"1c35ba40","S9qjoQ@8","8d134c2","2017-08-03 11:28:34","t","Some title",NA,NA,NA,"f"
"b9c18795","1uEo4w@4","68b8ea65","2017-09-26 09:35:44","f","Some title",NA,NA,NA,"f"
"1a647ba5","S9qjoQ@8","983a83c4","2017-08-29 19:24:04","t","Some title","2017-07-13 20:15:36.272",NA,"13.5","f"
"13590e8d","Ha0UDw@3","774249cd","2017-08-09 02:38:33","t","Some title",NA,NA,"14","f"
"b91246e5","S9qjoQ@8","6b6f27bd","2016-08-07 01:08:11","t","Some title",NA,NA,NA,"f"
"cf1f577a","P1p1aQ@3","356ed2e8","2017-07-26 03:38:01","t","Some title",NA,NA,NA,"f"
"545e64aa","Ha0UDw@3","f3007a76","2017-05-07 07:05:07","f","Some title",NA,NA,NA,"f"
"9a09371c","S9qjoQ@8","ed3c007e","2017-07-03 13:49:49","t","Some title",NA,NA,NA,"f"
"d59fc8b1","S9qjoQ@8","8b25d747","2017-10-04 10:08:28","t","Some title",NA,"2017-08-03 12:25:44.635",NA,"f"
"e669c40","Ha0UDw@3","4ff70305","2016-01-30 04:43:20","t","Some title",NA,NA,"7","f"
"2ddb4596","Ha0UDw@3","af1e7777","2016-01-22 23:09:33","t","Some title",NA,NA,"2","f"
"290e0b1a","S9qjoQ@8","f3612a91","2016-06-19 10:33:29","f","Some title","2017-06-11 14:42:53.249",NA,"14","f"
"d9a7e00c","Ha0UDw@3","5dbd2979","2017-10-03 20:38:11","t","Some title",NA,"2016-03-02 21:35:10.258",NA,"f"
"42e43c92","S9qjoQ@8","cbbc3068","2017-02-04 14:44:22","f","Some title",NA,NA,NA,"f"
"a7c708b3","Ha0UDw@3","9d8d3124","2016-02-18 10:59:05","f","Some title",NA,NA,NA,"f"
"19b9fe2a","1uEo4w@4","8557fa39","2017-03-19 18:15:54","t","Some title",NA,NA,NA,"f"
"f1ccc03c","Ha0UDw@3","d22efea6","2016-02-04 23:24:34","f","Some title",NA,NA,NA,"f"
"ff834dae","1uEo4w@4","78795489","2016-05-31 09:43:41","t","Some title",NA,NA,NA,"f"
"def9b078","S9qjoQ@8","67227641","2017-07-03 07:54:47","t","Some title",NA,NA,"2","f"
"58770f1d","Ha0UDw@3","190f2d11","2017-06-24 13:32:23","t","Some title",NA,NA,NA,"f"
"ae8dc1c2","P1p1aQ@3","6dd422c1","2017-09-03 18:56:36","t","Some title","2017-01-09 22:11:31.544",NA,"2","f"
"5ea5f6b","S9qjoQ@8","2c15d14","2017-04-04 22:00:25","t","Some title",NA,NA,NA,"f"
"69475aa0","S9qjoQ@8","280a6088","2017-06-14 07:26:10","t","Some title","2016-12-01 04:29:17.715",NA,NA,"f"
"a4f21536","S9qjoQ@8","21e6d6ad","2017-03-03 21:40:42","t","Some title",NA,NA,NA,"f"
"5991a56e","1uEo4w@4","c9bd34aa","2017-06-18 15:50:05","f","Some title",NA,NA,NA,"f"
"c969131d","S9qjoQ@8","cdff7ea4","2016-01-31 13:06:27","t","Some title",NA,NA,"2","f"
"f11e0052","S9qjoQ@8","7799a2ef","2017-05-22 09:26:56","t","Some title",NA,NA,"2","f"
"6cc653a9","1uEo4w@4","94e28b20","2016-07-07 20:44:23","t","Some title",NA,"2017-09-19 02:53:57.007",NA,"f"
"6ede0105","P1p1aQ@3","4d702054","2017-01-10 20:46:57","t","Some title",NA,NA,NA,"f"
"affe19d5","S9qjoQ@8","70f79cda","2016-05-13 10:11:57","t","Some title",NA,"2016-09-16 20:06:39.799",NA,"f"
"3c0fbc83","Ha0UDw@3","2d515998","2016-07-21 16:31:36","t","Some title",NA,NA,NA,"f"
"f6501e75","S9qjoQ@8","3aa31d5e","2016-04-18 08:44:21","f","Some title",NA,NA,NA,"f"
"a8b839b","S9qjoQ@8","9eed7067","2016-01-31 14:13:56","f","Some title",NA,NA,NA,"f"
"836959cb","S9qjoQ@8","3232cace","2016-01-22 18:00:21","f","Some title",NA,NA,NA,"f"
"6f0c0cd8","S9qjoQ@8","65d1413d","2017-07-29 07:50:52","t","Some title",NA,"2016-10-16 20:39:38.067",NA,"f"
"f67c30ce","S9qjoQ@8","c9a3af5b","2017-09-16 08:44:01","t","Some title",NA,"2017-07-03 20:41:51.077","14","f"
"868ac247","Ha0UDw@3","e7e04889","2017-04-15 14:16:52","t","Some title",NA,NA,NA,"f"
"6cfbfd7a","P1p1aQ@3","4ff70305","2016-01-30 04:51:01","t","Some title",NA,NA,"13.5","f"
"1d1a4585","P1p1aQ@3","e7b23022","2016-11-27 11:24:28","t","Some title",NA,NA,NA,"f"
"d05cf36e","P1p1aQ@3","fde6b76f","2016-08-14 23:35:39","t","Some title",NA,NA,NA,"f"
"36bc624f","S9qjoQ@8","46f4b7fa","2017-04-09 23:04:51","t","Some title",NA,"2016-07-16 17:39:49.781",NA,"f"
"5fca0914","1uEo4w@4","cbfe91e5","2016-11-20 03:48:36","t","Some title",NA,NA,NA,"f"
"700cf6e3","P1p1aQ@3","1a81f9","2017-03-06 04:30:05","t","Some title",NA,NA,"2","f"
"a281f90b","S9qjoQ@8","10829f4d","2017-09-08 02:17:19","t","Some title",NA,"2016-04-13 17:32:40.195",NA,"f"
"9eb4ef79","P1p1aQ@3","5a9bbdc2","2017-04-18 18:01:50","f","Some title",NA,"2017-09-27 02:15:33.334",NA,"f"
"e83f779c","S9qjoQ@8","f2b4a15a","2016-01-30 17:29:07","f","Some title","2017-07-10 19:43:40.097",NA,"14","f"
"91ef6d32","Ha0UDw@3","2a988fac","2016-03-06 20:04:21","t","Some title",NA,NA,NA,"f"
"2f1998e3","Ha0UDw@3","6a577db1","2017-02-27 07:55:11","f","Some title",NA,NA,NA,"f"
"46ea9c13","P1p1aQ@3","123a96","2017-03-07 04:37:35","t","Some title",NA,"2017-03-12 18:32:15.457",NA,"f"
"c4a276e3","1uEo4w@4","9e06527e","2016-08-28 14:03:31","t","Some title",NA,NA,"14","f"
"7e3f9cd9","Ha0UDw@3","faed8dc8","2017-10-04 10:08:33","t","Some title",NA,NA,NA,"f"
"323a43e8","S9qjoQ@8","11f105ff","2017-03-22 17:28:12","t","Some title",NA,"2016-04-05 20:45:06.284",NA,"f"
"e0a6f11b","1uEo4w@4","40f6fd7f","2017-06-07 03:09:25","t","Some title",NA,NA,"2","f"
"d67d3f4d","Ha0UDw@3","436e06e7","2017-07-07 15:04:55","t","Some title",NA,"2016-11-07 14:21:52.26","2","f"
"27be7275","1uEo4w@4","b859324","2016-12-06 02:48:04","t","Some title",NA,NA,NA,"f"
"aa4791fa","P1p1aQ@3","b8560a90","2016-02-28 21:36:20","t","Some title",NA,"2017-05-02 20:10:00.601",NA,"f"
"ac602147","P1p1aQ@3","20c6e52d","2016-02-08 17:32:43","t","Some title",NA,NA,"2","f"
"b444ea30","Ha0UDw@3","4c784905","2016-09-26 00:24:54","t","Some title",NA,"2017-05-24 03:49:39.288",NA,"f"
"38873220","P1p1aQ@3","130d7a3d","2016-01-30 20:11:34","t","Some title",NA,"2016-12-29 02:59:40.587",NA,"f"
"93953547","S9qjoQ@8","358c6fc8","2016-12-30 15:12:48","t","Some title",NA,"2016-10-10 17:38:37.395","9","f"
"2c0a734e","P1p1aQ@3","46f4b7fa","2017-03-03 20:52:29","t","Some title",NA,NA,NA,"f"
"ea1a0175","1uEo4w@4","6652f9a8","2017-07-03 22:49:05","f","Some title",NA,NA,NA,"f"
"e07cbd9","1uEo4w@4","f25c4890","2017-06-24 18:14:42","t","Some title",NA,NA,NA,"f"
"777ac2f1","S9qjoQ@8","fd66dd38","2017-09-05 05:56:47","t","Some title",NA,"2017-07-19 20:21:30.159","2","f"
"2cbc9b2a","Ha0UDw@3","f2d81268","2016-06-11 15:20:27","t","Some title",NA,"2017-04-03 15:09:06.771","14","f"
"4cae9d50","S9qjoQ@8","41952419","2016-02-22 18:14:54","f","Some title","2016-02-07 14:24:19.075","2017-03-02 18:22:40.846",NA,"f"
"da457cc7","S9qjoQ@8","61893aae","2016-03-27 18:39:19","t","Some title",NA,NA,NA,"f"
"b6e3592e","P1p1aQ@3","2fce738c","2017-09-25 02:01:46","t","Some title",NA,NA,NA,"f"
"61769c4e","1uEo4w@4","539d7ebb","2016-03-19 16:27:32","t","Some title",NA,NA,NA,"f"
"d0ccd947","S9qjoQ@8","b90ddb83","2016-01-30 16:31:16","t","Some title",NA,NA,NA,"f"
"a72db9e8","1uEo4w@4","f79f158f","2017-04-02 19:14:23","f","Some title",NA,NA,NA,"f"
"544523ee","Ha0UDw@3","3771cbe6","2016-04-20 23:14:52","t","Some title",NA,NA,NA,"f"
"f7ec7198","P1p1aQ@3","5a8c76fc","2016-04-29 05:35:33","f","Some title",NA,"2017-02-02 04:16:33.148","0","f"
"92622f6d","1uEo4w@4","f09624e2","2016-02-07 13:34:08","t","Some title",NA,"2016-11-21 16:26:09.487",NA,"f"
"20f82bd9","Ha0UDw@3","3df26fb2","2016-07-11 04:21:59","t","Some title",NA,NA,NA,"f"
"6c603b3f","S9qjoQ@8","4b99449","2017-07-27 03:51:27","t","Some title",NA,NA,NA,"f"
"16a276b","Ha0UDw@3","157cdb0e","2017-05-30 06:37:36","f","Some title",NA,NA,"12","f"
"eec2cf39","1uEo4w@4","e29d3168","2016-10-05 20:44:27","t","Some title",NA,NA,"1","f"
"8bfb53f5","Ha0UDw@3","82ec3b7a","2017-09-30 00:40:38","t","Some title",NA,"2016-09-17 00:20:01.327",NA,"f"
"1f7a93e8","1uEo4w@4","f138575e","2016-12-16 22:03:14","f","Some title",NA,NA,"2","f"
"6ffae886","P1p1aQ@3","8663580e","2017-05-01 16:42:48","f","Some title",NA,"2016-02-03 04:11:10.839","2","f"
"6ab22efd","P1p1aQ@3","8d158b4f","2017-01-29 10:00:10","f","Some title",NA,"2017-02-01 21:48:59.975","1","f"
"cb938996","1uEo4w@4","f707f412","2017-07-22 21:32:59","t","Some title",NA,"2016-07-27 02:53:56.584",NA,"f"
"76277c70","S9qjoQ@8","fedb7a7e","2016-05-21 14:01:25","t","Some title",NA,"2016-11-10 00:51:25.676",NA,"f"
"63dd42b3","S9qjoQ@8","82ec3b7a","2017-04-29 21:13:38","t","Some title",NA,NA,NA,"f"
"44a18219","S9qjoQ@8","a9c7d120","2017-06-25 19:28:40","t","Some title",NA,"2016-12-06 16:35:09.19",NA,"f"
"14bd0f3f","Ha0UDw@3","8473b7df","2017-02-26 22:06:43","t","Some title",NA,NA,"14","f"
"f3fc2672","1uEo4w@4","7aaaf780","2017-08-07 15:02:32","f","Some title",NA,NA,"2","f"
"218d2f1c","1uEo4w@4","59807e76","2016-02-10 21:23:17","t","Some title","2017-07-14 09:16:30.299",NA,NA,"f"
"16e377","S9qjoQ@8","ccb156ab","2017-04-13 16:53:10","t","Some title",NA,NA,NA,"f"
"ace5b923","S9qjoQ@8","a3b80750","2016-09-20 22:27:27","f","Some title",NA,"2017-08-09 19:42:00.486",NA,"f"
"d6d97d60","S9qjoQ@8","7d5cd3a3","2016-02-20 22:01:48","f","Some title",NA,"2017-05-14 03:44:41.604",NA,"f"
"3705ccaf","1uEo4w@4","665b0431","2017-01-05 10:02:44","f","Some title",NA,NA,NA,"f"
"45488ab","S9qjoQ@8","7ee76754","2016-04-03 19:40:47","f","Some title",NA,NA,NA,"f"
"f97adc3b","P1p1aQ@3","a90a99b7","2017-03-24 06:00:53","t","Some title",NA,NA,NA,"f"
"af783a70","S9qjoQ@8","9981c366","2017-07-04 00:19:51","t","Some title",NA,NA,"2","f"
"b0dfc747","P1p1aQ@3","ed691e71","2016-12-11 20:39:36","t","Some title",NA,NA,"14","f"
"859c2f4e","Ha0UDw@3","ad1fbf9b","2017-09-02 10:08:56","t","Some title",NA,"cc59cb8a673d5f8692efb135b6d4bedf7b7218fa",NA,"f"
"e5e3a168","S9qjoQ@8","ff0d3087","2016-01-29 08:27:29","t","Some title",NA,NA,NA,"f"
"c0318c0a","1uEo4w@4","e00997e7","2017-07-24 03:36:21","t","Some title",NA,NA,"13.5","f"
"19e503ab","Ha0UDw@3","b03d4ba5","2016-06-19 17:14:02","f","Some title",NA,NA,NA,"f"
"c65f5d7d","P1p1aQ@3","3678a569","2017-06-11 14:58:37","t","Some title",NA,"2017-09-01 21:44:33.704",NA,"f"
"739cbab6","S9qjoQ@8","19e2b21","2016-05-08 21:01:33","t","Some title",NA,NA,NA,"f"
"d2c1bb9","P1p1aQ@3","aad7bbb9","2017-01-12 02:33:56","t","Some title","2017-01-09 06:01:50.164","2017-03-05 02:13:12.219","14","f"
"dd4775eb","1uEo4w@4","7005748b","2016-09-18 13:59:51","f","Some title",NA,NA,"14","f"
"5327ab50","P1p1aQ@3","190f2d11","2017-01-17 10:33:39","f","Some title",NA,NA,"1.5","f"
"5909aea1","P1p1aQ@3","9b5c490b","2016-03-06 22:02:50","t","Some title",NA,NA,"2","f"
"eff3729a","Ha0UDw@3","dcb0cd14","2016-05-22 08:57:40","t","Some title",NA,NA,NA,"f"
"b1b606cf","S9qjoQ@8","578bb8e","2017-03-26 15:03:32","t","Some title",NA,NA,NA,"f"
"8da7f06b","S9qjoQ@8","bcb2abe8","2017-10-01 03:18:48","t","Some title",NA,NA,NA,"f"
"e9c0cb33","1uEo4w@4","570cd7d1","2016-09-21 22:50:24","f","Some title",NA,NA,NA,"f"
"f72f9c32","S9qjoQ@8","7801a568","2016-10-12 04:19:30","t","Some title",NA,"2017-04-23 19:16:11.046",NA,"f"
"9b855466","1uEo4w@4","88f9f308","2017-04-07 12:06:00","t","Some title",NA,NA,NA,"f"
"261cb07e","Ha0UDw@3","cc9e5559","2017-07-30 12:41:38","t","Some title","2016-12-28 12:43:49.204","2017-02-12 16:11:23.457",NA,"f"
"ff376197","P1p1aQ@3","617d7f27","2017-07-31 17:29:09","t","Some title",NA,"2016-02-04 01:48:57.479",NA,"f"
"502f4310","S9qjoQ@8","508c6f5b","2016-02-23 01:40:15","t","Some title",NA,NA,NA,"f"
"c60a6cb8","S9qjoQ@8","e6483e7c","2017-03-29 06:58:49","t","Some title","2017-01-10 10:41:54.007",NA,"2","f"
"5e5d97c2","S9qjoQ@8","59ccb036","2016-03-20 09:03:26","f","Some title",NA,"2016-11-06 15:07:06.871",NA,"f"
"252a63ea","S9qjoQ@8","29943465","2016-03-27 13:01:01","t","Some title",NA,"2016-10-07 21:42:56.59","2","f"
"a4e0c281","Ha0UDw@3","6a5f904","2017-01-10 14:08:33","f","Some title",NA,NA,NA,"f"
"b3c84891","Ha0UDw@3","ea605a3e","2016-01-24 20:11:04","t","Some title",NA,"2017-09-25 19:12:30.745","14","f"
"77ecda39","S9qjoQ@8","575ef8c4","2017-07-29 20:40:56","t","Some title",NA,NA,NA,"f"
"881f84e8","P1p1aQ@3","762a6c8d","2016-06-19 15:36:26","t","Some title",NA,NA,NA,"f"
"b040aab8","1uEo4w@4","cadceceb","2017-01-21 15:26:16","t","Some title","2017-02-26 15:57:25.036",NA,NA,"f"
"2de67eb7","P1p1aQ@3","3723fd0f","2017-08-17 21:42:06","t","Some title",NA,NA,NA,"f"
"eef5dccd","S9qjoQ@8","bee5d236","2017-04-05 16:35:10","t","Some title",NA,NA,NA,"f"
"fc1ddc22","S9qjoQ@8","26219079","2016-05-06 05:28:06","t","Some title",NA,NA,NA,"f"
"855af3f9","S9qjoQ@8","3b68116","2017-04-02 19:43:12","t","Some title",NA,NA,NA,"f"
"b7e256fb","S9qjoQ@8","7512b0ac","2016-05-28 16:52:12","f","Some title",NA,NA,"2","f"
"490ca11d","P1p1aQ@3","f0240561","2016-12-08 12:12:34","f","Some title",NA,NA,NA,"f"
"dc15044c","Ha0UDw@3","e8ea4b0d","2017-03-07 14:50:52","t","Some title",NA,NA,"2","f"
"20641580","P1p1aQ@3","dd73c977","2017-02-12 16:15:56","t","Some title","2016-02-03 11:37:23.396","2017-05-19 13:17:05.482",NA,"f"
"74878306","S9qjoQ@8","43cb93ae","2017-01-15 15:42:46","f","Some title",NA,"2017-01-03 02:08:31.497",NA,"f"
"d4785e38","Ha0UDw@3","56f9a764","2016-07-04 04:32:24","f","Some title","2016-05-08 11:37:35.931",NA,"14","f"
"d7e7f2e2","P1p1aQ@3","64032af6","2017-09-04 06:25:17","t","Some title",NA,"2016-10-10 04:08:38.383",NA,"f"
"ad15abf7","S9qjoQ@8","9b186b42","2016-10-17 08:12:19","t","Some title",NA,NA,"11","f"
"651a7c","S9qjoQ@8","fd361eb5","2017-08-01 15:03:14","t","Some title",NA,NA,NA,"f"
"823a03eb","Ha0UDw@3","46b49c31","2016-01-31 20:24:07","t","Some title",NA,NA,NA,"f"
"16cc0bf9","S9qjoQ@8","9369e97d","2016-12-07 18:59:08","t","Some title",NA,NA,NA,"f"
"7f76d1c4","S9qjoQ@8","93d2fafd","2017-05-08 15:35:50","t","Some title",NA,NA,NA,"f"
"aa85c3c","S9qjoQ@8","b9aac4a","2016-03-27 18:45:51","t","Some title",NA,NA,"12.5","f"
"1103b862","1uEo4w@4","90e7c891","2016-03-24 04:22:11","t","Some title",NA,NA,NA,"f"
"a1687ef6","Ha0UDw@3","b3077d57","2016-07-13 16:31:06","t","Some title",NA,NA,NA,"f"
"3c0564b7","S9qjoQ@8","8a9b4e86","2016-03-23 04:00:45","t","Some title",NA,NA,"12","f"
"440cf30","Ha0UDw@3","a119e37b","2017-09-16 20:22:53","f","Some title",NA,NA,"14","f"
"e9ba8931","P1p1aQ@3","6eeeb408","2017-01-29 17:16:21","f","Some title",NA,"2017-04-13 13:21:22.856",NA,"f"
"f881e12","1uEo4w@4","f9279c46","2017-03-12 12:09:49","t","Some title",NA,"2016-03-20 19:04:18.161",NA,"f"
"9b566b66","Ha0UDw@3","62604c1b","2017-05-01 14:47:19","f","Some title",NA,"2016-03-01 00:30:57.65",NA,"f"
"a7eadd7d","S9qjoQ@8","8eb4843c","2016-07-18 03:01:08","t","Some title",NA,NA,NA,"f"
"ed1e716b","S9qjoQ@8","b780e176","2017-08-07 17:48:30","t","Some title",NA,NA,NA,"f"
"686dfa84","Ha0UDw@3","6cdc9702","2017-05-29 18:47:27","t","Some title",NA,"2016-03-03 08:20:57.787",NA,"f"
"71a421c5","Ha0UDw@3","9330b05c","2017-03-16 23:36:13","t","Some title",NA,NA,"13","f"
"5596f864","P1p1aQ@3","1246063e","2016-12-04 20:32:22","t","Some title",NA,NA,"7","f"
"9335ccdf","Ha0UDw@3","c7d023d8","2017-03-12 05:22:05","f","Some title",NA,NA,NA,"f"
"5e33069e","P1p1aQ@3","f5db4db2","2016-04-29 19:03:42","t","Some title",NA,NA,NA,"f"
"1d94d2b9","S9qjoQ@8","9987b174","2017-08-16 10:07:50","t","Some title",NA,"2017-08-06 12:24:10.191",NA,"f"
"1d0cc3c6","S9qjoQ@8","bef05834","2016-02-14 03:26:10","t","Some title",NA,NA,NA,"f"
"58d7dad7","Ha0UDw@3","f09344e4","2016-01-28 17:00:28","f","Some title",NA,NA,NA,"f"
"5c283cc6","S9qjoQ@8","e7f99f75","2017-09-27 13:50:38","f","Some title",NA,NA,NA,"f"
"14b21328","1uEo4w@4","2bc5addf","2017-06-19 15:04:04","t","Some title",NA,"2017-01-11 07:55:05.249",NA,"f"
"20d59448","S9qjoQ@8","bc4913ef","2017-01-29 13:22:08","t","Some title",NA,NA,NA,"f"
"df0e7d8a","1uEo4w@4","124603fe","2016-11-26 21:14:22","t","Some title",NA,NA,NA,"f"
"b34ad055","P1p1aQ@3","150e9726","2017-07-23 20:26:44","t","Some title",NA,NA,NA,"f"
"7ab7739b","Ha0UDw@3","7fcc4468","2017-06-10 15:24:49","f","Some title",NA,NA,NA,"f"
"6b3b0d03","P1p1aQ@3","a1c286d3","2017-06-12 03:37:28","t","Some title",NA,NA,NA,"f"
"25ca7bb2","P1p1aQ@3","182a238e","2017-01-13 21:22:09","t","Some title",NA,"2016-08-03 17:42:32.924",NA,"f"
"bf4c1276","S9qjoQ@8","c539a71b","2016-04-17 19:22:53","f","Some title",NA,NA,NA,"f"
"30d87a01","P1p1aQ@3","a7cc626f","2016-11-27 11:23:57","t","Some title","2016-10-07 02:27:09.858",NA,NA,"f"
"54ee26e1","P1p1aQ@3","c7f35a08","2017-08-09 14:54:02","t","Some title",NA,NA,NA,"f"
"d5b9a3e8","S9qjoQ@8","f9d18324","2017-05-15 03:47:19","f","Some title",NA,NA,NA,"f"
"72138842","P1p1aQ@3","f0240561","2016-07-21 11:59:00","t","Some title",NA,NA,NA,"f"
"8632aaf0","Ha0UDw@3","721ed9e1","2017-07-26 07:09:48","t","Some title",NA,NA,NA,"f"
"c79ccbc0","Ha0UDw@3","98e24bc9","2016-12-04 18:48:43","t","Some title",NA,NA,"10","f"
"52464552","Ha0UDw@3","98662b93","2016-05-28 22:49:21","t","Some title",NA,NA,"2","f"
"278fdfa7","S9qjoQ@8","3b825208","2016-10-11 05:40:24","t","Some title",NA,NA,"2","f"
"c8fafe78","Ha0UDw@3","f75c4712","2016-10-16 15:42:21","t","Some title",NA,"2016-10-28 05:23:30.838",NA,"f"
"ea8314ef","S9qjoQ@8","72be45e5","2016-07-17 22:28:04","t","Some title",NA,NA,NA,"f"
"9d5e05dc","Ha0UDw@3","df1cd59f","2016-07-25 22:37:45","t","Some title",NA,NA,NA,"f"
"d13f3e08","S9qjoQ@8","6442a84c","2016-11-20 21:05:45","f","Some title",NA,"2016-02-02 17:31:54.562",NA,"f"
"68b77e72","Ha0UDw@3","c1f3d910","2017-06-14 13:42:06","t","Some title",NA,"2016-10-18 08:02:13.641",NA,"f"
"31f0262d","Ha0UDw@3","68f4bfc6","2016-06-29 20:43:56","t","Some title",NA,NA,NA,"f"
"f7b7d2b","Ha0UDw@3","61031e34","2017-07-06 09:38:53","f","Some title",NA,NA,NA,"f"
"d28adf90","P1p1aQ@3","92d05c42","2016-02-08 21:12:40","t","Some title",NA,NA,NA,"f"
"b9463708","Ha0UDw@3","79534950","2017-02-02 06:53:33","f","Some title",NA,"2016-02-10 02:51:28.681",NA,"f"
"720d0292","S9qjoQ@8","2f0a5886","2016-11-09 16:18:15","t","Some title",NA,NA,NA,"f"
"d78ccdaa","1uEo4w@4","1b773161","2016-07-24 21:12:41","t","Some title",NA,NA,"14","f"
"83eb381d","Ha0UDw@3","3395e232","2016-10-07 02:44:52","t","Some title",NA,NA,NA,"f"
"2cfb7a9b","S9qjoQ@8","fd5f9b9a","2017-07-03 00:44:41","f","Some title",NA,NA,NA,"f"
"e5a94836","P1p1aQ@3","67a53fe","2016-12-09 23:32:40","f","Some title",NA,"2016-03-02 03:08:57.562",NA,"f"
"8213d81a","1uEo4w@4","4b1aebd3","2016-12-03 22:25:52","t","Some title",NA,NA,NA,"f"
"188fde96","P1p1aQ@3","cd4b17a7","2016-02-28 23:00:16","f","Some title","2017-09-23 04:59:33.589","2017-04-28 03:58:06.358",NA,"f"
"ad1b60f5","S9qjoQ@8","c374e9b5","2017-04-24 03:24:19","t","Some title","2016-05-20 15:21:42.845",NA,NA,"f"
"245f1289","Ha0UDw@3","63ce1676","2016-01-28 19:14:15","t","Some title",NA,NA,NA,"f"
"c4697f98","S9qjoQ@8","d3d8709","2016-12-28 07:28:25","f","Some title",NA,NA,NA,"f"
"f5847699","S9qjoQ@8","ece80b82","2017-01-05 05:51:17","t","Some title",NA,NA,NA,"f"
"74b4da72","S9qjoQ@8","c4e0c80c","2016-02-28 16:44:58","f","Some title",NA,"2017-04-26 19:46:43.214",NA,"f"
"e24ccda1","1uEo4w@4","826d3631","2016-11-14 19:31:30","t","Some title",NA,"2016-03-02 21:05:52.863",NA,"f"
"37f1e3c4","1uEo4w@4","ab9ca233","2017-07-02 17:48:06","f","Some title","2017-05-31 14:49:39.369",NA,"2","f"
"17e6d424","P1p1aQ@3","a29b625b","2017-07-01 14:42:31","t","Some title",NA,NA,NA,"f"
"13563825","1uEo4w@4","aa769140","2016-05-08 14:45:59","t","Some title",NA,NA,"14","f"
"b240ee4e","S9qjoQ@8","c9c8dded","2017-09-03 09:18:44","t","Some title",NA,NA,"13.5","f"
"1c8c8aa4","P1p1aQ@3","de4bc8fb","2017-07-29 07:46:06","f","Some title",NA,"2016-10-18 01:51:22.913","11.5","f"
"2aa07f4a","Ha0UDw@3","1128fe68","2016-04-05 09:18:14","t","Some title",NA,NA,"2","f"
"e63fc390","Ha0UDw@3","595fa39d","2016-03-21 03:41:26","t","Some title",NA,NA,NA,"f"
"66c8d908","1uEo4w@4","61bbe9dc","2016-08-28 02:14:40","f","Some title",NA,NA,NA,"f"
"f8291183","1uEo4w@4","682a9eb7","2017-08-05 03:19:35","f","Some title",NA,NA,NA,"f"
"b778c2d0","Ha0UDw@3","f0c1ba86","2016-02-25 06:58:35","t","Some title",NA,NA,"13","f"
"4bb07d4c","S9qjoQ@8","900ea28","2016-11-27 03:24:02","t","Some title",NA,NA,NA,"f"
"8ed285a3","S9qjoQ@8","a5e68a6","2017-02-01 18:58:42","t","Some title",NA,"2017-07-17 01:58:27.946","2","f"
"95d19839","Ha0UDw@3","d21604f","2016-02-29 03:51:46","f","Some title",NA,NA,NA,"f"
"c5566569","P1p1aQ@3","89c14286","2017-08-12 23:38:53","t","Some title","2016-10-19 14:56:35.60",NA,NA,"f"
"65d62646","P1p1aQ@3","81e9240c","2016-08-23 17:55:04","t","Some title","2017-08-11 12:02:45.588","2017-09-18 07:49:14.511","2","f"
"da83bf3d","Ha0UDw@3","ed69a5e9","2016-07-03 10:52:36","t","Some title",NA,NA,"2","f"
"c53f59cf","P1p1aQ@3","d5fd04c0","2016-06-19 18:03:07","f","Some title",NA,NA,NA,"f"
"6c1f8ec1","1uEo4w@4","c4e0c80c","2017-07-17 21:48:17","t","Some title",NA,NA,NA,"f"
"1266be1f","S9qjoQ@8","68b8ea65","2016-07-06 02:22:07","t","Some title",NA,"2016-02-04 07:21:45.974",NA,"f"
"48540bde","S9qjoQ@8","5c1f55f7","2016-12-20 18:35:15","f","Some title",NA,"2016-03-12 04:28:33.993",NA,"f"
"65cdffce","1uEo4w@4","1ed0cbf8","2017-09-30 13:52:06","t","Some title",NA,NA,NA,"f"
"3ae08c9f","S9qjoQ@8","e45775c6","2017-08-09 12:25:15","f","Some title","2016-01-31 05:42:31.489","2016-03-02 22:10:01.519",NA,"f"
"a0570241","S9qjoQ@8","b599f6a0","2016-04-10 19:25:06","t","Some title",NA,NA,NA,"f"
"16911990","1uEo4w@4","579b7279","2017-08-23 00:15:41","t","Some title",NA,NA,"13.5","f"
"1d0e9eb","P1p1aQ@3","b9dc10b7","2017-06-12 21:21:55","t","Some title",NA,"2016-02-04 08:18:48.213",NA,"f"
"7f36d5af","S9qjoQ@8","d8e348a9","2016-04-24 07:01:00","t","Some title",NA,"2016-03-15 06:11:55.743",NA,"f"
"fcd604cb","1uEo4w@4","51c5c7d5","2017-07-01 18:06:02","t","Some title",NA,NA,NA,"f"
"ddc2ee1a","S9qjoQ@8","4fdb18de","2017-07-16 05:17:13","f","Some title",NA,NA,NA,"f"
"6df0cf8b","1uEo4w@4","7dc3f3c3","2017-08-23 22:01:43","f","Some title",NA,"2016-03-01 21:17:06.43",NA,"f"
"e3d8a1ec","P1p1aQ@3","75bd3404","2016-01-25 19:44:59","t","Some title",NA,"2017-03-22 17:51:50.488",NA,"f"
"a91e04fb","P1p1aQ@3","6ef1e6a8","2017-01-08 13:31:36","t","Some title",NA,NA,NA,"f"
"7637b636","S9qjoQ@8","5e5de83","2017-03-11 14:43:09","t","Some title",NA,NA,"8","f"
"73a92466","Ha0UDw@3","9dd4f559","2017-02-23 11:21:42","f","Some title",NA,NA,NA,"f"
"726d7ca1","S9qjoQ@8","b684c4fa","2017-01-06 20:28:47","t","Some title",NA,"2017-02-15 20:06:37.001","13","f"
"6cd44548","1uEo4w@4","b151dabc","2017-02-04 03:22:52","t","Some title",NA,NA,"2","f"
"8161b1bd","S9qjoQ@8","cd64e881","2016-12-23 18:57:31","t","Some title",NA,"2017-02-27 14:16:31.533",NA,"f"
"a023725d","S9qjoQ@8","91d6938c","2016-07-18 05:34:21","t","Some title",NA,"2017-01-02 19:19:08.757",NA,"f"
"397b1e7c","1uEo4w@4","b927a2eb","2017-09-26 16:00:49","t","Some title",NA,NA,NA,"f"
"98a38369","S9qjoQ@8","426eaeed","2017-05-30 20:35:49","t","Some title",NA,NA,"2","f"
"16a8389","Ha0UDw@3","1c7f1cc1","2017-01-22 18:17:55","t","Some title","2017-08-20 17:56:32.486",NA,NA,"f"
"e5cc2414","P1p1aQ@3","8b1289c5","2016-02-15 18:48:54","f","Some title",NA,NA,"2","f"
"9d5c09d3","Ha0UDw@3","bf3f988d","2017-05-23 19:49:16","t","Some title",NA,NA,NA,"f"
"edd349b8","S9qjoQ@8","7fb8e782","2017-09-05 20:52:59","t","Some title",NA,NA,"14","f"
"bf1c3af0","S9qjoQ@8","3ae8e635","2016-01-31 20:44:20","t","Some title",NA,NA,"2016-11-04 05:27:01.35","f"
"6c9df955","1uEo4w@4","df16a557","2017-04-08 12:45:16","t","Some title",NA,"2016-03-07 22:31:15.638",NA,"f"
"7d636d4c","Ha0UDw@3","85c1aca1","2017-01-10 12:44:05","t","Some title",NA,NA,NA,"f"
"1662a1c1","Ha0UDw@3","eb354fd2","2017-08-20 21:25:24","t","Some title",NA,NA,NA,"f"
"bb974332","S9qjoQ@8","5014f58f","2016-09-05 23:40:28","t","Some title",NA,"2016-11-19 12:25:10.314",NA,"f"
"f93a238c","Ha0UDw@3","142a33d3","2016-12-21 06:56:36","t","Some title",NA,NA,"7","f"
"6ef111f8","S9qjoQ@8","ceae8e45","2017-01-24 16:14:37","t","Some title",NA,NA,NA,"f"
"205ea8eb","S9qjoQ@8","19ec7d0f","2016-08-26 21:03:13","f","Some title",NA,"2016-02-04 07:04:12.038",NA,"f"
"184fc307","S9qjoQ@8","e6a291cc","2017-08-15 17:40:13","f","Some title",NA,"2017-02-22 02:13:10.368",NA,"f"
"6d0d7904","1uEo4w@4","eab35a1","2017-01-04 16:28:52","f","Some title",NA,NA,NA,"f"
"e660b6c4","1uEo4w@4","da499dbc","2017-05-30 06:17:45","f","Some title",NA,NA,NA,"f"
"29b26960","Ha0UDw@3","25c1b55f","2017-05-10 02:30:14","f","Some title",NA,NA,"1.5","f"
"d77940d2","S9qjoQ@8","f11f7129","2016-12-19 13:39:26","f","Some title",NA,NA,NA,"f"
"c6c0bed6","Ha0UDw@3","f063da85","2017-08-03 06:55:34","t","Some title",NA,NA,"2","f"
"57707e12","S9qjoQ@8","275d4a84","2017-09-03 10:58:31","t","Some title","2017-02-05 11:14:06.439","2016-12-23 19:00:15.555",NA,"f"
"1f2b4f5e","Ha0UDw@3","64a67a3f","2017-03-26 12:34:47","t","Some title",NA,NA,"14","f"
"c5d666d8","S9qjoQ@8","d045414e","2016-11-11 15:47:43","f","Some title",NA,NA,NA,"f"
"999364b8","1uEo4w@4","1ea6a283","2017-10-02 04:03:58","t","Some title",NA,NA,"2","f"
"35071747","1uEo4w@4","343f90b3","2016-03-07 03:54:28","t","Some title",NA,NA,NA,"f"
"11d6c014","1uEo4w@4","542025f2","2016-06-18 12:56:41","t","Some title",NA,"2016-12-01 07:55:07.926",NA,"f"
"659246c7","1uEo4w@4","cd7bb456","2017-07-18 16:12:54","t","Some title",NA,NA,NA,"f"
"ebee0ab9","P1p1aQ@3","41fbf78d","2016-08-23 17:58:55","t","Some title","2016-11-15 06:30:21.694",NA,"14","f"
"f38571f6","P1p1aQ@3","c486b9d7","2016-11-14 12:33:43","t","Some title",NA,"2017-06-25 22:13:39.998",NA,"f"
"cdca4c8a","1uEo4w@4","7db6ff1","2017-07-31 05:34:42","f","Some title",NA,NA,NA,"f"
"1882dc60","S9qjoQ@8","5cb6feb2","2016-12-11 16:18:53","f","Some title",NA,"2016-02-02 18:02:08.553",NA,"f"
"d1f08033","S9qjoQ@8","5f9167d7","2017-09-23 15:55:12","t","Some title",NA,NA,NA,"f"
"7e12ab6d","1uEo4w@4","3ffe6929","2016-02-22 18:53:47","f","Some title",NA,NA,NA,"f"
"ea575f1d","S9qjoQ@8","6bc48888","2016-01-31 12:56:27","f","Some title",NA,NA,"14","f"
"d2c8bbdf","S9qjoQ@8","775bfa62","2016-07-04 06:27:35","f","Some title",NA,"2016-06-27 05:25:34.822","2","f"
"2afb8374","S9qjoQ@8","623e7605","2017-08-27 19:26:56","t","Some title",NA,"2017-07-28 14:48:34.028",NA,"f"
"2a279dc8","Ha0UDw@3","f3c69f32","2017-07-18 06:07:02","f","Some title",NA,"2016-10-23 05:50:11.821",NA,"f"
"986689a1","1uEo4w@4","52a11d1c","2016-07-09 14:23:46","t","Some title",NA,NA,NA,"f"
"94e52329","S9qjoQ@8","4e2c7c06","2017-08-08 13:09:08","t","Some title",NA,NA,"2","f"
"50d02673","1uEo4w@4","705841ad","2017-07-11 18:05:49","t","Some title",NA,"2017-04-19 19:10:38.49","2","f"
"92e549ba","S9qjoQ@8","c95bdde2","2017-08-11 09:45:09","t","Some title",NA,NA,NA,"f"
"2339fe92","S9qjoQ@8","157e03e4","2017-01-16 00:54:05","t","Some title",NA,NA,NA,"f"
"54767933","S9qjoQ@8","b30cb1a7","2017-06-17 14:59:11","f","Some title",NA,"2017-02-03 06:25:37.423",NA,NA
"9acfc5ad","S9qjoQ@8","b5de4483","2017-08-05 17:37:05","f","Some title",NA,NA,NA,"f"
"4883b922","P1p1aQ@3","ab201a52","2016-02-21 16:01:27","t","Some title",NA,NA,NA,"f"
"12578120","S9qjoQ@8","3beb43ad","2016-03-13 13:17:05","t","Some title",NA,NA,NA,"f"
"30966c36","S9qjoQ@8","3f244400","2017-09-29 16:59:20","t","Some title",NA,"2017-06-30 14:50:56.608","14","f"
"1f13134f","S9qjoQ@8","d69e3fe6","2017-05-12 13:57:29","t","Some title",NA,NA,NA,"f"
"df39b48e","S9qjoQ@8","1a2d882a","2017-09-14 16:08:37","t","Some title",NA,"2016-12-26 20:55:44.138",NA,"f"
"dde0dd7","S9qjoQ@8","6e27ab30","2016-01-29 00:45:19","f","Some title",NA,NA,"2","f"
"d9a453dc","1uEo4w@4","2453cc85","2016-12-10 15:24:14","t","Some title",NA,NA,NA,"f"
"c059dc6a","1uEo4w@4","72d2ed76","2017-07-20 19:51:57","t","Some title",NA,NA,NA,"f"
"fc58d107","P1p1aQ@3","edb87052","2017-09-10 23:00:55","t","Some title",NA,NA,NA,"f"
"9c4ecd","1uEo4w@4","f22808","2017-09-18 02:52:44","f","Some title","2017-05-14 16:16:25.798","2017-08-20 07:30:56.556",NA,"f"
"2831ee5","S9qjoQ@8","4f4deb6c","2017-01-22 12:16:55","f","Some title",NA,NA,"2","f"
"401667ce","Ha0UDw@3","9b186b42","2016-10-23 12:50:29","t","Some title",NA,NA,NA,"f"
"f09e2b8","S9qjoQ@8","8473b7df","2017-06-04 14:21:49","f","Some title",NA,NA,"10.5","f"
"700653a","Ha0UDw@3","82ec3b7a","2016-04-23 14:38:24","f","Some title",NA,NA,NA,"f"
"e4da1135","S9qjoQ@8","18bf12ad","2016-01-30 22:49:33","t","Some title",NA,"2017-07-05 22:25:36.488",NA,"f"
"36e65165","S9qjoQ@8","cb790fab","2017-01-31 09:52:10","t","Some title",NA,NA,NA,"f"
"5edc0f27","1uEo4w@4","2c7e32ab","2016-12-08 11:16:10","f","Some title",NA,"2017-01-21 01:16:43.843",NA,"f"
"e77439f9","S9qjoQ@8","4d5d53db","2016-11-13 14:26:10","f","Some title",NA,NA,"2","f"
"42051870","S9qjoQ@8","941ee3e6","2017-08-20 02:24:34","f","Some title",NA,NA,NA,"f"
"dca6ce7a","1uEo4w@4","97bdf5f8","2016-08-14 09:01:48","f","Some title",NA,NA,"2","f"
"1536b80a","P1p1aQ@3","5d115feb","2017-06-11 08:09:37","t","Some title",NA,NA,NA,"f"
"8a2e14a0","S9qjoQ@8","c4e0c80c","2017-05-11 21:33:16","f","Some title",NA,NA,"2","f"
"d8f55506","1uEo4w@4","19037ca8","2016-02-26 09:14:54","t","Some title",NA,NA,NA,"f"
"4dddecc5","1uEo4w@4","dc8577a1","2016-12-23 22:19:44","t","Some title",NA,NA,"2","f"
"ac0eb5c4","P1p1aQ@3","4dac5cbb","2017-08-19 00:30:42","t","Some title",NA,NA,NA,"f"
"a65ad5cb","S9qjoQ@8","d6c6f146","2017-08-12 04:55:57","f","Some title",NA,NA,NA,"f"
"9e9a8b53","Ha0UDw@3","19017f09","2017-08-27 15:11:43","f","Some title",NA,"2017-06-27 17:11:49.439",NA,"f"
"a529cb89","S9qjoQ@8","6123b3b2","2016-12-22 16:45:13","t","Some title",NA,NA,"13","f"
"34544581","S9qjoQ@8","943bd344","2017-08-08 23:24:18","f","Some title",NA,NA,NA,"f"
"f0694ea9","S9qjoQ@8","71c386ac","2017-07-23 14:36:45","t","Some title",NA,NA,NA,"f"
"db4120c0","P1p1aQ@3","e765b784","2016-11-04 16:34:36","t","Some title",NA,"2017-06-19 19:40:02.923","1.5","f"
"f54f3a57","S9qjoQ@8","b2748465","2017-03-15 13:48:01","f","Some title",NA,"2016-12-29 03:33:06.33",NA,"f"
"10bad3c","Ha0UDw@3","d204c556","2016-12-12 04:54:38","t","Some title",NA,NA,"13.5","f"
"952c0886","1uEo4w@4","3b312e70","2016-03-06 05:08:46","t","Some title",NA,"2016-10-24 01:19:54.121",NA,"f"
"e188a98a","1uEo4w@4","ee57e3a0","2016-10-23 11:14:11","t","Some title",NA,NA,"2","f"
"29c251d5","S9qjoQ@8","c719c754","2017-01-12 23:08:09","f","Some title",NA,NA,NA,"f"
"a556c8e0","Ha0UDw@3","c7d023d8","2016-10-26 21:25:50","f","Some title",NA,"2016-10-24 08:13:38.962",NA,"f"
"caec07e4","Ha0UDw@3","3beb43ad","2016-07-21 18:54:26","f","Some title",NA,"2016-11-08 16:07:13.505",NA,"f"
"cd514e09","S9qjoQ@8","d01d1a2d","2017-04-19 14:59:28","t","Some title",NA,NA,NA,"f"
"c86846f0","Ha0UDw@3","ee9a006c","2017-02-24 08:35:54","t","Some title",NA,NA,"14","f"
"5abd6852","P1p1aQ@3","72c039e1","2017-05-31 11:36:44","t","Some title",NA,"2016-03-09 00:40:19.44",NA,"f"
"39fd1b35","S9qjoQ@8","d16e8b9b","2016-03-19 23:03:44","t","Some title",NA,NA,"14","f"
"452c2e2d","S9qjoQ@8","da0dfbd9","2017-01-24 03:06:36","t","Some title",NA,NA,NA,"f"
"8a32c7b5","P1p1aQ@3","504158aa","2016-03-17 02:48:29","t","Some title",NA,NA,"1.5","f"
"fdb9a425","Ha0UDw@3","3dacaefc","2016-11-07 14:00:36","t","Some title",NA,"2017-09-30 02:17:57.551","2","f"
"29c663c1","P1p1aQ@3","aef5c1b8","2017-02-13 22:05:50","f","Some title",NA,NA,NA,"f"
"404b1bd8","Ha0UDw@3","546f1ed","2017-04-22 21:10:53","t","Some title",NA,NA,NA,"f"
"b23c155d","Ha0UDw@3","dd64d41f","2016-12-18 20:43:36","t","Some title",NA,NA,"2","f"
"d1acd2f2","1uEo4w@4","7461c616","2017-03-22 14:38:36","f","Some title",NA,NA,"13","f"
"f708db70","1uEo4w@4","3909ae85","2017-07-31 22:41:48","t","Some title",NA,"2017-08-06 19:20:47.367",NA,"f"
"fb013f0a","S9qjoQ@8","eb8f8ba2","2016-07-31 09:49:29","f","Some title",NA,"2017-04-09 21:23:50.331",NA,"f"
"c9643d69","S9qjoQ@8","c62da9fc","2016-08-31 17:57:54","t","Some title",NA,NA,NA,"f"
"8a04b38b","Ha0UDw@3","335f8863","2017-05-19 19:01:46","t","Some title",NA,"2016-03-17 07:20:04.354",NA,"f"
"bcd5bab8","S9qjoQ@8","a7ca3e8d","2016-09-26 23:42:49","f","Some title",NA,"2017-05-31 05:57:53.781","2","f"
"345ef2e9","1uEo4w@4","1522dd7d","2016-11-21 04:30:30","t","Some title",NA,NA,"11","f"
"97fc286a","S9qjoQ@8","622fde7a","2017-07-05 14:06:26","f","Some title",NA,NA,"2","f"
"3886007","S9qjoQ@8","a8f1d109","2017-09-15 13:03:47","t","Some title",NA,NA,"14","f"
"4536271c","P1p1aQ@3","febc696","2016-12-08 20:04:14","t","Some title",NA,"2017-04-14 03:54:49.121",NA,"f"
"17b42736","Ha0UDw@3","5c8f2b12","2016-09-02 10:55:29","f","Some title",NA,NA,"10.5","f"
"642ac6d3","S9qjoQ@8","96870fd4","2017-01-03 04:09:49","t","Some title",NA,NA,NA,"f"
"4a4bf0f7","S9qjoQ@8","7561d67b","2017-08-24 15:56:42","t","Some title",NA,NA,"2","f"
"c7f81584","1uEo4w@4","3025c1f9","2016-05-17 21:38:36","f","Some title","2017-04-10 22:33:36.141","2017-04-13 19:35:25.152",NA,"f"
"9ed7481c","Ha0UDw@3","ebb59f35","2016-05-05 02:42:47","t","Some title",NA,NA,NA,"f"
"47c9592b","Ha0UDw@3","b0f96792","2016-05-29 20:09:38","t","Some title",NA,"2017-03-20 10:14:50.374",NA,"f"
"8b1984df","P1p1aQ@3","a765a0f4","2016-03-18 22:28:08","f","Some title",NA,"2016-02-03 04:42:20.166",NA,"f"
"b17040df","S9qjoQ@8","5a941f9c","2017-08-25 21:10:55","f","Some title",NA,"2017-06-23 22:45:49","2","f"
"5d61e0eb","S9qjoQ@8","b5fc73e5","2017-05-29 18:01:29","t","Some title",NA,NA,"14","f"
"bbe60e04","1uEo4w@4","7547e22b","2017-01-07 03:36:18","f","Some title",NA,"2017-04-05 17:49:47.777","1.5","f"
"96a3864d","S9qjoQ@8","32251ebc","2017-02-18 20:27:22","f","Some title",NA,NA,"2","f"
"805b0e7c","1uEo4w@4","89b2478b","2016-09-08 00:53:25","t","Some title","2016-08-15 00:24:07.965",NA,NA,"f"
"aba0ff37","P1p1aQ@3","9d98652b","2016-01-29 15:29:35","f","Some title",NA,NA,NA,"f"
"436d9bc0","S9qjoQ@8","4365cbae","2017-07-24 04:58:06","t","Some title",NA,NA,NA,"f"
"ded3c9eb","P1p1aQ@3","14cb5e0e","2016-06-26 19:10:34","t","Some title",NA,NA,"2","f"
"a4cca735","Ha0UDw@3","f72de5a1","2017-08-19 17:51:57","t","Some title",NA,"2016-08-18 23:48:55.585",NA,"f"
"171e6e0","P1p1aQ@3","848ae7c8","2017-01-15 15:42:13","t","Some title",NA,"2017-03-18 15:24:11.191","14","f"
"3baeefea","S9qjoQ@8","f57ab582","2017-02-25 02:16:02","t","Some title",NA,NA,"2","f"
"ca104d6a","Ha0UDw@3","d966274f","2016-07-23 16:40:27","f","Some title",NA,NA,"13","f"
"4d3cdae0","S9qjoQ@8","1d6df1f0","2017-08-17 05:57:28","f","Some title",NA,NA,NA,"f"
"f6c59471","1uEo4w@4","135cfa1a","2016-01-28 19:16:15","t","Some title",NA,NA,"2","f"
"9684224d","1uEo4w@4","751b1595","2016-03-14 22:29:54","t","Some title",NA,NA,"2","f"
"bb0e7d26","Ha0UDw@3","7fd4af64","2017-04-30 01:12:31","t","Some title","2017-02-06 19:25:04.697",NA,"2","f"
"8fec136d","S9qjoQ@8","9ebb93b4","2016-05-17 05:41:33","t","Some title",NA,NA,NA,"f"
"a75fdf38","Ha0UDw@3","b9162971","2016-01-15 04:57:43","t","Some title",NA,NA,"14","f"
"d04aa478","S9qjoQ@8","937ad02b","2017-03-03 01:25:52","t","Some title",NA,NA,NA,"f"
"6a0911a0","1uEo4w@4","8b39e9c2","2016-01-07 16:09:39","f","Some title",NA,NA,NA,"f"
"860fb682","1uEo4w@4","b02846c7","2017-07-30 11:30:30","t","Some title","2016-02-12 16:12:24.313",NA,NA,"f"
"78fd7f6a","S9qjoQ@8","b9a9a4d3","2016-08-30 15:46:17","t","Some title",NA,NA,"14","f"
"381fe7e","S9qjoQ@8","987a6246","2017-08-30 12:25:56","t","Some title",NA,"2017-08-16 15:31:04.789",NA,"f"
"9bdfd016","S9qjoQ@8","276d5eb4","2017-07-16 01:47:21","t","Some title",NA,"2017-02-28 14:01:01.55","14","f"
"2ee2016e","1uEo4w@4","6235484f","2016-03-26 03:37:42","t","Some title",NA,"2016-03-15 17:13:01.422",NA,"f"
"1abc1d36","Ha0UDw@3","9dd02dc8","2016-04-30 16:14:38","f","Some title",NA,"2016-10-23 02:26:30.356","2","f"
"8fdd376e","Ha0UDw@3","64691e9a","2016-10-08 01:32:14","t","Some title","2017-10-02 04:18:58.411","2016-08-17 22:22:34.293",NA,"f"
"26a8bb46","Ha0UDw@3","aad7bbb9","2016-04-26 00:16:57","f","Some title",NA,NA,NA,"f"
"6da7b4ea","S9qjoQ@8","a9c7d120","2017-03-17 14:55:55","f","Some title",NA,"2017-08-13 10:55:19.17",NA,"f"
"bef883ff","P1p1aQ@3","37bdd45d","2016-06-05 22:55:07","t","Some title",NA,NA,NA,"f"
"a646bbc0","S9qjoQ@8","d85f2113","2016-09-25 11:33:15","f","Some title",NA,NA,NA,"f"
"7de8d731","S9qjoQ@8","e5af87f7","2016-11-14 07:00:35","t","Some title",NA,NA,NA,"f"
"c80a8883","1uEo4w@4","ad75f5e6","2016-07-31 10:55:53","t","Some title","2016-11-16 19:52:21.257","2017-06-20 15:04:33.876",NA,"f"
"3812e17f","P1p1aQ@3","d22efea6","2017-09-26 18:46:53","f","Some title",NA,"2017-07-09 18:56:08.12",NA,"f"
"703eee3d","S9qjoQ@8","b05a1f7d","2016-09-25 21:51:36","t","Some title",NA,NA,"14","f"
"e2dcb405","Ha0UDw@3","88e89c4f","2016-07-24 18:22:38","t","Some title",NA,NA,"2","f"
"19258881","1uEo4w@4","e6e5e3da","2017-06-30 08:34:34","t","Some title",NA,NA,NA,"f"
"fc2b1761","P1p1aQ@3","65db69ad","2016-03-25 15:54:08","f","Some title",NA,NA,"1.5","f"
"19a31fad","1uEo4w@4","d4ee1442","2016-11-24 07:28:21","t","Some title",NA,NA,NA,"f"
"32efe34c","S9qjoQ@8","4ef0ef1d","2016-01-30 07:15:22","t","Some title",NA,NA,"13","f"
"4192bf2e","S9qjoQ@8","ca5f117b","2017-03-16 14:27:27","t","Some title",NA,NA,"2","f"
"e929c477","Ha0UDw@3","a4d0400b","2016-10-17 07:25:20","f","Some title",NA,NA,NA,"f"
"27f35ba9","Ha0UDw@3","54a39290","2017-05-03 15:05:53","t","Some title",NA,NA,"2","f"
"cef34c35","S9qjoQ@8","98e24bc9","2017-07-02 13:04:43","t","Some title",NA,NA,NA,"f"
"30ff6c86","S9qjoQ@8","ed691e71","2017-06-11 22:51:03","t","Some title",NA,"2016-07-12 17:41:32.588","13.5","f"
"46657569","S9qjoQ@8","5a93294f","2017-10-02 23:27:49","t","Some title",NA,NA,NA,"f"
"3d4ae749","S9qjoQ@8","58329488","2016-04-28 09:38:23","t","Some title",NA,"2017-08-16 01:48:05.13",NA,"f"
"359b66d3","1uEo4w@4","7ed6667e","2016-12-19 04:54:49","t","Some title",NA,NA,"14","f"
"7e621b10","P1p1aQ@3","66ac35e5","2017-07-18 00:45:35","f","Some title",NA,NA,NA,"f"
"d370f084","S9qjoQ@8","25b4052a","2016-04-23 13:44:49","f","Some title",NA,"2017-06-14 15:37:33.004","14","f"
"9d0ed1d6","P1p1aQ@3","ac57478b","2016-10-07 20:28:43","f","Some title",NA,NA,NA,"f"
"36f2781c","S9qjoQ@8","adbcb54c","2016-11-22 06:36:34","t","Some title",NA,NA,"14","f"
"6fe7110a","Ha0UDw@3","9073c134","2016-10-14 12:31:43","f","Some title",NA,NA,NA,"f"
"cb9ff00c","P1p1aQ@3","62b88ec2","2017-07-12 10:12:44","t","Some title",NA,NA,NA,"f"
"39a47820","Ha0UDw@3","a66b4e1d","2016-10-30 10:49:40","t","Some title",NA,NA,NA,"f"
"e91ea15e","S9qjoQ@8","ea5283a5","2016-12-08 04:14:05","t","Some title","2017-04-30 18:25:15.804","2017-06-20 16:04:33.468","11","f"
"9647ef27","Ha0UDw@3","28b58c71","2017-07-12 07:42:43","t","Some title",NA,NA,"2","f"
"bc3c3797","Ha0UDw@3","c7897033","2016-10-09 15:56:14","f","Some title",NA,NA,"2","f"
"e6240c79","S9qjoQ@8","7e0fa5b","2017-02-04 15:04:27","t","Some title",NA,NA,NA,"f"
"a23954a5","P1p1aQ@3","3b205186","2016-05-11 18:29:13","f","Some title",NA,"2016-05-31 01:59:03.344",NA,"f"
"8aa62f01","1uEo4w@4","bd410291","2017-09-15 07:39:59","f","Some title",NA,NA,NA,"f"
"e804c484","S9qjoQ@8","7a28fe3f","2017-05-09 16:14:42","f","Some title",NA,"2017-01-03 17:11:17.514",NA,"f"
"5e3fec5","1uEo4w@4","1485f01","2017-03-04 10:24:24","t","Some title","2016-10-13 18:28:55.473",NA,NA,"f"
"e34a436e","Ha0UDw@3","420a209c","2017-09-07 15:47:30","t","Some title",NA,NA,NA,"f"
"a02f82a0","P1p1aQ@3","214545a3","2016-06-10 21:13:39","t","Some title",NA,NA,NA,"f"
"9cf83839","1uEo4w@4","5623388a","2017-04-06 11:58:51","t","Some title",NA,NA,NA,"f"
"fde4d7c3","S9qjoQ@8","51947460","2017-04-29 18:30:58","t","Some title",NA,NA,NA,"f"
"37059663","1uEo4w@4","cb5fac10","2017-10-02 06:21:54","t","Some title",NA,NA,"14","f"
"477e00b7","Ha0UDw@3","dea77e6e","2017-06-18 19:13:05","t","Some title",NA,NA,NA,"f"
"82126660","S9qjoQ@8","2a27a496","2017-03-26 08:50:45","t","Some title",NA,NA,"2","f"
"8493ff23","P1p1aQ@3","fa32e0df","2017-08-25 18:29:59","t","Some title",NA,NA,NA,"f"
"1dd023bb","P1p1aQ@3","10c33da6","2016-03-06 06:59:18","t","Some title",NA,"2017-02-13 19:42:46.521",NA,"f"
"b18f3343","Ha0UDw@3","64a4c9a8","2016-12-20 09:48:57","f","Some title","2017-06-10 21:08:25.594",NA,NA,"f"
"ba1e53b6","S9qjoQ@8","e8b78894","2016-08-07 23:37:44","t","Some title",NA,NA,NA,"f"
"7ee6bad2","Ha0UDw@3","bb3c41b6","2017-03-19 20:38:15","t","Some title",NA,NA,NA,"f"
"2f893c0a","S9qjoQ@8","db285be7","2017-07-14 09:01:32","t","Some title",NA,NA,NA,"f"
"2f97952f","P1p1aQ@3","32567f40","2016-07-11 04:30:06","t","Some title",NA,NA,"14","f"
"48026cda","Ha0UDw@3","c4865e3","2016-04-18 08:40:14","t","Some title",NA,NA,"2","f"
"9e89f0c3","1uEo4w@4","7c8cf705","2016-10-25 04:51:12","t","Some title",NA,NA,"14","f"
"e9daf3a9","Ha0UDw@3","5e2b5737","2017-05-08 23:40:58","t","Some title",NA,NA,NA,"f"
"2345e341","P1p1aQ@3","1339088d","2016-03-19 05:01:03","f","Some title",NA,NA,"2","f"
"23d3b9eb","S9qjoQ@8","8ce3713e","2017-07-04 23:19:27","f","Some title",NA,"2016-10-14 12:44:33.158",NA,"f"
"a4924a48","P1p1aQ@3","2cb6379a","2016-10-16 22:11:02","t","Some title",NA,NA,NA,"f"
"67009a55","P1p1aQ@3","99c3d3cc","2017-02-17 07:27:20","t","Some title",NA,NA,NA,"f"
"79728cc8","S9qjoQ@8","11775c9a","2016-11-06 17:03:30","f","Some title",NA,NA,NA,"f"
"9409aa6c","S9qjoQ@8","fa33b3b9","2017-02-15 23:11:46","t","Some title",NA,NA,NA,"f"
"87c1b825","S9qjoQ@8","4d371cb7","2017-03-15 13:48:01","t","Some title",NA,NA,"13","f"
"3cab250f","S9qjoQ@8","ae852941","2017-07-10 14:53:56","f","Some title","2017-09-27 11:50:11.758",NA,NA,"f"
"26bd0b52","1uEo4w@4","b09fa338","2016-03-16 05:02:59","t","Some title",NA,NA,NA,"f"
"7cc81d39","P1p1aQ@3","9e06b6f9","2016-12-17 04:56:29","t","Some title",NA,NA,NA,"f"
"fead5b3a","P1p1aQ@3","c7f762a4","2017-04-19 04:38:35","t","Some title",NA,NA,NA,"f"
"6117b58c","Ha0UDw@3","6442a84c","2017-02-15 22:01:18","t","Some title",NA,NA,NA,"f"
"4406dd64","S9qjoQ@8","e7f6e23a","2017-07-07 22:07:36","f","Some title",NA,"2016-01-22 18:02:26.995",NA,"f"
"bd2f04cc","P1p1aQ@3","c77e7ad0","2017-06-25 21:40:38","t","Some title",NA,"2017-03-09 21:31:42.364",NA,"f"
"893fc85d","S9qjoQ@8","7a7051d3","2017-08-20 21:06:41","t","Some title",NA,NA,NA,"f"
"2abbf9e9","S9qjoQ@8","15b2d6a7","2016-08-21 05:28:27","t","Some title",NA,NA,NA,"f"
"96c156db","1uEo4w@4","ddad0634","2017-05-14 16:17:24","t","Some title",NA,NA,NA,"f"
"71e6e052","Ha0UDw@3","df73181d","2017-03-28 04:47:38","t","Some title",NA,NA,"14","f"
"b10c10c1","S9qjoQ@8","d8ef06bc","2016-11-12 00:32:02","f","Some title",NA,NA,NA,"f"
"24ef5ade","Ha0UDw@3","60f78900","2016-01-31 20:51:43","t","Some title",NA,NA,NA,"f"
"bf32e817","P1p1aQ@3","9df4c812","2016-06-12 15:16:53","f","Some title",NA,NA,NA,"f"
"9c4b879f","P1p1aQ@3","93a772e","2016-12-12 04:43:32","t","Some title",NA,NA,NA,"f"
"deddafe3","Ha0UDw@3","bec251e5","2017-08-02 10:34:06","t","Some title",NA,NA,NA,"f"
"954fac79","S9qjoQ@8","deee7e8d","2016-12-03 18:54:15","t","Some title",NA,NA,"2","f"
"a223e611","1uEo4w@4","b59cdf32","2017-04-30 03:16:51","t","Some title",NA,NA,NA,"f"
"ddd4d5c5","P1p1aQ@3","34e1481c","2017-07-30 15:15:04","t","Some title",NA,"2017-03-11 10:06:18.671","13.5","f"
"4867d7ac","P1p1aQ@3","61530247","2016-09-25 23:36:20","t","Some title",NA,NA,"11.5","f"
"37448b85","Ha0UDw@3","e86901fb","2016-06-09 15:32:39","t","Some title",NA,NA,"2","f"
"cd54019e","S9qjoQ@8","568bba85","2017-05-06 04:15:39","t","Some title",NA,"b45fd8fe1f1a74450db353643153d539683761fd",NA,"f"
"b3786dfe","S9qjoQ@8","a3b80750","2016-08-13 16:12:47","f","Some title",NA,"2017-07-07 20:04:36.415","2","f"
"ad5dc262","1uEo4w@4","2db2e5c","2016-02-27 21:48:20","t","Some title",NA,NA,NA,"f"
"6cb705ab","1uEo4w@4","2881be6","2016-11-04 17:24:39","f","Some title",NA,"2016-03-29 14:49:27.286",NA,"f"
"b7165c22","S9qjoQ@8","59ee7a79","2017-05-05 08:48:53","f","Some title",NA,"2017-03-06 17:43:15.182","2","f"
"ed9700c2","Ha0UDw@3","a49d19fd","2017-05-30 21:49:33","t","Some title","43w0zXndEeacWxIg1uEo4w@4","2017-07-01 23:35:57.69","12","f"
"b6b6df43","S9qjoQ@8","2eabc388","2016-06-03 13:39:41","f","Some title",NA,NA,NA,"f"
"b7262fa2","S9qjoQ@8","32e62e22","2017-08-30 19:28:02","f","Some title",NA,NA,"12.5","f"
"d1186f40","1uEo4w@4","569571b2","2017-04-14 05:29:42","t","Some title",NA,NA,NA,"f"
"9307f04a","1uEo4w@4","835720c","2017-01-09 22:58:04","t","Some title",NA,"2016-05-12 14:49:09.428",NA,"f"
"8b8b1dbb","P1p1aQ@3","64691e9a","2016-07-09 17:02:15","f","Some title",NA,NA,NA,"f"
"ebd0aa2e","1uEo4w@4","b8d32d8c","2016-08-13 17:57:17","f","Some title",NA,"2017-01-28 14:55:18.375","2","f"
"d9c8df1c","S9qjoQ@8","8562ee39","2017-07-17 13:42:04","t","Some title",NA,NA,NA,"f"
"32a601c4","S9qjoQ@8","6e96e846","2016-05-07 00:56:21","t","Some title",NA,NA,"2","f"
"2ff5f539","Ha0UDw@3","f24730d3","2016-12-25 20:33:30","t","Some title",NA,"2017-08-20 17:39:00.45",NA,"f"
"f2b4b922","S9qjoQ@8","801504a5","2016-12-31 05:09:11","f","Some title",NA,NA,NA,"f"
"2714dd73","S9qjoQ@8","9d995c1f","2016-04-04 05:22:10","t","Some title","2016-02-04 08:30:39.132",NA,NA,"f"
"3f63dd84","S9qjoQ@8","a2366259","2016-12-17 16:32:44","t","Some title",NA,NA,NA,"f"
"5d4d5482","Ha0UDw@3","54556003","2016-10-16 20:31:50","t","Some title",NA,"2016-05-31 11:53:23.897",NA,"f"
"afb13a13","S9qjoQ@8","e75c056d","2016-09-23 09:46:44","t","Some title",NA,"2017-06-20 14:05:40.98",NA,"f"
"bb9aeafd","S9qjoQ@8","d1b5a3d5","2017-01-13 13:44:59","f","Some title",NA,NA,NA,"f"
"e13d0f0a","1uEo4w@4","60de2d6f","2017-08-15 23:35:53","t","Some title",NA,NA,"14","f"
"270bbacb","S9qjoQ@8","592ff4a4","2017-07-26 02:02:03","t","Some title",NA,NA,NA,"f"
"493261ab","1uEo4w@4","30ef642e","2017-09-29 19:23:29","t","Some title",NA,"2017-09-17 12:37:07.292","14","f"
"6cd8f731","P1p1aQ@3","f707f412","2017-09-22 11:43:32","t","Some title",NA,NA,NA,"f"
"fb9cd91c","S9qjoQ@8","26cbd7fa","2016-02-15 02:41:09","t","Some title",NA,"2017-07-13 12:40:42.323","12.5","f"
"a51996a1","S9qjoQ@8","c87a2620","2017-01-05 18:08:31","f","Some title",NA,NA,NA,"f"
"8711a486","1uEo4w@4","32ec3f3c","2017-05-19 20:09:07","t","Some title",NA,NA,NA,"f"
"7575f410","S9qjoQ@8","6a99bff6","2017-02-04 14:50:12","f","Some title",NA,NA,NA,"f"
"94b5f2ac","1uEo4w@4","a3481945","2017-08-20 05:16:00","f","Some title",NA,NA,"2","f"
"dfe8cd3f","S9qjoQ@8","c2f7588a","2016-06-21 09:13:23","t","Some title",NA,NA,"2","f"
"cc47821c","Ha0UDw@3","9330b05c","2017-06-18 10:59:41","f","Some title",NA,"2017-07-20 23:21:17.762",NA,"f"
"ba3cfa82","S9qjoQ@8","8da9f6eb","2016-08-27 10:20:07","t","Some title",NA,NA,NA,"f"
"4ae0401a","S9qjoQ@8","e1342104","2016-12-30 20:49:50","f","Some title",NA,"2016-02-03 16:44:01.60",NA,"f"
"33785960","Ha0UDw@3","5547461b","2016-12-23 14:25:51","t","Some title","2017-02-13 21:17:32.568",NA,NA,"f"
"add49614","S9qjoQ@8","ed064559","2016-10-02 18:24:42","t","Some title",NA,NA,NA,"f"
"63abdfb2","Ha0UDw@3","4f4deb6c","2017-09-17 10:02:48","t","Some title","2017-03-28 00:09:12.422","2016-09-04 11:37:13.176",NA,"f"
"5d1d4d3b","Ha0UDw@3","18c22e49","2016-06-11 12:00:42","t","Some title",NA,"2017-02-27 11:08:00.218",NA,"f"
"4fa82c6e","Ha0UDw@3","dc4bb601","2017-07-06 21:45:52","t","Some title","2016-11-16 13:24:30.465",NA,NA,"f"
"e0b3c01a","1uEo4w@4","2b0270f2","2016-05-30 10:57:41","f","Some title",NA,NA,NA,"f"
"c407b24e","S9qjoQ@8","b0130532","2017-09-28 03:59:02","t","Some title",NA,NA,NA,"f"
"3d3ed26e","P1p1aQ@3","305649da","2016-10-16 11:50:12","f","Some title",NA,NA,NA,"f"
"598d9ea3","1uEo4w@4","bd53f135","2017-01-16 04:21:08","t","Some title",NA,"2016-10-17 06:35:11.258",NA,"f"
"f5dbe2fd","Ha0UDw@3","d4351861","2017-09-24 14:46:13","t","Some title",NA,NA,NA,"f"
"f76c2fbe","1uEo4w@4","de396b00","2016-06-22 12:23:14","f","Some title",NA,"2017-04-14 07:57:16.50",NA,"f"
"ed00c647","S9qjoQ@8","a0f5c3c7","2017-03-16 11:05:44","t","Some title",NA,NA,"2","f"
"35aec2ab","P1p1aQ@3","1e9d88b7","2017-04-25 14:39:27","t","Some title",NA,"2016-10-04 09:43:37.10","14","f"
"15416a7a","1uEo4w@4","64032af6","2016-11-08 04:00:41","t","Some title",NA,"2016-09-14 18:24:10.583",NA,"f"
"3c2e69e","S9qjoQ@8","5d1a3ee7","2017-08-23 18:00:32","f","Some title","2016-11-07 22:44:16.227",NA,NA,"f"
"1e00220a","1uEo4w@4","d284ec39","2016-12-13 16:12:48","t","Some title",NA,NA,NA,"f"
"dbab4fc7","Ha0UDw@3","4f5424c3","2017-02-26 03:45:31","f","Some title",NA,NA,"1","f"
"687eb59c","S9qjoQ@8","dd73c977","2016-04-14 04:37:39","t","Some title",NA,NA,NA,"f"
"c7e07cc3","1uEo4w@4","194c39bb","2017-06-25 16:49:24","t","Some title",NA,NA,NA,"f"
"f1958e9d","S9qjoQ@8","80ba4a72","2016-04-24 17:03:21","f","Some title",NA,NA,NA,"f"
"b819f444","Ha0UDw@3","67aadfc2","2016-11-15 21:41:28","t","Some title","2017-03-06 07:29:47.079","2017-08-21 23:03:43.41",NA,"f"
"eb60de8","Ha0UDw@3","9fe80eab","2017-07-09 12:25:53","f","Some title",NA,NA,NA,"f"
"74890346","Ha0UDw@3","6c1d49a0","2017-08-31 11:12:01","f","Some title",NA,"2016-11-24 21:14:39.925","2","f"
"73923031","S9qjoQ@8","c7104c6a","2016-12-09 06:18:42","f","Some title",NA,"2016-06-04 14:35:58.806",NA,"f"
"db742f35","S9qjoQ@8","805ded08","2017-09-12 15:26:29","t","Some title","2017-05-23 19:34:00.341",NA,NA,"f"
"aee139ca","S9qjoQ@8","7594113f","2016-10-21 23:54:33","t","Some title",NA,NA,NA,"f"
"38bc7baa","1uEo4w@4","e5bffc09","2016-05-27 20:34:39","t","Some title",NA,NA,NA,"f"
"4bc4ecee","1uEo4w@4","46564725","2017-06-08 22:48:46","f","Some title",NA,NA,NA,"f"
"e8bf9cee","Ha0UDw@3","9c97d53d","2017-08-29 22:34:19","t","Some title",NA,NA,NA,"f"
"9091943","1uEo4w@4","9581bffb","2017-07-11 11:05:08","t","Some title",NA,NA,"2","f"
"24715e06","Ha0UDw@3","7547e22b","2017-08-22 06:03:20","f","Some title",NA,NA,"14","f"
"e17e2f5a","P1p1aQ@3","495f163e","2016-06-15 19:01:33","t","Some title",NA,"2017-06-14 03:58:19.734",NA,"f"
"d6f1d4fa","P1p1aQ@3","2b20cdc1","2017-09-03 02:33:32","t","Some title",NA,NA,"2","f"
"21072efe","Ha0UDw@3","dc064a8","2017-04-24 05:18:32","t","Some title",NA,NA,NA,"f"
"546f5b3e","1uEo4w@4","f1dd5052","2017-01-11 22:18:20","t","Some title",NA,"2016-10-13 03:59:44.029",NA,"f"
"5b806b05","Ha0UDw@3","f3efe49d","2016-10-23 04:30:58","t","Some title",NA,NA,NA,"f"
"a09354f8","1uEo4w@4","48052c91","2016-10-13 09:26:42","f","Some title",NA,"2017-08-28 15:20:14.446",NA,"f"
"52aff30b","S9qjoQ@8","938aad4f","2017-03-03 09:07:37","f","Some title",NA,"2017-03-02 16:28:04.193",NA,"f"
