"peer_assignment_id","peer_assignment_review_schema_part_id","peer_review_id","peer_review_part_free_response_text"
"Ha0UDw@3","888","ab7a4efa","Some text"
"S9qjoQ@8","1","c1519dd8","Some text"
"S9qjoQ@8","1","fb21dd4b","Some text"
"S9qjoQ@8","1","57e72434","Some text"
"Ha0UDw@3","1","1bb4ccd0","Some text"
"S9qjoQ@8","9","aa486d90","Some text"
"S9qjoQ@8","9","337e9dc3","Some text"
"S9qjoQ@8","888","1faee5e1","Some text"
"Ha0UDw@3","1","30721ac1","Some text"
"P1p1aQ@3","hjVujfI2uQBSa5MC6V7MFF","e33bf615","Some text"
"S9qjoQ@8","HPCxWi2Qh5JJrrYqZvWg8P","1b0ef1","Some text"
"S9qjoQ@8","9","5883052f","Some text"
"S9qjoQ@8","1","7dc9574e","Some text"
"Ha0UDw@3","1","f8f33b98","Some text"
"S9qjoQ@8","9","897a6e82","Some text"
"Ha0UDw@3","9","7e1e6b5a","Some text"
"S9qjoQ@8","1","7ee752d9","Some text"
"Ha0UDw@3","1","cc8931d3","Some text"
"Ha0UDw@3","1","aa440231","Some text"
"S9qjoQ@8","9","de3372ca","Some text"
"S9qjoQ@8","9","f5910d63","Some text"
"Ha0UDw@3","1","76e6dbf6","Some text"
"Ha0UDw@3","888","5775b700","Some text"
"Ha0UDw@3","1","58cc3965","Some text"
"S9qjoQ@8","1","abd60e09","Some text"
"P1p1aQ@3","1","e8649d18","Some text"
"Ha0UDw@3","888","71c39fcc","Some text"
"S9qjoQ@8","hjVujfI2uQBSa5MC6V7MFF","46bdada6","Some text"
"S9qjoQ@8","9","422897eb","Some text"
"Ha0UDw@3","9","2ca593f7","Some text"
"S9qjoQ@8","1","12d23225","Some text"
"S9qjoQ@8","hjVujfI2uQBSa5MC6V7MFF","2c837f74","Some text"
"S9qjoQ@8","9","4e5f0325","Some text"
"Ha0UDw@3","9","9f062e48","Some text"
"S9qjoQ@8","HPCxWi2Qh5JJrrYqZvWg8P","5a1400d7","Some text"
"P1p1aQ@3","1","df2ddbc1","Some text"
"S9qjoQ@8","9","38639e55","Some text"
"S9qjoQ@8","9","d45be556","Some text"
"1uEo4w@4","1","d41904fe","Some text"
"1uEo4w@4","888","75d8f5","Some text"
"Ha0UDw@3","1","21ac8cb4","Some text"
"S9qjoQ@8","888","c1483de5","Some text"
"S9qjoQ@8","1","aa8a53d1","Some text"
"Ha0UDw@3","8_bwCERzSsgRm0NrbHjA9Y","531681ea","Some text"
"Ha0UDw@3","9","7d6dab13","Some text"
"S9qjoQ@8","1","a80d5d22","Some text"
"1uEo4w@4","9","f44b65a7","Some text"
"Ha0UDw@3","888","eef2d1a","Some text"
"Ha0UDw@3","888","d134522a","Some text"
"S9qjoQ@8","888","599d0ef6","Some text"
"P1p1aQ@3","9","e1196aef","Some text"
"S9qjoQ@8","1","184a186d","Some text"
"S9qjoQ@8","1","c08c9b50","Some text"
"Ha0UDw@3","888","a653869a","Some text"
"Ha0UDw@3","8_bwCERzSsgRm0NrbHjA9Y","4e470835","Some text"
"Ha0UDw@3","9","95c9021f","Some text"
"1uEo4w@4","hjVujfI2uQBSa5MC6V7MFF","aa2cc581","Some text"
"1uEo4w@4","9","605c7975","Some text"
"Ha0UDw@3","888","11e6b57c","Some text"
"S9qjoQ@8","1","6d832c53","Some text"
"Ha0UDw@3","888","b5d75503","Some text"
"S9qjoQ@8","888","9215a7c4","Some text"
"Ha0UDw@3","8_bwCERzSsgRm0NrbHjA9Y","6b327573","Some text"
"P1p1aQ@3","8_bwCERzSsgRm0NrbHjA9Y","6dd1b536","Some text"
"S9qjoQ@8","1","ecbdf412","Some text"
"S9qjoQ@8","9","e63cdafa","Some text"
"Ha0UDw@3","9","9f457d34","Some text"
"S9qjoQ@8","1","69a8faf4","Some text"
"Ha0UDw@3","1","6ef9c4d5","Some text"
"P1p1aQ@3","888","3857be38","Some text"
"P1p1aQ@3","hjVujfI2uQBSa5MC6V7MFF","32f8abb0","Some text"
"S9qjoQ@8","1","9befdf9c","Some text"
"S9qjoQ@8","888","6648ee0c","Some text"
"S9qjoQ@8","1","f41dd82f","Some text"
"Ha0UDw@3","9","766f2995","Some text"
"S9qjoQ@8","1","59362b8e","Some text"
"S9qjoQ@8","HPCxWi2Qh5JJrrYqZvWg8P","522a23a1","Some text"
"Ha0UDw@3","hjVujfI2uQBSa5MC6V7MFF","13171a26","Some text"
"S9qjoQ@8","1","6255bb34","Some text"
"S9qjoQ@8","HPCxWi2Qh5JJrrYqZvWg8P","e6fa5dd6","Some text"
"S9qjoQ@8","9","c7a9077f","Some text"
"S9qjoQ@8","9","9b8c739b","Some text"
"S9qjoQ@8","888","b9738371","Some text"
"S9qjoQ@8","888","685b00a6","Some text"
"S9qjoQ@8","hjVujfI2uQBSa5MC6V7MFF","b571223a","Some text"
"S9qjoQ@8","9","b2ed0b11","Some text"
"1uEo4w@4","1","9dab27ae","Some text"
"P1p1aQ@3","9","4efb2187","Some text"
"1uEo4w@4","HPCxWi2Qh5JJrrYqZvWg8P","944d1c97","Some text"
"S9qjoQ@8","8_bwCERzSsgRm0NrbHjA9Y","a5129a94","Some text"
"Ha0UDw@3","9","d4ff44b3","Some text"
"S9qjoQ@8","HPCxWi2Qh5JJrrYqZvWg8P","90e8644","Some text"
"S9qjoQ@8","888","897944b7","Some text"
"Ha0UDw@3","9","744bcc2b","Some text"
"S9qjoQ@8","888","fa02c3be","Some text"
"Ha0UDw@3","888","ce343fed","Some text"
"1uEo4w@4","888","c1674c78","Some text"
"Ha0UDw@3","8_bwCERzSsgRm0NrbHjA9Y","a0e63c5d","Some text"
"Ha0UDw@3","1","1543434f","Some text"
"S9qjoQ@8","HPCxWi2Qh5JJrrYqZvWg8P","808cf7e5","Some text"
"S9qjoQ@8","888","40b4e276","Some text"
"S9qjoQ@8","8_bwCERzSsgRm0NrbHjA9Y","953cf6b6","Some text"
"1uEo4w@4","888","4e8ed6e0","Some text"
"P1p1aQ@3","888","ff7e1349","Some text"
"S9qjoQ@8","9","c97a3953","Some text"
"Ha0UDw@3","9","f7c79a11","Some text"
"Ha0UDw@3","HPCxWi2Qh5JJrrYqZvWg8P","55899cbd","Some text"
"Ha0UDw@3","888","fb4d0238","Some text"
"Ha0UDw@3","888","be137184","Some text"
"Ha0UDw@3","888","6436a79","Some text"
"S9qjoQ@8","9","3ca1fd42","Some text"
"S9qjoQ@8","HPCxWi2Qh5JJrrYqZvWg8P","5b1f3518","Some text"
"Ha0UDw@3","9","db0f6d30","Some text"
"1uEo4w@4","888","737a9c8e","Some text"
"Ha0UDw@3","9","62714cb2","Some text"
"S9qjoQ@8","HPCxWi2Qh5JJrrYqZvWg8P","5aa90828","Some text"
"1uEo4w@4","9","d4feb648","Some text"
"S9qjoQ@8","1","288d01b","Some text"
"Ha0UDw@3","9","d9257cf5","Some text"
"P1p1aQ@3","9","ece93cfc","Some text"
"Ha0UDw@3","9","7b9d5247","Some text"
"S9qjoQ@8","1","ead078cd","Some text"
"1uEo4w@4","HPCxWi2Qh5JJrrYqZvWg8P","c4d7414d","Some text"
"S9qjoQ@8","hjVujfI2uQBSa5MC6V7MFF","e03fbb33","Some text"
"1uEo4w@4","888","a8c5331","Some text"
"Ha0UDw@3","9","83f1ff12","Some text"
"S9qjoQ@8","hjVujfI2uQBSa5MC6V7MFF","4a30a545","Some text"
"S9qjoQ@8","9","9e88448f","Some text"
"S9qjoQ@8","9","ffa5f710","Some text"
"P1p1aQ@3","888","5025ded2","Some text"
"Ha0UDw@3","HPCxWi2Qh5JJrrYqZvWg8P","b708e63f","Some text"
"Ha0UDw@3","9","d8d48765","Some text"
"Ha0UDw@3","1","402404a","Some text"
"S9qjoQ@8","1","18a9c3ee","Some text"
"Ha0UDw@3","888","75717d0","Some text"
"S9qjoQ@8","9","38f1e638","Some text"
"1uEo4w@4","1","c3094ef2","Some text"
"P1p1aQ@3","1","48676b44","Some text"
"S9qjoQ@8","1","abe06d18","Some text"
"S9qjoQ@8","9","e942f3c4","Some text"
"S9qjoQ@8","1","946e5a54","Some text"
"S9qjoQ@8","888","1a4347e4","Some text"
"S9qjoQ@8","888","9743f50","Some text"
"S9qjoQ@8","1","6ff2a9d0","Some text"
"Ha0UDw@3","8_bwCERzSsgRm0NrbHjA9Y","efaa1d97","Some text"
"Ha0UDw@3","9","fd8dd322","Some text"
"S9qjoQ@8","1","8d70b06","Some text"
"S9qjoQ@8","8_bwCERzSsgRm0NrbHjA9Y","161b0cbd","Some text"
"S9qjoQ@8","888","6feff17f","Some text"
"S9qjoQ@8","HPCxWi2Qh5JJrrYqZvWg8P","55638ef5","Some text"
"S9qjoQ@8","hjVujfI2uQBSa5MC6V7MFF","a385d650","Some text"
"S9qjoQ@8","1","38a14b56","Some text"
"Ha0UDw@3","1","9537ae38","Some text"
"Ha0UDw@3","888","b4161ca9","Some text"
"P1p1aQ@3","9","ae68acef","Some text"
"S9qjoQ@8","1","fa847ce9","Some text"
"S9qjoQ@8","1","7e4a3aaa","Some text"
"S9qjoQ@8","9","660aec65","Some text"
"1uEo4w@4","888","60c630dd","Some text"
"Ha0UDw@3","9","e1ad6c78","Some text"
"S9qjoQ@8","888","da67f730","Some text"
"P1p1aQ@3","888","f8a9d4d1","Some text"
"Ha0UDw@3","HPCxWi2Qh5JJrrYqZvWg8P","68faff0d","Some text"
"Ha0UDw@3","1","81eac22d","Some text"
"P1p1aQ@3","hjVujfI2uQBSa5MC6V7MFF","a6948967","Some text"
"Ha0UDw@3","hjVujfI2uQBSa5MC6V7MFF","1b61c805","Some text"
"S9qjoQ@8","9","a85d42a3","Some text"
"S9qjoQ@8","1","97194edb","Some text"
"S9qjoQ@8","9","fabea9f7","Some text"
"Ha0UDw@3","9","6c1a87d","Some text"
"S9qjoQ@8","1","308fdae2","Some text"
"Ha0UDw@3","1","5429beb4","Some text"
"S9qjoQ@8","8_bwCERzSsgRm0NrbHjA9Y","9fb85c0c","Some text"
"S9qjoQ@8","9","1c325d2b","Some text"
"Ha0UDw@3","1","4ef7c93e","Some text"
"S9qjoQ@8","9","43b3af19","Some text"
"S9qjoQ@8","1","b6c8546e","Some text"
"1uEo4w@4","1","1e1ef3ac","Some text"
"P1p1aQ@3","8_bwCERzSsgRm0NrbHjA9Y","50e2d57c","Some text"
"S9qjoQ@8","9","84ab4f52","Some text"
"Ha0UDw@3","hjVujfI2uQBSa5MC6V7MFF","e1bba90f","Some text"
"S9qjoQ@8","8_bwCERzSsgRm0NrbHjA9Y","c617efde","Some text"
"S9qjoQ@8","1","6fe42a88","Some text"
"Ha0UDw@3","9","5cc24791","Some text"
"S9qjoQ@8","888","6dcedfc7","Some text"
"S9qjoQ@8","8_bwCERzSsgRm0NrbHjA9Y","70090033","Some text"
"S9qjoQ@8","1","e1b41738","Some text"
"S9qjoQ@8","1","87110336","Some text"
"Ha0UDw@3","9","e1db875d","Some text"
"S9qjoQ@8","1","83a13c95","Some text"
"1uEo4w@4","hjVujfI2uQBSa5MC6V7MFF","95bd0508","Some text"
"1uEo4w@4","HPCxWi2Qh5JJrrYqZvWg8P","ef8aac5d","Some text"
"Ha0UDw@3","888","a4b50d24","Some text"
"1uEo4w@4","888","7954a298","Some text"
"S9qjoQ@8","9","be19efd5","Some text"
"Ha0UDw@3","8_bwCERzSsgRm0NrbHjA9Y","2bda60f","Some text"
"Ha0UDw@3","888","485a1dbd","Some text"
"S9qjoQ@8","HPCxWi2Qh5JJrrYqZvWg8P","db296d29","Some text"
"Ha0UDw@3","1","6e538f11","Some text"
"S9qjoQ@8","888","dbff48a4","Some text"
"P1p1aQ@3","9","6dc38fb2","Some text"
"S9qjoQ@8","1","8ef18338","Some text"
"S9qjoQ@8","8_bwCERzSsgRm0NrbHjA9Y","61761778","Some text"
"1uEo4w@4","HPCxWi2Qh5JJrrYqZvWg8P","d2a6bc54","Some text"
"S9qjoQ@8","hjVujfI2uQBSa5MC6V7MFF","3cf5ac5","Some text"
"Ha0UDw@3","1","b98af016","Some text"
"P1p1aQ@3","888","e265edb","Some text"
"S9qjoQ@8","1","4b827ba8","Some text"
"Ha0UDw@3","1","23e4fffb","Some text"
"Ha0UDw@3","1","425ac3a","Some text"
"S9qjoQ@8","1","6841f40","Some text"
"S9qjoQ@8","8_bwCERzSsgRm0NrbHjA9Y","453fe0f","Some text"
"P1p1aQ@3","8_bwCERzSsgRm0NrbHjA9Y","b8c8a2fa","Some text"
"P1p1aQ@3","888","dd5f8784","Some text"
"S9qjoQ@8","HPCxWi2Qh5JJrrYqZvWg8P","75f99d86","Some text"
"Ha0UDw@3","9","6124a98e","Some text"
"Ha0UDw@3","888","3f76e505","Some text"
"Ha0UDw@3","9","a9604ba4","Some text"
"P1p1aQ@3","HPCxWi2Qh5JJrrYqZvWg8P","58d5fe33","Some text"
"Ha0UDw@3","HPCxWi2Qh5JJrrYqZvWg8P","50f549cb","Some text"
"Ha0UDw@3","HPCxWi2Qh5JJrrYqZvWg8P","8fdeaf32","Some text"
"S9qjoQ@8","1","f0ade8c","Some text"
"Ha0UDw@3","1","63babb5d","Some text"
"Ha0UDw@3","HPCxWi2Qh5JJrrYqZvWg8P","f5a461fc","Some text"
"S9qjoQ@8","1","5f01702e","Some text"
"Ha0UDw@3","1","8f18a066","Some text"
"Ha0UDw@3","888","74e27cba","Some text"
"1uEo4w@4","1","68f88b06","Some text"
"S9qjoQ@8","9","42034d36","Some text"
"Ha0UDw@3","888","19abfee9","Some text"
"Ha0UDw@3","1","fe8ecdb7","Some text"
"Ha0UDw@3","888","5c8803ed","Some text"
"Ha0UDw@3","888","2199ce38","Some text"
"Ha0UDw@3","9","d45bcf63","Some text"
"S9qjoQ@8","9","575cab28","Some text"
"S9qjoQ@8","1","439b3e3b","Some text"
"S9qjoQ@8","HPCxWi2Qh5JJrrYqZvWg8P","33f44e6a","Some text"
"S9qjoQ@8","888","c469943f","Some text"
"Ha0UDw@3","9","87a5eb98","Some text"
"Ha0UDw@3","888","d81b58ad","Some text"
"S9qjoQ@8","888","83735645","Some text"
"S9qjoQ@8","HPCxWi2Qh5JJrrYqZvWg8P","1b0c4067","Some text"
"S9qjoQ@8","9","6ec9d313","Some text"
"S9qjoQ@8","9","a44dc7e","Some text"
"S9qjoQ@8","888","443095c9","Some text"
"S9qjoQ@8","888","7963d29b","Some text"
"S9qjoQ@8","1","82293247","Some text"
"Ha0UDw@3","8_bwCERzSsgRm0NrbHjA9Y","9a3af7ec","Some text"
"S9qjoQ@8","888","92f42b54","Some text"
"S9qjoQ@8","9","2f226759","Some text"
"S9qjoQ@8","888","31ee44de","Some text"
"S9qjoQ@8","8_bwCERzSsgRm0NrbHjA9Y","ff270e3","Some text"
"P1p1aQ@3","888","cfcc39e5","Some text"
"S9qjoQ@8","888","925b7674","Some text"
"S9qjoQ@8","888","5faf55e8","Some text"
"S9qjoQ@8","9","b3be0ce","Some text"
"S9qjoQ@8","888","d5c2cbb6","Some text"
"1uEo4w@4","888","ba4d030b","Some text"
"P1p1aQ@3","8_bwCERzSsgRm0NrbHjA9Y","6ed39ea5","Some text"
"S9qjoQ@8","888","fa354b00","Some text"
"S9qjoQ@8","8_bwCERzSsgRm0NrbHjA9Y","d0a227bb","Some text"
"S9qjoQ@8","HPCxWi2Qh5JJrrYqZvWg8P","cd2d8c30","Some text"
"Ha0UDw@3","9","8b92c12b","Some text"
"S9qjoQ@8","9","598cd210","Some text"
"Ha0UDw@3","1","f3e215b","Some text"
"Ha0UDw@3","HPCxWi2Qh5JJrrYqZvWg8P","5c268f12","Some text"
"Ha0UDw@3","hjVujfI2uQBSa5MC6V7MFF","20c7c685","Some text"
"Ha0UDw@3","9","4a08b446","Some text"
"S9qjoQ@8","888","f6c76d2c","Some text"
"S9qjoQ@8","9","67a15619","Some text"
"S9qjoQ@8","1","5fdabb37","Some text"
"Ha0UDw@3","9","7490fc","Some text"
"Ha0UDw@3","hjVujfI2uQBSa5MC6V7MFF","3aeacfb","Some text"
"Ha0UDw@3","8_bwCERzSsgRm0NrbHjA9Y","a7f4b71b","Some text"
"S9qjoQ@8","1","50e55c2b","Some text"
"S9qjoQ@8","9","7ff67863","Some text"
"S9qjoQ@8","1","c90b2ae8","Some text"
"Ha0UDw@3","888","9c6cee6a","Some text"
"Ha0UDw@3","9","ace96a96","Some text"
"P1p1aQ@3","9","aac1f91","Some text"
"P1p1aQ@3","9","c8b8617b","Some text"
"P1p1aQ@3","9","ad51354f","Some text"
"Ha0UDw@3","hjVujfI2uQBSa5MC6V7MFF","7835dec9","Some text"
"Ha0UDw@3","hjVujfI2uQBSa5MC6V7MFF","c71b741f","Some text"
"Ha0UDw@3","8_bwCERzSsgRm0NrbHjA9Y","865f393b","Some text"
"P1p1aQ@3","8_bwCERzSsgRm0NrbHjA9Y","9af7776f","Some text"
"S9qjoQ@8","888","1d713a86","Some text"
"S9qjoQ@8","9","2a478d8f","Some text"
"S9qjoQ@8","9","30319b6a","Some text"
"Ha0UDw@3","9","2ecd8217","Some text"
"1uEo4w@4","888","1f2a6f9b","Some text"
"Ha0UDw@3","9","6fe5a15f","Some text"
"S9qjoQ@8","hjVujfI2uQBSa5MC6V7MFF","f29652b2","Some text"
"S9qjoQ@8","888","322d50b0","Some text"
"Ha0UDw@3","HPCxWi2Qh5JJrrYqZvWg8P","9faec760","Some text"
"Ha0UDw@3","hjVujfI2uQBSa5MC6V7MFF","6d19328d","Some text"
"S9qjoQ@8","hjVujfI2uQBSa5MC6V7MFF","57be71e0","Some text"
"Ha0UDw@3","888","c085df9b","Some text"
"Ha0UDw@3","9","985633df","Some text"
"Ha0UDw@3","8_bwCERzSsgRm0NrbHjA9Y","fcc3a0da","Some text"
"Ha0UDw@3","hjVujfI2uQBSa5MC6V7MFF","1869298a","Some text"
"Ha0UDw@3","9","b3fd6ca1","Some text"
"Ha0UDw@3","9","3ef35626","Some text"
"S9qjoQ@8","hjVujfI2uQBSa5MC6V7MFF","dee41e61","Some text"
"Ha0UDw@3","1","737c3390","Some text"
"S9qjoQ@8","9","2a55b570","Some text"
"S9qjoQ@8","1","169d1267","Some text"
"Ha0UDw@3","888","d0231382","Some text"
"S9qjoQ@8","HPCxWi2Qh5JJrrYqZvWg8P","4dfb0e38","Some text"
"Ha0UDw@3","8_bwCERzSsgRm0NrbHjA9Y","42daf651","Some text"
"S9qjoQ@8","HPCxWi2Qh5JJrrYqZvWg8P","fdc79773","Some text"
"Ha0UDw@3","888","a8b59e26","Some text"
"Ha0UDw@3","9","63e43","Some text"
"Ha0UDw@3","1","de721828","Some text"
"S9qjoQ@8","1","7ea3ab10","Some text"
"Ha0UDw@3","9","b4a15d8a","Some text"
"S9qjoQ@8","1","10f95468","Some text"
"Ha0UDw@3","HPCxWi2Qh5JJrrYqZvWg8P","4c9aa35a","Some text"
"1uEo4w@4","1","5bc0a864","Some text"
"S9qjoQ@8","1","1eaacc90","Some text"
"S9qjoQ@8","888","cbe74bac","Some text"
"Ha0UDw@3","888","68c9be33","Some text"
"Ha0UDw@3","888","c3b94d28","Some text"
"1uEo4w@4","888","35541c9d","Some text"
"S9qjoQ@8","1","8436e46","Some text"
"S9qjoQ@8","888","1bbff07e","Some text"
"S9qjoQ@8","9","e7892e2c","Some text"
"S9qjoQ@8","888","4666a7ce","Some text"
"Ha0UDw@3","9","88bee425","Some text"
"Ha0UDw@3","1","d68b644d","Some text"
"P1p1aQ@3","hjVujfI2uQBSa5MC6V7MFF","16c38b12","Some text"
"Ha0UDw@3","1","9e3cd4e0","Some text"
"S9qjoQ@8","hjVujfI2uQBSa5MC6V7MFF","baf1c9ae","Some text"
"P1p1aQ@3","HPCxWi2Qh5JJrrYqZvWg8P","62ca31ac","Some text"
"P1p1aQ@3","1","d8114f79","Some text"
"S9qjoQ@8","888","6a492111","Some text"
"Ha0UDw@3","888","13e5d547","Some text"
"1uEo4w@4","1","643fd115","Some text"
"P1p1aQ@3","9","24a9af9f","Some text"
"S9qjoQ@8","9","623fd752","Some text"
"S9qjoQ@8","888","6a61586a","Some text"
"S9qjoQ@8","HPCxWi2Qh5JJrrYqZvWg8P","1379bfec","Some text"
"Ha0UDw@3","888","5095c5f7","Some text"
"Ha0UDw@3","888","197303b0","Some text"
"Ha0UDw@3","9","b7229235","Some text"
"Ha0UDw@3","1","ab252776","Some text"
"S9qjoQ@8","1","bc848997","Some text"
"S9qjoQ@8","888","f45f7a40","Some text"
"Ha0UDw@3","888","7bec61bb","Some text"
"Ha0UDw@3","9","f096d66f","Some text"
"1uEo4w@4","888","17b7aeb4","Some text"
"Ha0UDw@3","8_bwCERzSsgRm0NrbHjA9Y","7294b3a1","Some text"
"S9qjoQ@8","888","17812b7d","Some text"
"1uEo4w@4","hjVujfI2uQBSa5MC6V7MFF","6267cf73","Some text"
"Ha0UDw@3","9","44a77419","Some text"
"Ha0UDw@3","1","6a941ce6","Some text"
"S9qjoQ@8","1","e628aef0","Some text"
"S9qjoQ@8","9","cebefa96","Some text"
"S9qjoQ@8","1","2f095a97","Some text"
"S9qjoQ@8","888","21081c1a","Some text"
"1uEo4w@4","hjVujfI2uQBSa5MC6V7MFF","6422af88","Some text"
"Ha0UDw@3","1","753cf6e7","Some text"
"1uEo4w@4","9","4757f88a","Some text"
"S9qjoQ@8","1","d780f949","Some text"
"Ha0UDw@3","9","50a4387a","Some text"
"Ha0UDw@3","9","d35b37f7","Some text"
"S9qjoQ@8","1","cd0ef056","Some text"
"Ha0UDw@3","HPCxWi2Qh5JJrrYqZvWg8P","2d78e732","Some text"
"1uEo4w@4","1","d8159a2d","Some text"
"S9qjoQ@8","1","3b5121fc","Some text"
"1uEo4w@4","1","980d6793","Some text"
"P1p1aQ@3","hjVujfI2uQBSa5MC6V7MFF","88e72f34","Some text"
"S9qjoQ@8","hjVujfI2uQBSa5MC6V7MFF","33852540","Some text"
"1uEo4w@4","9","93cec4f8","Some text"
"S9qjoQ@8","888","5f3020db","Some text"
"Ha0UDw@3","1","e9a1f013","Some text"
"S9qjoQ@8","hjVujfI2uQBSa5MC6V7MFF","223e51bd","Some text"
"1uEo4w@4","HPCxWi2Qh5JJrrYqZvWg8P","91ace97","Some text"
"S9qjoQ@8","888","3ea86350","Some text"
"Ha0UDw@3","9","377b75f0","Some text"
"S9qjoQ@8","hjVujfI2uQBSa5MC6V7MFF","a7423787","Some text"
"S9qjoQ@8","8_bwCERzSsgRm0NrbHjA9Y","88522ab9","Some text"
"S9qjoQ@8","hjVujfI2uQBSa5MC6V7MFF","1a85d6b6","Some text"
"Ha0UDw@3","888","e79b7899","Some text"
"Ha0UDw@3","888","27bea90a","Some text"
"1uEo4w@4","1","29c4218d","Some text"
"P1p1aQ@3","HPCxWi2Qh5JJrrYqZvWg8P","6ffd56dc","Some text"
"Ha0UDw@3","9","7dbb71ad","Some text"
"S9qjoQ@8","1","98360a61","Some text"
"S9qjoQ@8","9","34547b15","Some text"
"S9qjoQ@8","1","a8d4e252","Some text"
"S9qjoQ@8","888","1049d916","Some text"
"1uEo4w@4","888","cdd2122e","Some text"
"Ha0UDw@3","1","7fc2ae0a","Some text"
"S9qjoQ@8","1","64b8933e","Some text"
"Ha0UDw@3","9","d5ef45dc","Some text"
"Ha0UDw@3","hjVujfI2uQBSa5MC6V7MFF","bb7d416f","Some text"
"P1p1aQ@3","9","2e9009fb","Some text"
"Ha0UDw@3","888","fcd149e0","Some text"
"S9qjoQ@8","888","93035d15","Some text"
"S9qjoQ@8","8_bwCERzSsgRm0NrbHjA9Y","b4b38eee","Some text"
"S9qjoQ@8","8_bwCERzSsgRm0NrbHjA9Y","5bc07bcf","Some text"
"S9qjoQ@8","9","3b348ae3","Some text"
"1uEo4w@4","1","90c44fa7","Some text"
"P1p1aQ@3","888","1807f1dc","Some text"
"S9qjoQ@8","1","63bd8da3","Some text"
"S9qjoQ@8","hjVujfI2uQBSa5MC6V7MFF","94d02769","Some text"
"1uEo4w@4","888","1323940e","Some text"
"P1p1aQ@3","9","c86d15f5","Some text"
"S9qjoQ@8","8_bwCERzSsgRm0NrbHjA9Y","ab0e4d56","Some text"
"S9qjoQ@8","HPCxWi2Qh5JJrrYqZvWg8P","5204badf","Some text"
"Ha0UDw@3","9","9eda522e","Some text"
"S9qjoQ@8","9","35b80b8d","Some text"
"Ha0UDw@3","888","e1d37be9","Some text"
"Ha0UDw@3","9","cd499272","Some text"
"S9qjoQ@8","888","9c3b106e","Some text"
"S9qjoQ@8","9","1a5e990f","Some text"
"1uEo4w@4","888","ebe1d42f","Some text"
"Ha0UDw@3","888","d85eda56","Some text"
"Ha0UDw@3","hjVujfI2uQBSa5MC6V7MFF","8546161f","Some text"
"S9qjoQ@8","1","44f1f8c4","Some text"
"Ha0UDw@3","9","4d685793","Some text"
"Ha0UDw@3","1","4abe1bf5","Some text"
"Ha0UDw@3","HPCxWi2Qh5JJrrYqZvWg8P","c91ab7d2","Some text"
"P1p1aQ@3","HPCxWi2Qh5JJrrYqZvWg8P","ab1829b1","Some text"
"S9qjoQ@8","8_bwCERzSsgRm0NrbHjA9Y","385df67a","Some text"
"Ha0UDw@3","9","6d5befa3","Some text"
"S9qjoQ@8","9","9e4244f5","Some text"
"S9qjoQ@8","9","1c72beb1","Some text"
"Ha0UDw@3","1","5c05c4fd","Some text"
"P1p1aQ@3","HPCxWi2Qh5JJrrYqZvWg8P","4dd20d79","Some text"
"S9qjoQ@8","1","65b4a00f","Some text"
"1uEo4w@4","888","537199f9","Some text"
"P1p1aQ@3","9","bacb33fb","Some text"
"Ha0UDw@3","9","8546161f","Some text"
"1uEo4w@4","hjVujfI2uQBSa5MC6V7MFF","eabe6534","Some text"
"Ha0UDw@3","9","9d12efc1","Some text"
"S9qjoQ@8","9","fc0120c","Some text"
"S9qjoQ@8","9","c6ebfb59","Some text"
"S9qjoQ@8","1","ea3fe3c8","Some text"
"P1p1aQ@3","9","3b3f29a5","Some text"
"S9qjoQ@8","888","426b1762","Some text"
"1uEo4w@4","888","e344589e","Some text"
"Ha0UDw@3","1","8cda9a6f","Some text"
"Ha0UDw@3","888","5ac8cf3e","Some text"
"S9qjoQ@8","1","4d59ae41","Some text"
"S9qjoQ@8","888","5e307246","Some text"
"S9qjoQ@8","1","46dc6125","Some text"
"S9qjoQ@8","HPCxWi2Qh5JJrrYqZvWg8P","c97fcb48","Some text"
"S9qjoQ@8","888","9ba3075c","Some text"
"Ha0UDw@3","9","159f1ec3","Some text"
"Ha0UDw@3","1","b2c8f1e2","Some text"
"Ha0UDw@3","8_bwCERzSsgRm0NrbHjA9Y","13f5bd0c","Some text"
"P1p1aQ@3","9","cf861127","Some text"
"S9qjoQ@8","8_bwCERzSsgRm0NrbHjA9Y","6562f4af","Some text"
"Ha0UDw@3","888","e1568e32","Some text"
"1uEo4w@4","8_bwCERzSsgRm0NrbHjA9Y","a51e178b","Some text"
"P1p1aQ@3","9","abd54bf3","Some text"
"S9qjoQ@8","HPCxWi2Qh5JJrrYqZvWg8P","2a038725","Some text"
"1uEo4w@4","1","9c58b915","Some text"
"Ha0UDw@3","1","d2a956e8","Some text"
"Ha0UDw@3","9","bc116611","Some text"
"Ha0UDw@3","1","33361964","Some text"
"S9qjoQ@8","1","1baf9c77","Some text"
"S9qjoQ@8","1","93523c77","Some text"
"S9qjoQ@8","1","913e03bc","Some text"
"S9qjoQ@8","8_bwCERzSsgRm0NrbHjA9Y","eb646188","Some text"
"S9qjoQ@8","888","d467e910","Some text"
"S9qjoQ@8","888","36ac1d4d","Some text"
"S9qjoQ@8","9","c6f27fdf","Some text"
"S9qjoQ@8","1","6a234bf6","Some text"
"S9qjoQ@8","888","110cc2f3","Some text"
"P1p1aQ@3","9","cfac2f06","Some text"
"S9qjoQ@8","1","cbccf030","Some text"
"S9qjoQ@8","1","fc0cc71f","Some text"
"S9qjoQ@8","888","48c6a8f6","Some text"
"S9qjoQ@8","1","dbff48a4","Some text"
"S9qjoQ@8","HPCxWi2Qh5JJrrYqZvWg8P","53e1a68e","Some text"
"Ha0UDw@3","hjVujfI2uQBSa5MC6V7MFF","d3a73c8a","Some text"
"Ha0UDw@3","888","c371fe0a","Some text"
"Ha0UDw@3","888","dcb4ae8c","Some text"
"S9qjoQ@8","9","e5309173","Some text"
"S9qjoQ@8","8_bwCERzSsgRm0NrbHjA9Y","a47f5e6b","Some text"
"Ha0UDw@3","888","fd7296b1","Some text"
"Ha0UDw@3","HPCxWi2Qh5JJrrYqZvWg8P","11a5d501","Some text"
"S9qjoQ@8","888","8f29d240","Some text"
"Ha0UDw@3","888","d5a677a0","Some text"
"Ha0UDw@3","HPCxWi2Qh5JJrrYqZvWg8P","a5a74ce4","Some text"
"S9qjoQ@8","hjVujfI2uQBSa5MC6V7MFF","ce1aa033","Some text"
"S9qjoQ@8","1","a8f05481","Some text"
"Ha0UDw@3","HPCxWi2Qh5JJrrYqZvWg8P","c7beda2","Some text"
"S9qjoQ@8","HPCxWi2Qh5JJrrYqZvWg8P","b726fbcf","Some text"
"S9qjoQ@8","9","bf0af6c4","Some text"
"P1p1aQ@3","888","89ea08fd","Some text"
"S9qjoQ@8","HPCxWi2Qh5JJrrYqZvWg8P","336d00be","Some text"
"S9qjoQ@8","9","5e35b76","Some text"
"S9qjoQ@8","HPCxWi2Qh5JJrrYqZvWg8P","1f1d34c0","Some text"
"S9qjoQ@8","888","a0629cac","Some text"
"Ha0UDw@3","8_bwCERzSsgRm0NrbHjA9Y","83960875","Some text"
"Ha0UDw@3","9","1512cfbf","Some text"
"Ha0UDw@3","8_bwCERzSsgRm0NrbHjA9Y","ea3296ad","Some text"
"Ha0UDw@3","1","46dc6125","Some text"
"Ha0UDw@3","9","edfdd3da","Some text"
"Ha0UDw@3","hjVujfI2uQBSa5MC6V7MFF","ba24321f","Some text"
"S9qjoQ@8","9","1680f5bc","Some text"
"S9qjoQ@8","8_bwCERzSsgRm0NrbHjA9Y","de49ddde","Some text"
"S9qjoQ@8","1","84ac4426","Some text"
"S9qjoQ@8","888","1807f1dc","Some text"
"1uEo4w@4","1","d4996158","Some text"
"Ha0UDw@3","1","8087d124","Some text"
"S9qjoQ@8","888","a3505798","Some text"
"P1p1aQ@3","1","b43208cc","Some text"
"S9qjoQ@8","9","1f49db3b","Some text"
"Ha0UDw@3","1","8da2c882","Some text"
"S9qjoQ@8","1","5dbf7ac8","Some text"
"Ha0UDw@3","888","610f81d5","Some text"
"S9qjoQ@8","9","797b83e1","Some text"
"S9qjoQ@8","9","80ad6414","Some text"
"S9qjoQ@8","hjVujfI2uQBSa5MC6V7MFF","f28e4c59","Some text"
"Ha0UDw@3","9","16b8ad9f","Some text"
"S9qjoQ@8","9","5140de8c","Some text"
"S9qjoQ@8","8_bwCERzSsgRm0NrbHjA9Y","3be83f07","Some text"
"Ha0UDw@3","9","746602d8","Some text"
"P1p1aQ@3","1","5b254243","Some text"
"P1p1aQ@3","9","cff338df","Some text"
"S9qjoQ@8","9","19591d3c","Some text"
"Ha0UDw@3","9","5031d028","Some text"
"S9qjoQ@8","888","d4753237","Some text"
"S9qjoQ@8","888","dc75d05f","Some text"
"Ha0UDw@3","1","195adf12","Some text"
"S9qjoQ@8","1","d920664b","Some text"
"S9qjoQ@8","HPCxWi2Qh5JJrrYqZvWg8P","85a6305f","Some text"
"S9qjoQ@8","1","640018fe","Some text"
"P1p1aQ@3","888","318cff0f","Some text"
"Ha0UDw@3","888","5ddcd387","Some text"
"Ha0UDw@3","1","2819dd46","Some text"
"S9qjoQ@8","9","d7e1a375","Some text"
"S9qjoQ@8","1","e532b959","Some text"
"S9qjoQ@8","888","bad2253b","Some text"
"S9qjoQ@8","888","ffb25004","Some text"
"S9qjoQ@8","1","cc2379ef","Some text"
"S9qjoQ@8","1","2daac5fc","Some text"
"S9qjoQ@8","9","5049293d","Some text"
"P1p1aQ@3","9","36eb71b7","Some text"
"S9qjoQ@8","1","e5a9d03b","Some text"
"P1p1aQ@3","9","5c5f5637","Some text"
"Ha0UDw@3","888","2290d0b","Some text"
"S9qjoQ@8","9","fc9ddeb0","Some text"
"Ha0UDw@3","888","f56dbb0","Some text"
"Ha0UDw@3","888","ece7f6da","Some text"
"S9qjoQ@8","1","60701794","Some text"
"S9qjoQ@8","888","7dea035","Some text"
"S9qjoQ@8","1","8c49734a","Some text"
"Ha0UDw@3","8_bwCERzSsgRm0NrbHjA9Y","cd8d3e26","Some text"
"S9qjoQ@8","888","6027d367","Some text"
"Ha0UDw@3","hjVujfI2uQBSa5MC6V7MFF","78582256","Some text"
"P1p1aQ@3","9","2334d0cd","Some text"
"1uEo4w@4","1","73332f9e","Some text"
"P1p1aQ@3","9","592c19e9","Some text"
"S9qjoQ@8","888","1238b06b","Some text"
"P1p1aQ@3","hjVujfI2uQBSa5MC6V7MFF","f0cf3bd9","Some text"
"S9qjoQ@8","9","2e4bbcb7","Some text"
"Ha0UDw@3","888","7fc0816","Some text"
"S9qjoQ@8","9","67c3f27f","Some text"
"S9qjoQ@8","888","5f20c261","Some text"
"S9qjoQ@8","8_bwCERzSsgRm0NrbHjA9Y","4df8255","Some text"
"S9qjoQ@8","1","2f0ac1e6","Some text"
"Ha0UDw@3","9","46ca0120","Some text"
"S9qjoQ@8","888","c5e6bf8f","Some text"
"Ha0UDw@3","HPCxWi2Qh5JJrrYqZvWg8P","f9505da","Some text"
"P1p1aQ@3","9","3817db5e","Some text"
"Ha0UDw@3","1","daf23a3b","Some text"
"S9qjoQ@8","9","ac41f5b8","Some text"
"S9qjoQ@8","9","3ec8cced","Some text"
"S9qjoQ@8","9","a05c86b4","Some text"
"S9qjoQ@8","HPCxWi2Qh5JJrrYqZvWg8P","dec932f0","Some text"
"S9qjoQ@8","9","b58327a5","Some text"
"S9qjoQ@8","9","dc915045","Some text"
"S9qjoQ@8","9","e0fda073","Some text"
"Ha0UDw@3","hjVujfI2uQBSa5MC6V7MFF","400950e3","Some text"
"Ha0UDw@3","9","16183d72","Some text"
"S9qjoQ@8","hjVujfI2uQBSa5MC6V7MFF","d478a37","Some text"
"S9qjoQ@8","1","8262f167","Some text"
"1uEo4w@4","1","9f521ce1","Some text"
"S9qjoQ@8","HPCxWi2Qh5JJrrYqZvWg8P","a564527","Some text"
"S9qjoQ@8","1","5b042c53","Some text"
"1uEo4w@4","9","7edb2877","Some text"
"S9qjoQ@8","888","32edadf2","Some text"
"Ha0UDw@3","9","b51fd97a","Some text"
"S9qjoQ@8","hjVujfI2uQBSa5MC6V7MFF","74f1ec7a","Some text"
"Ha0UDw@3","9","de9a459f","Some text"
"S9qjoQ@8","888","102d5363","Some text"
"S9qjoQ@8","1","3f361e7c","Some text"
"S9qjoQ@8","HPCxWi2Qh5JJrrYqZvWg8P","47c5cc91","Some text"
"S9qjoQ@8","1","97cbf80f","Some text"
"Ha0UDw@3","8_bwCERzSsgRm0NrbHjA9Y","846f4d7a","Some text"
"Ha0UDw@3","888","543ebae4","Some text"
"S9qjoQ@8","9","7e492a40","Some text"
"Ha0UDw@3","888","ccaefb3","Some text"
"Ha0UDw@3","1","cd6d1d20","Some text"
"S9qjoQ@8","9","7d1922be","Some text"
"S9qjoQ@8","888","26d5dd77","Some text"
"S9qjoQ@8","888","88583d92","Some text"
"S9qjoQ@8","888","2389b3d","Some text"
"S9qjoQ@8","9","51b16a90","Some text"
"S9qjoQ@8","1","329ec306","Some text"
"S9qjoQ@8","1","ff0a7ab5","Some text"
"Ha0UDw@3","888","a0335cf5","Some text"
"S9qjoQ@8","1","2bccddc2","Some text"
"1uEo4w@4","hjVujfI2uQBSa5MC6V7MFF","22761f71","Some text"
"Ha0UDw@3","9","cb967382","Some text"
"S9qjoQ@8","9","81a17c92","Some text"
"Ha0UDw@3","9","5c9525f2","Some text"
"S9qjoQ@8","HPCxWi2Qh5JJrrYqZvWg8P","b5826482","Some text"
"S9qjoQ@8","1","7f712ee6","Some text"
"Ha0UDw@3","9","ba2e2693","Some text"
"S9qjoQ@8","hjVujfI2uQBSa5MC6V7MFF","1af7f824","Some text"
"Ha0UDw@3","1","1ea2eadc","Some text"
"S9qjoQ@8","hjVujfI2uQBSa5MC6V7MFF","7ea48d","Some text"
"Ha0UDw@3","9","689d2920","Some text"
"S9qjoQ@8","1","51b16a90","Some text"
"Ha0UDw@3","888","1f334989","Some text"
"S9qjoQ@8","hjVujfI2uQBSa5MC6V7MFF","a6d46e67","Some text"
"1uEo4w@4","9","a858f2af","Some text"
"S9qjoQ@8","1","351dcd52","Some text"
"S9qjoQ@8","888","ca5dd5d4","Some text"
"Ha0UDw@3","9","fc2a43d3","Some text"
"S9qjoQ@8","888","3f5b3954","Some text"
"S9qjoQ@8","9","8e9b8c68","Some text"
"S9qjoQ@8","hjVujfI2uQBSa5MC6V7MFF","d8445492","Some text"
"Ha0UDw@3","888","d9d2ff83","Some text"
"Ha0UDw@3","1","abaa2f97","Some text"
"S9qjoQ@8","9","c0d07fd6","Some text"
"S9qjoQ@8","1","59651db0","Some text"
"S9qjoQ@8","888","11ca96e8","Some text"
"Ha0UDw@3","9","703d76e0","Some text"
"S9qjoQ@8","888","b7743f37","Some text"
"Ha0UDw@3","9","70422bbe","Some text"
"S9qjoQ@8","8_bwCERzSsgRm0NrbHjA9Y","188e76e7","Some text"
"Ha0UDw@3","1","51ec6d0b","Some text"
"S9qjoQ@8","HPCxWi2Qh5JJrrYqZvWg8P","83043a5a","Some text"
"P1p1aQ@3","888","f2eafa06","Some text"
"P1p1aQ@3","9","e80f7452","Some text"
"Ha0UDw@3","HPCxWi2Qh5JJrrYqZvWg8P","618f5635","Some text"
"P1p1aQ@3","9","79d40a2e","Some text"
"S9qjoQ@8","hjVujfI2uQBSa5MC6V7MFF","bc7350b6","Some text"
"S9qjoQ@8","9","75b3293d","Some text"
"Ha0UDw@3","9","1634e923","Some text"
"S9qjoQ@8","888","bb8464a8","Some text"
"P1p1aQ@3","hjVujfI2uQBSa5MC6V7MFF","1c76ddea","Some text"
"Ha0UDw@3","9","a3895847","Some text"
"Ha0UDw@3","8_bwCERzSsgRm0NrbHjA9Y","a744181c","Some text"
"Ha0UDw@3","888","bbb11dda","Some text"
"Ha0UDw@3","9","86286543","Some text"
"S9qjoQ@8","HPCxWi2Qh5JJrrYqZvWg8P","2d5cd576","Some text"
"Ha0UDw@3","888","2da29df7","Some text"
"Ha0UDw@3","hjVujfI2uQBSa5MC6V7MFF","e2c101bc","Some text"
"S9qjoQ@8","HPCxWi2Qh5JJrrYqZvWg8P","72e81267","Some text"
"S9qjoQ@8","1","7519ebec","Some text"
"Ha0UDw@3","1","a0f08cb3","Some text"
"Ha0UDw@3","1","e8644370","Some text"
"S9qjoQ@8","hjVujfI2uQBSa5MC6V7MFF","22f49d92","Some text"
"Ha0UDw@3","1","480d32f8","Some text"
"Ha0UDw@3","9","a5b1d48c","Some text"
"1uEo4w@4","888","4c4a8271","Some text"
"Ha0UDw@3","888","a5e8d8d5","Some text"
"Ha0UDw@3","888","5e60f26b","Some text"
"S9qjoQ@8","9","f4476042","Some text"
"S9qjoQ@8","HPCxWi2Qh5JJrrYqZvWg8P","fb1af491","Some text"
"1uEo4w@4","9","a6248971","Some text"
"Ha0UDw@3","1","a398345b","Some text"
"S9qjoQ@8","888","703859fb","Some text"
"Ha0UDw@3","888","67bcfdca","Some text"
"P1p1aQ@3","888","71e1a13a","Some text"
"Ha0UDw@3","HPCxWi2Qh5JJrrYqZvWg8P","fca69a7","Some text"
"Ha0UDw@3","9","bf17dfc5","Some text"
"Ha0UDw@3","1","33f110b2","Some text"
"Ha0UDw@3","1","223481dc","Some text"
"1uEo4w@4","9","1c033d34","Some text"
"P1p1aQ@3","9","391684b7","Some text"
"S9qjoQ@8","hjVujfI2uQBSa5MC6V7MFF","73e1b365","Some text"
"1uEo4w@4","1","d317b0d","Some text"
"S9qjoQ@8","9","a5723cbf","Some text"
"Ha0UDw@3","HPCxWi2Qh5JJrrYqZvWg8P","f9290365","Some text"
"1uEo4w@4","9","1cf366e8","Some text"
"S9qjoQ@8","1","d6fe9a79","Some text"
"S9qjoQ@8","888","a1c6d398","Some text"
"Ha0UDw@3","1","401acd91","Some text"
"S9qjoQ@8","hjVujfI2uQBSa5MC6V7MFF","e1b25f61","Some text"
"S9qjoQ@8","888","948195c5","Some text"
"Ha0UDw@3","888","b5badd17","Some text"
"Ha0UDw@3","hjVujfI2uQBSa5MC6V7MFF","192d4954","Some text"
"Ha0UDw@3","888","4382da36","Some text"
"S9qjoQ@8","1","ea0330fd","Some text"
"Ha0UDw@3","1","1be35caf","Some text"
"Ha0UDw@3","888","9224edff","Some text"
"Ha0UDw@3","9","f71c3cc4","Some text"
"S9qjoQ@8","9","45c4dca5","Some text"
"Ha0UDw@3","888","88e89631","Some text"
"Ha0UDw@3","1","5ea42e57","Some text"
"Ha0UDw@3","888","b80265c2","Some text"
"Ha0UDw@3","HPCxWi2Qh5JJrrYqZvWg8P","50907c98","Some text"
"P1p1aQ@3","9","d230716a","Some text"
"Ha0UDw@3","888","f3cee8c8","Some text"
"Ha0UDw@3","1","c479bc99","Some text"
"S9qjoQ@8","1","fe8705ae","Some text"
"S9qjoQ@8","9","94fb0cbe","Some text"
"S9qjoQ@8","hjVujfI2uQBSa5MC6V7MFF","e6eac6d1","Some text"
"S9qjoQ@8","1","9b4cacc6","Some text"
"S9qjoQ@8","1","a2c26bdf","Some text"
"S9qjoQ@8","888","af66daee","Some text"
"Ha0UDw@3","9","d8a04ac4","Some text"
"S9qjoQ@8","1","811a5338","Some text"
"Ha0UDw@3","8_bwCERzSsgRm0NrbHjA9Y","d0a751be","Some text"
"S9qjoQ@8","HPCxWi2Qh5JJrrYqZvWg8P","9facf099","Some text"
"S9qjoQ@8","1","764c884","Some text"
"Ha0UDw@3","9","d834d153","Some text"
"P1p1aQ@3","9","64edcf7a","Some text"
"S9qjoQ@8","1","34aeb009","Some text"
"Ha0UDw@3","HPCxWi2Qh5JJrrYqZvWg8P","b0bd100c","Some text"
"Ha0UDw@3","888","2f6b52a4","Some text"
"S9qjoQ@8","8_bwCERzSsgRm0NrbHjA9Y","65a4902a","Some text"
"S9qjoQ@8","9","a9d6175e","Some text"
"S9qjoQ@8","1","985ec34e","Some text"
"S9qjoQ@8","888","11a85d24","Some text"
"Ha0UDw@3","888","1a6dd264","Some text"
"S9qjoQ@8","9","f8256fa6","Some text"
"1uEo4w@4","hjVujfI2uQBSa5MC6V7MFF","89bb42e6","Some text"
"S9qjoQ@8","9","e2d56a1","Some text"
"Ha0UDw@3","1","abf2e906","Some text"
"S9qjoQ@8","888","6a035fa8","Some text"
"S9qjoQ@8","1","2d4f00b3","Some text"
"Ha0UDw@3","9","500731d","Some text"
"S9qjoQ@8","8_bwCERzSsgRm0NrbHjA9Y","34d19cd1","Some text"
"Ha0UDw@3","9","380bf383","Some text"
"Ha0UDw@3","888","960c597a","Some text"
"Ha0UDw@3","1","9a64072","Some text"
"Ha0UDw@3","888","53852027","Some text"
"S9qjoQ@8","hjVujfI2uQBSa5MC6V7MFF","6f59aa93","Some text"
"Ha0UDw@3","1","90c27808","Some text"
"1uEo4w@4","1","6b53764b","Some text"
"S9qjoQ@8","888","a62c05f2","Some text"
"S9qjoQ@8","888","2e401be1","Some text"
"Ha0UDw@3","8_bwCERzSsgRm0NrbHjA9Y","f646ef32","Some text"
"Ha0UDw@3","9","34977af3","Some text"
"Ha0UDw@3","1","16581f1d","Some text"
"1uEo4w@4","8_bwCERzSsgRm0NrbHjA9Y","1ba74d13","Some text"
"Ha0UDw@3","888","f5a55458","Some text"
"Ha0UDw@3","9","db2a8492","Some text"
"Ha0UDw@3","9","215139ed","Some text"
"1uEo4w@4","8_bwCERzSsgRm0NrbHjA9Y","c644a0aa","Some text"
"Ha0UDw@3","9","ed07752a","Some text"
"S9qjoQ@8","1","c33b0c89","Some text"
"Ha0UDw@3","1","dd10490","Some text"
"S9qjoQ@8","1","2ec7d75f","Some text"
"S9qjoQ@8","1","7081dca5","Some text"
"P1p1aQ@3","888","b3872e47","Some text"
"Ha0UDw@3","9","53bb6d60","Some text"
"S9qjoQ@8","9","4356c430","Some text"
"S9qjoQ@8","HPCxWi2Qh5JJrrYqZvWg8P","d96b959d","Some text"
"S9qjoQ@8","888","2d2b5b29","Some text"
"S9qjoQ@8","hjVujfI2uQBSa5MC6V7MFF","62cae801","Some text"
"P1p1aQ@3","hjVujfI2uQBSa5MC6V7MFF","99686e95","Some text"
"Ha0UDw@3","9","f8da53cf","Some text"
"S9qjoQ@8","888","15098d2b","Some text"
"Ha0UDw@3","888","6ef90110","Some text"
"S9qjoQ@8","8_bwCERzSsgRm0NrbHjA9Y","bd023794","Some text"
"S9qjoQ@8","HPCxWi2Qh5JJrrYqZvWg8P","18390c33","Some text"
"Ha0UDw@3","1","c12e54b3","Some text"
"S9qjoQ@8","9","491ac504","Some text"
"1uEo4w@4","1","38bd9ed7","Some text"
"S9qjoQ@8","1","e51e731b","Some text"
"S9qjoQ@8","9","af336b1","Some text"
"P1p1aQ@3","888","ec1fc530","Some text"
"S9qjoQ@8","HPCxWi2Qh5JJrrYqZvWg8P","d3fac31","Some text"
"Ha0UDw@3","hjVujfI2uQBSa5MC6V7MFF","4adaa9f2","Some text"
"S9qjoQ@8","1","41ae655f","Some text"
"1uEo4w@4","9","71c5dd9d","Some text"
"S9qjoQ@8","888","e7384a2f","Some text"
"Ha0UDw@3","1","ef0c3c14","Some text"
"Ha0UDw@3","hjVujfI2uQBSa5MC6V7MFF","26d8987b","Some text"
"S9qjoQ@8","9","a5653610","Some text"
"S9qjoQ@8","9","526b8f85","Some text"
"Ha0UDw@3","1","654e032","Some text"
"S9qjoQ@8","1","61a0a8f6","Some text"
"S9qjoQ@8","9","abaf37b0","Some text"
"S9qjoQ@8","888","3f37ceb8","Some text"
"Ha0UDw@3","hjVujfI2uQBSa5MC6V7MFF","35665fa0","Some text"
"Ha0UDw@3","1","1534e5f","Some text"
"S9qjoQ@8","9","10e7aa0b","Some text"
"Ha0UDw@3","1","74dea571","Some text"
"S9qjoQ@8","1","96c74587","Some text"
"Ha0UDw@3","9","586ae1c","Some text"
"S9qjoQ@8","1","efc1159d","Some text"
"Ha0UDw@3","1","a9b079bc","Some text"
"Ha0UDw@3","888","b882e936","Some text"
"S9qjoQ@8","888","e3fbb85e","Some text"
"S9qjoQ@8","888","7cd5e6e7","Some text"
"S9qjoQ@8","8_bwCERzSsgRm0NrbHjA9Y","e09f0af5","Some text"
"Ha0UDw@3","888","a74d8bee","Some text"
"S9qjoQ@8","9","d3a3a0b8","Some text"
"Ha0UDw@3","9","3abdbdb0","Some text"
"S9qjoQ@8","888","33892c27","Some text"
"Ha0UDw@3","888","8dbb2cec","Some text"
"1uEo4w@4","9","6dfcb248","Some text"
"S9qjoQ@8","1","84df52fa","Some text"
"Ha0UDw@3","888","1cc96b39","Some text"
"S9qjoQ@8","888","4c361000","Some text"
"S9qjoQ@8","1","de494479","Some text"
"P1p1aQ@3","9","af25533","Some text"
"S9qjoQ@8","888","bf74ae6","Some text"
"S9qjoQ@8","1","f213a668","Some text"
"Ha0UDw@3","9","27c2bc12","Some text"
"S9qjoQ@8","888","9ac5b24","Some text"
"S9qjoQ@8","9","4f4aef94","Some text"
"P1p1aQ@3","8_bwCERzSsgRm0NrbHjA9Y","af1eaf5e","Some text"
"Ha0UDw@3","1","10f95468","Some text"
"1uEo4w@4","1","2277ba67","Some text"
"S9qjoQ@8","888","100208d1","Some text"
"Ha0UDw@3","hjVujfI2uQBSa5MC6V7MFF","f7cb7b78","Some text"
"1uEo4w@4","9","ed7ecee2","Some text"
"Ha0UDw@3","888","4b27f5b1","Some text"
"S9qjoQ@8","1","bb630340","Some text"
"Ha0UDw@3","888","dd095874","Some text"
"S9qjoQ@8","888","cda86e75","Some text"
"S9qjoQ@8","888","a77e6227","Some text"
"S9qjoQ@8","1","8db60d8f","Some text"
"1uEo4w@4","888","cda083af","Some text"
"1uEo4w@4","hjVujfI2uQBSa5MC6V7MFF","5a52cf5f","Some text"
"S9qjoQ@8","888","87673746","Some text"
"Ha0UDw@3","9","7d08a7af","Some text"
"S9qjoQ@8","9","d79c5fe0","Some text"
"Ha0UDw@3","8_bwCERzSsgRm0NrbHjA9Y","5ab3d798","Some text"
"Ha0UDw@3","888","62375252","Some text"
"S9qjoQ@8","888","3aa33d78","Some text"
"S9qjoQ@8","9","c15a459d","Some text"
"S9qjoQ@8","888","2b557061","Some text"
"Ha0UDw@3","9","33de3620","Some text"
"S9qjoQ@8","HPCxWi2Qh5JJrrYqZvWg8P","e2a4f70e","Some text"
"S9qjoQ@8","9","6910ee43","Some text"
"Ha0UDw@3","888","c214d0e8","Some text"
"Ha0UDw@3","hjVujfI2uQBSa5MC6V7MFF","8d89e013","Some text"
"1uEo4w@4","888","3242321c","Some text"
"S9qjoQ@8","hjVujfI2uQBSa5MC6V7MFF","6a0bf58c","Some text"
"Ha0UDw@3","8_bwCERzSsgRm0NrbHjA9Y","5b191ea4","Some text"
"S9qjoQ@8","8_bwCERzSsgRm0NrbHjA9Y","39b35ee3","Some text"
"S9qjoQ@8","1","1471f6fa","Some text"
"Ha0UDw@3","1","d8670acc","Some text"
"S9qjoQ@8","hjVujfI2uQBSa5MC6V7MFF","d1c229dd","Some text"
"S9qjoQ@8","HPCxWi2Qh5JJrrYqZvWg8P","90813bce","Some text"
"S9qjoQ@8","8_bwCERzSsgRm0NrbHjA9Y","b10ec763","Some text"
"1uEo4w@4","1","e27c9c49","Some text"
"Ha0UDw@3","888","85591f7a","Some text"
"P1p1aQ@3","1","2e6482d9","Some text"
"Ha0UDw@3","9","b55b8cf9","Some text"
"S9qjoQ@8","8_bwCERzSsgRm0NrbHjA9Y","5f325db5","Some text"
"P1p1aQ@3","1","70161bed","Some text"
"Ha0UDw@3","9","78cf4ce2","Some text"
"Ha0UDw@3","888","1528dd9c","Some text"
"Ha0UDw@3","888","df088448","Some text"
"Ha0UDw@3","1","8d7e299b","Some text"
"S9qjoQ@8","HPCxWi2Qh5JJrrYqZvWg8P","f4707cc1","Some text"
"Ha0UDw@3","HPCxWi2Qh5JJrrYqZvWg8P","309dd262","Some text"
"Ha0UDw@3","hjVujfI2uQBSa5MC6V7MFF","4273fe73","Some text"
"S9qjoQ@8","1","12af104f","Some text"
"S9qjoQ@8","1","8441ff37","Some text"
"S9qjoQ@8","888","a57bc221","Some text"
"S9qjoQ@8","1","93b2906c","Some text"
"S9qjoQ@8","8_bwCERzSsgRm0NrbHjA9Y","7e243e17","Some text"
"S9qjoQ@8","1","cee262d1","Some text"
"Ha0UDw@3","hjVujfI2uQBSa5MC6V7MFF","2acd0fb7","Some text"
"S9qjoQ@8","888","3cd42030","Some text"
"S9qjoQ@8","9","c8766c73","Some text"
"P1p1aQ@3","9","56f1182","Some text"
"Ha0UDw@3","1","9ba69574","Some text"
"S9qjoQ@8","1","a52913eb","Some text"
"Ha0UDw@3","1","89545fb0","Some text"
"Ha0UDw@3","9","ed77cc58","Some text"
"Ha0UDw@3","888","47f88c57","Some text"
"S9qjoQ@8","1","9c1ceb55","Some text"
"Ha0UDw@3","9","3579fa3c","Some text"
"S9qjoQ@8","888","c797fbe5","Some text"
"Ha0UDw@3","8_bwCERzSsgRm0NrbHjA9Y","5770a453","Some text"
"S9qjoQ@8","8_bwCERzSsgRm0NrbHjA9Y","4ef86b34","Some text"
"S9qjoQ@8","888","15fb3b8c","Some text"
"S9qjoQ@8","HPCxWi2Qh5JJrrYqZvWg8P","26c8e82b","Some text"
"Ha0UDw@3","1","b340ec39","Some text"
"S9qjoQ@8","1","cce38772","Some text"
"S9qjoQ@8","888","6575938d","Some text"
"S9qjoQ@8","HPCxWi2Qh5JJrrYqZvWg8P","2ff0ee3b","Some text"
"S9qjoQ@8","8_bwCERzSsgRm0NrbHjA9Y","b7c50c2e","Some text"
"Ha0UDw@3","HPCxWi2Qh5JJrrYqZvWg8P","daab5af","Some text"
"S9qjoQ@8","888","97e3c873","Some text"
"P1p1aQ@3","9","7b8e98f7","Some text"
"S9qjoQ@8","1","ad4c05c1","Some text"
"Ha0UDw@3","9","dd92baa6","Some text"
"Ha0UDw@3","HPCxWi2Qh5JJrrYqZvWg8P","cdc9fe08","Some text"
"S9qjoQ@8","9","851e6763","Some text"
"S9qjoQ@8","9","41641993","Some text"
"S9qjoQ@8","HPCxWi2Qh5JJrrYqZvWg8P","e7c863f0","Some text"
"P1p1aQ@3","hjVujfI2uQBSa5MC6V7MFF","c9d4c75c","Some text"
"S9qjoQ@8","hjVujfI2uQBSa5MC6V7MFF","9bcd603f","Some text"
"S9qjoQ@8","9","e9e1b04c","Some text"
"S9qjoQ@8","9","220dc4e9","Some text"
"S9qjoQ@8","1","d0fea41b","Some text"
"S9qjoQ@8","1","9dc5a77a","Some text"
"S9qjoQ@8","9","1215d7fb","Some text"
"S9qjoQ@8","8_bwCERzSsgRm0NrbHjA9Y","7b44cc7d","Some text"
"Ha0UDw@3","888","954c26c6","Some text"
"P1p1aQ@3","hjVujfI2uQBSa5MC6V7MFF","637fbe84","Some text"
"Ha0UDw@3","9","34348b0f","Some text"
"S9qjoQ@8","888","c7cc912d","Some text"
"Ha0UDw@3","8_bwCERzSsgRm0NrbHjA9Y","537517ac","Some text"
"Ha0UDw@3","hjVujfI2uQBSa5MC6V7MFF","62b42fed","Some text"
"P1p1aQ@3","8_bwCERzSsgRm0NrbHjA9Y","6efd8cde","Some text"
"Ha0UDw@3","1","fdf9770a","Some text"
"Ha0UDw@3","HPCxWi2Qh5JJrrYqZvWg8P","f568512a","Some text"
"Ha0UDw@3","1","9fba282","Some text"
"Ha0UDw@3","8_bwCERzSsgRm0NrbHjA9Y","7104178","Some text"
"S9qjoQ@8","hjVujfI2uQBSa5MC6V7MFF","3eb758bd","Some text"
"Ha0UDw@3","1","9e55c65a","Some text"
"S9qjoQ@8","HPCxWi2Qh5JJrrYqZvWg8P","54d127d2","Some text"
"Ha0UDw@3","9","582e223a","Some text"
"P1p1aQ@3","9","be5bfc03","Some text"
"P1p1aQ@3","888","4b5c5ca6","Some text"
"S9qjoQ@8","1","d87a03d0","Some text"
"S9qjoQ@8","9","5e177910","Some text"
"Ha0UDw@3","hjVujfI2uQBSa5MC6V7MFF","fbb1e95c","Some text"
"S9qjoQ@8","888","9a33a04b","Some text"
"S9qjoQ@8","1","f0d39bb5","Some text"
"Ha0UDw@3","1","5973cb69","Some text"
"Ha0UDw@3","9","d199529d","Some text"
"S9qjoQ@8","888","c5331b03","Some text"
"S9qjoQ@8","1","7e6699c2","Some text"
"Ha0UDw@3","9","67fabe60","Some text"
"S9qjoQ@8","HPCxWi2Qh5JJrrYqZvWg8P","65132914","Some text"
"1uEo4w@4","hjVujfI2uQBSa5MC6V7MFF","71f6c940","Some text"
"Ha0UDw@3","888","8d308f7f","Some text"
"Ha0UDw@3","hjVujfI2uQBSa5MC6V7MFF","a86aded6","Some text"
"Ha0UDw@3","1","a260d273","Some text"
"Ha0UDw@3","9","3ce75acb","Some text"
"Ha0UDw@3","888","317d5b72","Some text"
"S9qjoQ@8","1","7e145728","Some text"
"P1p1aQ@3","9","c4b461aa","Some text"
"S9qjoQ@8","1","c70a5cc3","Some text"
"1uEo4w@4","hjVujfI2uQBSa5MC6V7MFF","70a61aa9","Some text"
"Ha0UDw@3","hjVujfI2uQBSa5MC6V7MFF","4490efc3","Some text"
"Ha0UDw@3","9","eb044079","Some text"
"Ha0UDw@3","9","5bb92921","Some text"
"S9qjoQ@8","9","d221de41","Some text"
"Ha0UDw@3","HPCxWi2Qh5JJrrYqZvWg8P","fcece43","Some text"
"Ha0UDw@3","1","a81b1dd8","Some text"
"1uEo4w@4","8_bwCERzSsgRm0NrbHjA9Y","d75387d6","Some text"
"Ha0UDw@3","888","a10a89be","Some text"
"S9qjoQ@8","1","1011c81b","Some text"
"Ha0UDw@3","888","6ae988ce","Some text"
"Ha0UDw@3","1","1646fa0e","Some text"
"Ha0UDw@3","9","d8ba59fb","Some text"
"S9qjoQ@8","hjVujfI2uQBSa5MC6V7MFF","f2023efb","Some text"
"Ha0UDw@3","9","478f2565","Some text"
"S9qjoQ@8","888","64c52655","Some text"
"S9qjoQ@8","1","c91f5eef","Some text"
"Ha0UDw@3","HPCxWi2Qh5JJrrYqZvWg8P","69f784e2","Some text"
"S9qjoQ@8","9","8b731fc3","Some text"
"S9qjoQ@8","888","df240515","Some text"
"Ha0UDw@3","9","a71a137b","Some text"
"Ha0UDw@3","888","ea979f4d","Some text"
"S9qjoQ@8","888","4adbbf00","Some text"
"S9qjoQ@8","1","6fac942c","Some text"
"Ha0UDw@3","9","c4043c3e","Some text"
"Ha0UDw@3","888","388a5172","Some text"
"P1p1aQ@3","hjVujfI2uQBSa5MC6V7MFF","5e33e7ef","Some text"
"P1p1aQ@3","888","9dd1eca2","Some text"
"S9qjoQ@8","hjVujfI2uQBSa5MC6V7MFF","a8a31fc4","Some text"
"S9qjoQ@8","1","8138234","Some text"
"Ha0UDw@3","1","22e4a579","Some text"
"Ha0UDw@3","8_bwCERzSsgRm0NrbHjA9Y","5ed5a970","Some text"
"P1p1aQ@3","888","50691472","Some text"
"S9qjoQ@8","9","80493972","Some text"
"S9qjoQ@8","888","1bb3cf4","Some text"
"S9qjoQ@8","1","eb2925b","Some text"
"S9qjoQ@8","1","94efdce7","Some text"
"S9qjoQ@8","888","21e35528","Some text"
"1uEo4w@4","hjVujfI2uQBSa5MC6V7MFF","e15e1ae8","Some text"
"Ha0UDw@3","1","d13340ea","Some text"
"S9qjoQ@8","1","585b67fb","Some text"
"S9qjoQ@8","888","1cb1237a","Some text"
"P1p1aQ@3","888","c43cca20","Some text"
"S9qjoQ@8","9","c578861","Some text"
"P1p1aQ@3","9","b2be94b","Some text"
"S9qjoQ@8","1","3665732c","Some text"
"1uEo4w@4","1","787031db","Some text"
"S9qjoQ@8","888","29958c39","Some text"
"S9qjoQ@8","888","76111801","Some text"
"Ha0UDw@3","9","23df7b7e","Some text"
"Ha0UDw@3","1","506abc3d","Some text"
"Ha0UDw@3","1","82d62dbd","Some text"
"Ha0UDw@3","8_bwCERzSsgRm0NrbHjA9Y","df8c2f66","Some text"
"S9qjoQ@8","888","365e2ff2","Some text"
"Ha0UDw@3","1","f480f26b","Some text"
"Ha0UDw@3","9","93956f89","Some text"
"Ha0UDw@3","HPCxWi2Qh5JJrrYqZvWg8P","47214a4","Some text"
"Ha0UDw@3","9","bb539b45","Some text"
"S9qjoQ@8","1","a317381d","Some text"
"Ha0UDw@3","888","6f7da764","Some text"
"S9qjoQ@8","888","f6b7d7bc","Some text"
"Ha0UDw@3","8_bwCERzSsgRm0NrbHjA9Y","74e1aa6c","Some text"
"Ha0UDw@3","1","a738057b","Some text"
"Ha0UDw@3","1","dda9455","Some text"
"Ha0UDw@3","9","884ec738","Some text"
"S9qjoQ@8","1","4e8de854","Some text"
"Ha0UDw@3","888","df354141","Some text"
"S9qjoQ@8","9","f183afa5","Some text"
"S9qjoQ@8","888","351dcd52","Some text"
"Ha0UDw@3","9","be5f8d5c","Some text"
"Ha0UDw@3","888","3f3d2ebb","Some text"
"S9qjoQ@8","888","c8e23059","Some text"
"Ha0UDw@3","1","2daf98ac","Some text"
"S9qjoQ@8","888","fd948ff8","Some text"
"P1p1aQ@3","9","c8f2e28d","Some text"
"S9qjoQ@8","888","8dd7af9","Some text"
"S9qjoQ@8","HPCxWi2Qh5JJrrYqZvWg8P","8e99a4d","Some text"
"Ha0UDw@3","8_bwCERzSsgRm0NrbHjA9Y","b116ca30","Some text"
"1uEo4w@4","8_bwCERzSsgRm0NrbHjA9Y","6421eff8","Some text"
"S9qjoQ@8","hjVujfI2uQBSa5MC6V7MFF","ef519869","Some text"
"Ha0UDw@3","1","dbfd226c","Some text"
"P1p1aQ@3","8_bwCERzSsgRm0NrbHjA9Y","b9204438","Some text"
"P1p1aQ@3","9","c64cfcad","Some text"
"S9qjoQ@8","HPCxWi2Qh5JJrrYqZvWg8P","aa24eac7","Some text"
"1uEo4w@4","8_bwCERzSsgRm0NrbHjA9Y","1bf77c98","Some text"
"Ha0UDw@3","hjVujfI2uQBSa5MC6V7MFF","cf4176bf","Some text"
"S9qjoQ@8","hjVujfI2uQBSa5MC6V7MFF","b67b75a8","Some text"
"S9qjoQ@8","1","1a349389","Some text"
"S9qjoQ@8","1","b5077b6c","Some text"
"S9qjoQ@8","9","8ebe73b0","Some text"
"S9qjoQ@8","888","4e3089a3","Some text"
"1uEo4w@4","HPCxWi2Qh5JJrrYqZvWg8P","a2eef052","Some text"
"Ha0UDw@3","8_bwCERzSsgRm0NrbHjA9Y","9f308900","Some text"
"S9qjoQ@8","888","331a89f5","Some text"
"Ha0UDw@3","hjVujfI2uQBSa5MC6V7MFF","2b95a09e","Some text"
"P1p1aQ@3","9","b2698ef4","Some text"
"S9qjoQ@8","9","be654bc6","Some text"
"Ha0UDw@3","9","224094fe","Some text"
"S9qjoQ@8","1","20cf6f01","Some text"
"Ha0UDw@3","888","11930f5a","Some text"
"S9qjoQ@8","1","c268d2b","Some text"
"S9qjoQ@8","9","af850950","Some text"
"S9qjoQ@8","888","d4db002f","Some text"
"S9qjoQ@8","888","ee601740","Some text"
"1uEo4w@4","9","444773b","Some text"
"S9qjoQ@8","1","cbb4901b","Some text"
"P1p1aQ@3","888","699dcb05","Some text"
"Ha0UDw@3","888","2f2d5751","Some text"
"P1p1aQ@3","888","84315345","Some text"
"S9qjoQ@8","888","44689074","Some text"
"S9qjoQ@8","888","fe753ab8","Some text"
"P1p1aQ@3","hjVujfI2uQBSa5MC6V7MFF","8dd79290","Some text"
"P1p1aQ@3","1","abf32236","Some text"
"P1p1aQ@3","hjVujfI2uQBSa5MC6V7MFF","be97102e","Some text"
"Ha0UDw@3","888","250e055c","Some text"
"P1p1aQ@3","HPCxWi2Qh5JJrrYqZvWg8P","49e8aac6","Some text"
"Ha0UDw@3","1","7b0c8f46","Some text"
"S9qjoQ@8","9","bc27d986","Some text"
"Ha0UDw@3","888","32905bd2","Some text"
"S9qjoQ@8","hjVujfI2uQBSa5MC6V7MFF","2d0fc893","Some text"
"S9qjoQ@8","1","89256b8b","Some text"
"Ha0UDw@3","888","9cf85a28","Some text"
"S9qjoQ@8","1","74fcabcc","Some text"
"S9qjoQ@8","888","889038e3","Some text"
"Ha0UDw@3","888","ce633a30","Some text"
"S9qjoQ@8","8_bwCERzSsgRm0NrbHjA9Y","7954bc26","Some text"
"S9qjoQ@8","9","d6fad37b","Some text"
"Ha0UDw@3","9","f604f7de","Some text"
"S9qjoQ@8","888","38a82918","Some text"
"S9qjoQ@8","9","f32575e1","Some text"
"1uEo4w@4","888","d484f2e6","Some text"
"Ha0UDw@3","888","feadb084","Some text"
"S9qjoQ@8","9","15c8494c","Some text"
"Ha0UDw@3","888","58b4b384","Some text"
"S9qjoQ@8","888","8010cd90","Some text"
"S9qjoQ@8","8_bwCERzSsgRm0NrbHjA9Y","50feaf48","Some text"
"Ha0UDw@3","1","87e14c25","Some text"
"Ha0UDw@3","9","10961832","Some text"
"S9qjoQ@8","888","2f882d88","Some text"
"Ha0UDw@3","1","b32b076b","Some text"
"S9qjoQ@8","9","945a700e","Some text"
"Ha0UDw@3","9","fa3d7331","Some text"
"S9qjoQ@8","hjVujfI2uQBSa5MC6V7MFF","44381a79","Some text"
"S9qjoQ@8","1","cf1a7932","Some text"
"Ha0UDw@3","888","5685cef5","Some text"
"Ha0UDw@3","888","2bae53de","Some text"
"1uEo4w@4","888","83486426","Some text"
"S9qjoQ@8","9","c87d1cf7","Some text"
"Ha0UDw@3","1","8cdb619f","Some text"
"S9qjoQ@8","9","95b32e5b","Some text"
"S9qjoQ@8","8_bwCERzSsgRm0NrbHjA9Y","a7cdd687","Some text"
"P1p1aQ@3","888","4d82c88a","Some text"
"S9qjoQ@8","9","c6d0fd15","Some text"
"S9qjoQ@8","1","d83e853e","Some text"
"Ha0UDw@3","9","d173d3bc","Some text"
"Ha0UDw@3","888","a1702d91","Some text"
"Ha0UDw@3","1","53feec7","Some text"
"S9qjoQ@8","9","e679c70a","Some text"
"S9qjoQ@8","9","8371361c","Some text"
"Ha0UDw@3","888","1491d1b9","Some text"
"S9qjoQ@8","9","cd121d0f","Some text"
"P1p1aQ@3","888","91af8e70","Some text"
"S9qjoQ@8","888","a19b7744","Some text"
"S9qjoQ@8","HPCxWi2Qh5JJrrYqZvWg8P","4ef86b34","Some text"
"S9qjoQ@8","9","36e0bcc0","Some text"
"P1p1aQ@3","9","880aa5f3","Some text"
"S9qjoQ@8","1","adbaac2","Some text"
"1uEo4w@4","9","6ce07e94","Some text"
"Ha0UDw@3","hjVujfI2uQBSa5MC6V7MFF","1ceb6448","Some text"
"S9qjoQ@8","1","efbcf4c9","Some text"
"S9qjoQ@8","1","33060914","Some text"
"Ha0UDw@3","1","b3e4990d","Some text"
"S9qjoQ@8","9","341e3001","Some text"
"Ha0UDw@3","888","5432b9a3","Some text"
"S9qjoQ@8","1","e26c88e8","Some text"
"S9qjoQ@8","888","ae0652eb","Some text"
"S9qjoQ@8","HPCxWi2Qh5JJrrYqZvWg8P","bbeb9656","Some text"
"S9qjoQ@8","1","c00eb3b2","Some text"
"1uEo4w@4","9","5812c743","Some text"
"Ha0UDw@3","1","d03f32b6","Some text"
"S9qjoQ@8","1","cdf6504e","Some text"
"Ha0UDw@3","9","de482b42","Some text"
"S9qjoQ@8","9","3c9eb13b","Some text"
"S9qjoQ@8","1","7886f9a0","Some text"
"Ha0UDw@3","1","6083413f","Some text"
"Ha0UDw@3","9","190cb8b","Some text"
"Ha0UDw@3","1","bc500639","Some text"
"S9qjoQ@8","1","b3b208a3","Some text"
"Ha0UDw@3","HPCxWi2Qh5JJrrYqZvWg8P","86fe13e2","Some text"
"Ha0UDw@3","9","e592432f","Some text"
"P1p1aQ@3","888","a6ee338d","Some text"
"S9qjoQ@8","1","da5cbb6a","Some text"
"S9qjoQ@8","888","34dd978","Some text"
"S9qjoQ@8","9","4858e11d","Some text"
"Ha0UDw@3","1","d45be556","Some text"
"Ha0UDw@3","hjVujfI2uQBSa5MC6V7MFF","fbe1d54d","Some text"
"S9qjoQ@8","888","e2b787c1","Some text"
"S9qjoQ@8","888","f5610aca","Some text"
"P1p1aQ@3","1","ab3cb09","Some text"
"S9qjoQ@8","HPCxWi2Qh5JJrrYqZvWg8P","32b8c587","Some text"
"Ha0UDw@3","1","b3017012","Some text"
"Ha0UDw@3","888","fd9b8e07","Some text"
"Ha0UDw@3","888","d5e1d9df","Some text"
"Ha0UDw@3","888","7db8ce5","Some text"
"P1p1aQ@3","hjVujfI2uQBSa5MC6V7MFF","cb768d5e","Some text"
"S9qjoQ@8","9","3a9650cd","Some text"
"Ha0UDw@3","9","5752b329","Some text"
"S9qjoQ@8","9","6a54dd","Some text"
"P1p1aQ@3","888","8096637d","Some text"
"S9qjoQ@8","9","885a470d","Some text"
"S9qjoQ@8","888","f3ddacef","Some text"
"S9qjoQ@8","888","504c5f33","Some text"
"S9qjoQ@8","9","8b2c752c","Some text"
"Ha0UDw@3","888","521c9f20","Some text"
"Ha0UDw@3","8_bwCERzSsgRm0NrbHjA9Y","f01fa95e","Some text"
"S9qjoQ@8","888","737c4c4","Some text"
"S9qjoQ@8","888","d0c33982","Some text"
"Ha0UDw@3","hjVujfI2uQBSa5MC6V7MFF","29c5cb95","Some text"
"Ha0UDw@3","HPCxWi2Qh5JJrrYqZvWg8P","1a95bf1","Some text"
"S9qjoQ@8","1","c8cd7de2","Some text"
"Ha0UDw@3","9","25581a11","Some text"
"Ha0UDw@3","9","4c870694","Some text"
"Ha0UDw@3","hjVujfI2uQBSa5MC6V7MFF","ff6890d0","Some text"
"Ha0UDw@3","9","d85eda56","Some text"
"S9qjoQ@8","8_bwCERzSsgRm0NrbHjA9Y","e8480890","Some text"
"Ha0UDw@3","888","c3140d2","Some text"
"Ha0UDw@3","9","5838a9bc","Some text"
"1uEo4w@4","8_bwCERzSsgRm0NrbHjA9Y","b1fcfedc","Some text"
"S9qjoQ@8","888","aca369f","Some text"
"S9qjoQ@8","888","1296b6ed","Some text"
"P1p1aQ@3","9","61d553a0","Some text"
"1uEo4w@4","1","63a6a3bc","Some text"
"Ha0UDw@3","hjVujfI2uQBSa5MC6V7MFF","f777b65f","Some text"
"Ha0UDw@3","hjVujfI2uQBSa5MC6V7MFF","a538286c","Some text"
"S9qjoQ@8","HPCxWi2Qh5JJrrYqZvWg8P","89362f2e","Some text"
"1uEo4w@4","9","c539c146","Some text"
"S9qjoQ@8","1","6b53d81a","Some text"
"S9qjoQ@8","9","232d3e5c","Some text"
"Ha0UDw@3","HPCxWi2Qh5JJrrYqZvWg8P","1a3468c3","Some text"
"S9qjoQ@8","HPCxWi2Qh5JJrrYqZvWg8P","c77b7fcc","Some text"
"S9qjoQ@8","888","31889cb0","Some text"
"P1p1aQ@3","8_bwCERzSsgRm0NrbHjA9Y","ff55c254","Some text"
"S9qjoQ@8","8_bwCERzSsgRm0NrbHjA9Y","8108960f","Some text"
"Ha0UDw@3","1","b7027470","Some text"
"Ha0UDw@3","888","a63a7813","Some text"
"S9qjoQ@8","1","8d18dad9","Some text"
"Ha0UDw@3","888","7cdb90a6","Some text"
"S9qjoQ@8","HPCxWi2Qh5JJrrYqZvWg8P","e1915da8","Some text"
"Ha0UDw@3","HPCxWi2Qh5JJrrYqZvWg8P","e24ee5ec","Some text"
"Ha0UDw@3","888","fe66b32e","Some text"
"1uEo4w@4","1","cbda7139","Some text"
"Ha0UDw@3","1","24a4b2f3","Some text"
"Ha0UDw@3","888","e72b1bd0","Some text"
"S9qjoQ@8","hjVujfI2uQBSa5MC6V7MFF","462a5eed","Some text"
"S9qjoQ@8","888","bc43e844","Some text"
"P1p1aQ@3","9","fe57cc9d","Some text"
"Ha0UDw@3","9","d8f8629c","Some text"
"S9qjoQ@8","1","1b8c6036","Some text"
"Ha0UDw@3","888","c6db1c1b","Some text"
"S9qjoQ@8","9","79e84ee5","Some text"
"P1p1aQ@3","HPCxWi2Qh5JJrrYqZvWg8P","3c81b1f","Some text"
"P1p1aQ@3","HPCxWi2Qh5JJrrYqZvWg8P","485b6762","Some text"
"Ha0UDw@3","1","c6b9197f","Some text"
"S9qjoQ@8","888","f148510f","Some text"
"Ha0UDw@3","9","5063efe2","Some text"
"S9qjoQ@8","9","7813331d","Some text"
"S9qjoQ@8","1","cba25af","Some text"
"S9qjoQ@8","9","708236d6","Some text"
"Ha0UDw@3","888","3705ea8a","Some text"
"S9qjoQ@8","1","5473bd22","Some text"
"Ha0UDw@3","1","372ffd97","Some text"
"S9qjoQ@8","888","26986687","Some text"
"S9qjoQ@8","888","1304c557","Some text"
"1uEo4w@4","888","8a07d874","Some text"
"Ha0UDw@3","1","8b0223af","Some text"
"Ha0UDw@3","888","9d52c143","Some text"
"S9qjoQ@8","888","90397fd9","Some text"
"S9qjoQ@8","1","887523cb","Some text"
"Ha0UDw@3","1","12f7a8dc","Some text"
"P1p1aQ@3","hjVujfI2uQBSa5MC6V7MFF","992e0668","Some text"
"S9qjoQ@8","888","f4314fcc","Some text"
"P1p1aQ@3","1","30eb1216","Some text"
"S9qjoQ@8","9","3bcb3316","Some text"
"S9qjoQ@8","1","7581a082","Some text"
"S9qjoQ@8","888","dea21c7b","Some text"
"Ha0UDw@3","hjVujfI2uQBSa5MC6V7MFF","441d1a32","Some text"
"1uEo4w@4","888","c76b017","Some text"
"S9qjoQ@8","8_bwCERzSsgRm0NrbHjA9Y","4666440f","Some text"
"Ha0UDw@3","9","2ac0c81c","Some text"
"S9qjoQ@8","9","3434caea","Some text"
"S9qjoQ@8","9","876f073d","Some text"
"Ha0UDw@3","HPCxWi2Qh5JJrrYqZvWg8P","1ae51b2c","Some text"
"S9qjoQ@8","1","e5f75126","Some text"
"Ha0UDw@3","hjVujfI2uQBSa5MC6V7MFF","2b31522f","Some text"
"Ha0UDw@3","888","4c812471","Some text"
"1uEo4w@4","HPCxWi2Qh5JJrrYqZvWg8P","aaf309e1","Some text"
"Ha0UDw@3","1","9f8f87b0","Some text"
"S9qjoQ@8","1","e2de509c","Some text"
"S9qjoQ@8","HPCxWi2Qh5JJrrYqZvWg8P","337be80e","Some text"
"S9qjoQ@8","hjVujfI2uQBSa5MC6V7MFF","e5338baf","Some text"
"S9qjoQ@8","hjVujfI2uQBSa5MC6V7MFF","88654fb6","Some text"
"S9qjoQ@8","1","10212b1","Some text"
"S9qjoQ@8","8_bwCERzSsgRm0NrbHjA9Y","f1cf9812","Some text"
"S9qjoQ@8","1","4791fdd","Some text"
"S9qjoQ@8","hjVujfI2uQBSa5MC6V7MFF","b62a3c3a","Some text"
"Ha0UDw@3","1","4285ab8e","Some text"
"S9qjoQ@8","9","92c0e1dc","Some text"
"S9qjoQ@8","8_bwCERzSsgRm0NrbHjA9Y","ab946304","Some text"
"P1p1aQ@3","888","472bc855","Some text"
"S9qjoQ@8","8_bwCERzSsgRm0NrbHjA9Y","d77bc559","Some text"
"S9qjoQ@8","HPCxWi2Qh5JJrrYqZvWg8P","3a626141","Some text"
"Ha0UDw@3","9","92caaae3","Some text"
"Ha0UDw@3","888","50aabc2","Some text"
"S9qjoQ@8","hjVujfI2uQBSa5MC6V7MFF","71864c4d","Some text"
"Ha0UDw@3","9","7ed68802","Some text"
"S9qjoQ@8","1","1052bd7d","Some text"
"S9qjoQ@8","1","779f13fd","Some text"
"P1p1aQ@3","1","e2505ca1","Some text"
"S9qjoQ@8","9","ec7b5f82","Some text"
"Ha0UDw@3","1","f00304d8","Some text"
"S9qjoQ@8","888","3a8defef","Some text"
"S9qjoQ@8","1","368e74ab","Some text"
"1uEo4w@4","1","d712d868","Some text"
"Ha0UDw@3","888","750b5f1c","Some text"
"S9qjoQ@8","888","ca20c629","Some text"
"S9qjoQ@8","888","bb8cee3f","Some text"
"Ha0UDw@3","9","10f569d","Some text"
"S9qjoQ@8","888","8aa59533","Some text"
"Ha0UDw@3","8_bwCERzSsgRm0NrbHjA9Y","45ca2d9d","Some text"
"S9qjoQ@8","1","cdac4737","Some text"
"Ha0UDw@3","1","eccb2d71","Some text"
"S9qjoQ@8","888","7cc71e2","Some text"
"S9qjoQ@8","888","2a23c0ab","Some text"
"Ha0UDw@3","hjVujfI2uQBSa5MC6V7MFF","93be905b","Some text"
"S9qjoQ@8","hjVujfI2uQBSa5MC6V7MFF","50703f4c","Some text"
"P1p1aQ@3","888","f9b9727d","Some text"
"Ha0UDw@3","hjVujfI2uQBSa5MC6V7MFF","3cc34225","Some text"
"Ha0UDw@3","888","74ec511c","Some text"
"Ha0UDw@3","8_bwCERzSsgRm0NrbHjA9Y","bf166fac","Some text"
"S9qjoQ@8","888","ed125872","Some text"
"S9qjoQ@8","8_bwCERzSsgRm0NrbHjA9Y","dc340ff7","Some text"
"S9qjoQ@8","hjVujfI2uQBSa5MC6V7MFF","d5aa39cb","Some text"
"Ha0UDw@3","888","2dabfe33","Some text"
"S9qjoQ@8","888","bd09f982","Some text"
"S9qjoQ@8","8_bwCERzSsgRm0NrbHjA9Y","9f8a42","Some text"
"S9qjoQ@8","1","529ed3be","Some text"
"S9qjoQ@8","8_bwCERzSsgRm0NrbHjA9Y","8b672eeb","Some text"
"S9qjoQ@8","888","3d582a9a","Some text"
"Ha0UDw@3","1","b73c38d9","Some text"
"Ha0UDw@3","8_bwCERzSsgRm0NrbHjA9Y","96f14764","Some text"
"P1p1aQ@3","8_bwCERzSsgRm0NrbHjA9Y","d88c70de","Some text"
"P1p1aQ@3","HPCxWi2Qh5JJrrYqZvWg8P","5dd940f8","Some text"
"Ha0UDw@3","888","ce343fed","Some text"
"1uEo4w@4","hjVujfI2uQBSa5MC6V7MFF","2594053a","Some text"
"Ha0UDw@3","HPCxWi2Qh5JJrrYqZvWg8P","96d1e38c","Some text"
"S9qjoQ@8","1","7d15cb83","Some text"
"Ha0UDw@3","hjVujfI2uQBSa5MC6V7MFF","420b159","Some text"
"S9qjoQ@8","hjVujfI2uQBSa5MC6V7MFF","87c0e5ed","Some text"
"S9qjoQ@8","9","f3d1cd1c","Some text"
"S9qjoQ@8","1","6b9408c6","Some text"
"S9qjoQ@8","hjVujfI2uQBSa5MC6V7MFF","b8ced061","Some text"
"Ha0UDw@3","9","3fcf0ffa","Some text"
"Ha0UDw@3","9","b9670de0","Some text"
"S9qjoQ@8","8_bwCERzSsgRm0NrbHjA9Y","5996381f","Some text"
"Ha0UDw@3","888","e3f0e8d1","Some text"
"S9qjoQ@8","888","5192e8bd","Some text"
"S9qjoQ@8","9","ebe5e7f4","Some text"
"Ha0UDw@3","hjVujfI2uQBSa5MC6V7MFF","126d1363","Some text"
"S9qjoQ@8","8_bwCERzSsgRm0NrbHjA9Y","2f8f27d4","Some text"
"S9qjoQ@8","888","c7dce1aa","Some text"
"Ha0UDw@3","9","250ea09f","Some text"
"Ha0UDw@3","888","bf6e6279","Some text"
"S9qjoQ@8","8_bwCERzSsgRm0NrbHjA9Y","3d70d81","Some text"
"P1p1aQ@3","1","ae72bc30","Some text"
"1uEo4w@4","888","c31ae6a3","Some text"
"1uEo4w@4","9","50feaf48","Some text"
"Ha0UDw@3","888","c536ca95","Some text"
"S9qjoQ@8","8_bwCERzSsgRm0NrbHjA9Y","5c6523e6","Some text"
"Ha0UDw@3","8_bwCERzSsgRm0NrbHjA9Y","9da24b15","Some text"
"1uEo4w@4","1","17152487","Some text"
"S9qjoQ@8","9","cc5d8f85","Some text"
"Ha0UDw@3","888","7593f81b","Some text"
"1uEo4w@4","888","65297045","Some text"
"S9qjoQ@8","888","311e6fbb","Some text"
"S9qjoQ@8","9","54d127d2","Some text"
"S9qjoQ@8","HPCxWi2Qh5JJrrYqZvWg8P","f1ba9bd5","Some text"
"Ha0UDw@3","8_bwCERzSsgRm0NrbHjA9Y","1b6d81b6","Some text"
"S9qjoQ@8","HPCxWi2Qh5JJrrYqZvWg8P","6b22ec76","Some text"
"S9qjoQ@8","1","b7342e15","Some text"
"S9qjoQ@8","1","84d4767d","Some text"
"Ha0UDw@3","9","a26a58da","Some text"
"Ha0UDw@3","HPCxWi2Qh5JJrrYqZvWg8P","c35c9f05","Some text"
"S9qjoQ@8","888","a8803b35","Some text"
"S9qjoQ@8","1","d13a74af","Some text"
"Ha0UDw@3","9","455549f5","Some text"
"S9qjoQ@8","888","5dd940f8","Some text"
"S9qjoQ@8","9","2aaa57d6","Some text"
"S9qjoQ@8","9","29edb254","Some text"
"P1p1aQ@3","1","a4d9c141","Some text"
"Ha0UDw@3","888","4dc851ab","Some text"
"S9qjoQ@8","1","d0ac2f69","Some text"
"Ha0UDw@3","8_bwCERzSsgRm0NrbHjA9Y","7f4a3e68","Some text"
"S9qjoQ@8","9","b001f8ec","Some text"
"Ha0UDw@3","888","fbda9a77","Some text"
"S9qjoQ@8","1","b3cd36b3","Some text"
"S9qjoQ@8","9","daf1d76a","Some text"
"Ha0UDw@3","8_bwCERzSsgRm0NrbHjA9Y","56e67c35","Some text"
"Ha0UDw@3","1","a5f31b4a","Some text"
"Ha0UDw@3","888","d77bc559","Some text"
"Ha0UDw@3","hjVujfI2uQBSa5MC6V7MFF","e0c3eb1f","Some text"
"S9qjoQ@8","9","b29c0aca","Some text"
"P1p1aQ@3","888","f37d485d","Some text"
"1uEo4w@4","1","634dc7b7","Some text"
"Ha0UDw@3","1","166e4fac","Some text"
"S9qjoQ@8","888","a97162f7","Some text"
"Ha0UDw@3","hjVujfI2uQBSa5MC6V7MFF","44e9319b","Some text"
"S9qjoQ@8","1","15fee271","Some text"
"1uEo4w@4","9","37ea5f67","Some text"
"Ha0UDw@3","888","331b7d2f","Some text"
"1uEo4w@4","1","5b3bc403","Some text"
"Ha0UDw@3","9","f3c42e3d","Some text"
"1uEo4w@4","1","4dc851ab","Some text"
"P1p1aQ@3","888","1235ddfc","Some text"
"S9qjoQ@8","8_bwCERzSsgRm0NrbHjA9Y","d4355dc0","Some text"
"S9qjoQ@8","1","a1156a4","Some text"
"Ha0UDw@3","888","20e1275f","Some text"
"S9qjoQ@8","1","f5adb875","Some text"
"Ha0UDw@3","9","e8cb8c1","Some text"
"Ha0UDw@3","888","b74bd0c","Some text"
"Ha0UDw@3","8_bwCERzSsgRm0NrbHjA9Y","88c5e385","Some text"
"S9qjoQ@8","9","4a0fdcc6","Some text"
"P1p1aQ@3","9","584f3f94","Some text"
"S9qjoQ@8","8_bwCERzSsgRm0NrbHjA9Y","50a4387a","Some text"
"S9qjoQ@8","8_bwCERzSsgRm0NrbHjA9Y","6f9f953f","Some text"
"Ha0UDw@3","1","27f241cc","Some text"
"S9qjoQ@8","hjVujfI2uQBSa5MC6V7MFF","3298d557","Some text"
"S9qjoQ@8","1","35c23737","Some text"
"Ha0UDw@3","888","75c18efc","Some text"
"Ha0UDw@3","1","ce33c698","Some text"
"Ha0UDw@3","1","8df8dfa6","Some text"
"Ha0UDw@3","HPCxWi2Qh5JJrrYqZvWg8P","48914d2b","Some text"
"Ha0UDw@3","888","b81b8e49","Some text"
"Ha0UDw@3","1","675d6b08","Some text"
"S9qjoQ@8","8_bwCERzSsgRm0NrbHjA9Y","b3aad0e7","Some text"
"S9qjoQ@8","HPCxWi2Qh5JJrrYqZvWg8P","967aa324","Some text"
"S9qjoQ@8","hjVujfI2uQBSa5MC6V7MFF","4b445dc7","Some text"
"S9qjoQ@8","1","802c5424","Some text"
"S9qjoQ@8","8_bwCERzSsgRm0NrbHjA9Y","ef89869d","Some text"
"S9qjoQ@8","1","c2154efc","Some text"
"P1p1aQ@3","1","e4f9a129","Some text"
"S9qjoQ@8","9","62e87c60","Some text"
"S9qjoQ@8","8_bwCERzSsgRm0NrbHjA9Y","e1955622","Some text"
"S9qjoQ@8","hjVujfI2uQBSa5MC6V7MFF","f605c4a8","Some text"
"Ha0UDw@3","hjVujfI2uQBSa5MC6V7MFF","51325214","Some text"
"Ha0UDw@3","9","e5ff7cde","Some text"
"Ha0UDw@3","8_bwCERzSsgRm0NrbHjA9Y","a4db4f2c","Some text"
"1uEo4w@4","8_bwCERzSsgRm0NrbHjA9Y","2a8dff19","Some text"
"1uEo4w@4","1","59856eb7","Some text"
"1uEo4w@4","8_bwCERzSsgRm0NrbHjA9Y","f5e4b02","Some text"
"S9qjoQ@8","888","b15c1773","Some text"
"Ha0UDw@3","888","bfe4c22f","Some text"
"S9qjoQ@8","HPCxWi2Qh5JJrrYqZvWg8P","ff3ce491","Some text"
"S9qjoQ@8","8_bwCERzSsgRm0NrbHjA9Y","8e24cdf2","Some text"
"S9qjoQ@8","9","88b9818a","Some text"
"S9qjoQ@8","1","765a5a5b","Some text"
"S9qjoQ@8","9","19c159e7","Some text"
"1uEo4w@4","1","49ef5535","Some text"
"S9qjoQ@8","9","a538ce05","Some text"
"Ha0UDw@3","888","3ae8e979","Some text"
"P1p1aQ@3","888","ea5ddf46","Some text"
"S9qjoQ@8","8_bwCERzSsgRm0NrbHjA9Y","148752ff","Some text"
"S9qjoQ@8","8_bwCERzSsgRm0NrbHjA9Y","5ba1cc80","Some text"
"S9qjoQ@8","9","c349d67","Some text"
"S9qjoQ@8","9","364bbde2","Some text"
"1uEo4w@4","9","146a78a1","Some text"
"Ha0UDw@3","hjVujfI2uQBSa5MC6V7MFF","14cf5961","Some text"
"Ha0UDw@3","888","85d76dcf","Some text"
"Ha0UDw@3","9","1f60193c","Some text"
"Ha0UDw@3","888","c14fb6ba","Some text"
"1uEo4w@4","hjVujfI2uQBSa5MC6V7MFF","3f1bb005","Some text"
"Ha0UDw@3","888","ecfa456b","Some text"
"S9qjoQ@8","888","dce4f71f","Some text"
"Ha0UDw@3","1","7bc7bd7e","Some text"
"Ha0UDw@3","888","d18f3682","Some text"
"S9qjoQ@8","888","bfa87a","Some text"
"S9qjoQ@8","888","8544839d","Some text"
"Ha0UDw@3","hjVujfI2uQBSa5MC6V7MFF","6ab83060","Some text"
"S9qjoQ@8","1","66ec8c6","Some text"
"Ha0UDw@3","888","15a518fe","Some text"
"Ha0UDw@3","9","7c8c8c40","Some text"
"P1p1aQ@3","1","be6d5fd4","Some text"
"Ha0UDw@3","888","8fe139b2","Some text"
"S9qjoQ@8","1","3d2c618","Some text"
"S9qjoQ@8","1","77b82b01","Some text"
"S9qjoQ@8","HPCxWi2Qh5JJrrYqZvWg8P","30f89421","Some text"
"Ha0UDw@3","hjVujfI2uQBSa5MC6V7MFF","3a733a0c","Some text"
"S9qjoQ@8","888","40f9bcb","Some text"
"S9qjoQ@8","888","b2fdb556","Some text"
"S9qjoQ@8","9","5d7e5786","Some text"
"P1p1aQ@3","888","b29c4904","Some text"
"1uEo4w@4","1","bdf56dc6","Some text"
"S9qjoQ@8","hjVujfI2uQBSa5MC6V7MFF","3360be4a","Some text"
"Ha0UDw@3","9","f5d9e11a","Some text"
"Ha0UDw@3","9","627a0322","Some text"
"S9qjoQ@8","1","d63cd0dc","Some text"
"Ha0UDw@3","888","e818bafe","Some text"
"Ha0UDw@3","HPCxWi2Qh5JJrrYqZvWg8P","c8297f6e","Some text"
"S9qjoQ@8","888","3d97e687","Some text"
"S9qjoQ@8","9","677a23be","Some text"
"S9qjoQ@8","8_bwCERzSsgRm0NrbHjA9Y","396818be","Some text"
"P1p1aQ@3","1","dedad0b0","Some text"
"S9qjoQ@8","8_bwCERzSsgRm0NrbHjA9Y","9dbbd68a","Some text"
"Ha0UDw@3","888","200f8594","Some text"
"S9qjoQ@8","888","1f0e2982","Some text"
"S9qjoQ@8","9","4ec90275","Some text"
"S9qjoQ@8","888","2742b365","Some text"
"S9qjoQ@8","9","e024045e","Some text"
"S9qjoQ@8","888","ebcf6fc2","Some text"
"S9qjoQ@8","HPCxWi2Qh5JJrrYqZvWg8P","a07be4c9","Some text"
"S9qjoQ@8","9","1f3b1640","Some text"
"1uEo4w@4","888","67a7c638","Some text"
