"peer_skip_id","peer_submission_id","jhu_user_id","peer_skip_created_ts","peer_skip_type","peer_skip_text"
"c8e5e882","2c0e349a","ae568fb9","2016-03-05 17:19:55","plagiarism","Some text"
"34c420dd","be358d8f","c3d343a","2016-08-08 01:09:52","plagiarism","Some text"
"fce2eb4e","e2c0d044","a1cad83a","2017-02-26 06:23:40","plagiarism","Some text"
"efaaf14e","d60d0fb1","4008c182","2017-09-17 15:15:02","incompleteSubmission","Some text"
"bcfeca56","91e0a557","6c05fcf6","2017-06-30 10:23:28","incompleteSubmission","Some text"
"56bc0397","52976849","62701904","2017-04-10 03:04:46","incompleteSubmission","Some text"
"8a877193","611f2e70","ab59a88c","2016-10-11 19:58:54","plagiarism","Some text"
"af9da200","e05c6f62","30b4950a","2017-05-02 14:52:55","plagiarism","Some text"
"a7dff689","5edfb374","f080f13f","2016-03-14 01:14:35","plagiarism","Some text"
"971f390","70d851f7","83e3573a","2017-05-14 12:42:01","incompleteSubmission","Some text"
"154f0c05","24599d87","f04731fd","2016-05-13 13:27:30","other","Some text"
"fcf94194","81210733","31c67de3","2017-03-26 14:45:06","plagiarism","Some text"
"89ca572a","1cedae6","6c05fcf6","2017-02-07 03:43:36","incompleteSubmission","Some text"
"ec6ec090","1d085d42","124603fe","2016-10-16 12:38:13","incompleteSubmission","Some text"
"87815562","7cbfa592","8fa4a1a2","2017-01-06 19:17:32","plagiarism","Some text"
"3cd16663","a3ace847","31c67de3","2016-10-16 01:51:23","incompleteSubmission","Some text"
"e1c8712e","5fa96913","6c05fcf6","2017-05-02 14:51:58","incompleteSubmission","Some text"
"bb40a93c","4837e369","d178894e","2016-01-28 03:35:35","incompleteSubmission","Some text"
"7a4b886a","475ac9a8","2f8b007a","2016-02-15 20:57:58","incompleteSubmission","Some text"
"86e549ff","d19edcfd","53e7d6fa","2016-09-26 17:57:14","other","Some text"
"dbaebd6f","707e6a70","20495995","2017-04-14 20:29:29","incompleteSubmission","Some text"
"13bc7766","ba1c73b0","39677c1d","2016-09-04 06:48:41","plagiarism","Some text"
"68f1c03c","8a61588f","2e02d43","2017-05-16 02:16:43","incompleteSubmission","Some text"
"5fbf017c","1dd6c282","f080f13f","2016-03-12 13:14:48","plagiarism","Some text"
"e3998ed8","4a084eba","6fe4c13","2017-08-10 23:41:28","incompleteSubmission","Some text"
"f1e69c37","54fe62a9","f080f13f","2017-01-04 06:38:55","plagiarism","Some text"
"1a20a9b0","a8227abd","a0e6cecd","2017-05-02 14:55:05","incompleteSubmission","Some text"
"8db7f3e4","1662a1c1","a6c4776b","2016-05-02 06:42:15","other","Some text"
"bd564a32","ca9d6e21","c9033dca","2017-01-19 18:51:12","incompleteSubmission","Some text"
"8833bbd1","97120912","fc69d8b3","2016-08-22 22:47:10","plagiarism","Some text"
"f0c03c34","33526e14","45e9d40","2017-01-04 08:49:28","other","Some text"
"8f1634ee","52aff30b","e5bc07fd","2016-04-13 11:39:39","other","Some text"
"2d411758","ed58a9b4","61530247","2016-02-15 20:56:43","plagiarism","Some text"
"7d651d5a","e2c891a6","a2f72273","2016-01-25 21:53:51","incompleteSubmission","Some text"
"bbc018c1","39976843","e2e57368","2017-04-19 07:52:29","inappropriateContent","Some text"
"2f85a5ca","d40ef08d","f7330002","2016-12-23 19:24:41","plagiarism","Some text"
"31aff13f","6cf8d261","13cf7e14","2017-01-03 13:57:41","plagiarism","Some text"
"5ef45ece","22afd350","f080f13f","2016-04-03 20:19:39","incompleteSubmission","Some text"
"629f06d6","db1dc6b1","13cf7e14","2016-05-24 07:09:50","incompleteSubmission","Some text"
"c5a4a96f","bb92c743","82ba166b","2016-10-29 17:23:36","incompleteSubmission","Some text"
"a5e8753b","47d83c65","ad5214e6","2017-07-11 19:15:17","incompleteSubmission","Some text"
"7fbca4d0","57a7c7c3","8f1d0ec7","2017-09-04 04:14:50","plagiarism","Some text"
"6807c451","99811bf2","82ba166b","2016-09-04 06:37:44","other","Some text"
"67ea12ce","d5900f3c","c7598d25","2016-02-04 12:52:06","incompleteSubmission","Some text"
"8e645e92","15c5e5c2","d328a54e","2017-03-09 12:25:11","incompleteSubmission","Some text"
"dd4605fb","cc05af6a","5efcf706","2016-08-28 17:40:32","incompleteSubmission","Some text"
"e357e30d","f34ca013","fa2ea0f8","2016-02-18 11:04:54","incompleteSubmission","Some text"
"54f1777e","695d8901","20647f94","2016-03-01 12:02:58","incompleteSubmission","Some text"
"a3fcb2ac","fd2d1f48","405224a5","2016-03-25 18:52:28","other","Some text"
"18b932b6","aa8e4ca6","6b4ad411","2016-04-08 18:55:09","incompleteSubmission","Some text"
"b125ec99","5b55ab82","d740f798","2017-06-20 01:17:28","plagiarism","Some text"
"2fcdea4","508e60aa","55e1a790","2016-10-28 16:15:19","incompleteSubmission","Some text"
"ccbac433","c208418d","c25ae153","2016-07-20 10:50:07","incompleteSubmission","Some text"
"321f82b3","1859c013","8fa4a1a2","2017-07-18 16:06:05","incompleteSubmission","Some text"
"db5c2e6b","612cc3e9","356c42f7","2016-05-13 13:19:49","incompleteSubmission","Some text"
"d899c1d6","e2a064fc","48d319ee","2016-09-21 13:12:35","plagiarism","Some text"
"4840d92d","6aff6923","10f0541","2016-05-13 13:29:34","other","Some text"
"ff2c459e","f2427df6","85906bc0","2016-05-09 10:13:24","incompleteSubmission","Some text"
"db7bc240","635b4e72","a2f72273","2017-09-25 04:47:21","plagiarism","Some text"
"4fdc25ca","69f5469c","8f1d0ec7","2017-06-15 18:03:36","plagiarism","Some text"
"1f3694b0","3b10052f","301962af","2016-10-25 16:12:00","plagiarism","Some text"
"a4b75b01","513e9bbf","9db4beaa","2016-05-28 22:06:47","incompleteSubmission","Some text"
"bad56a0c","f70c0f19","31222e2","2016-09-04 07:11:50","plagiarism","Some text"
"d6ae87d0","d3574375","6d7ef434","2016-08-22 22:49:46","plagiarism","Some text"
"27664dea","70ac3fcd","a2f72273","2017-01-16 17:06:13","plagiarism","Some text"
"ad851e01","1cbd41d7","bee351d8","2016-06-24 23:10:22","incompleteSubmission","Some text"
"26f22f82","5f6ae0cd","d1da040f","2017-03-22 03:37:25","incompleteSubmission","Some text"
"2f5de056","e50f7ee1","30b4950a","2017-01-30 23:02:55","incompleteSubmission","Some text"
"96d5dfc9","1ad60bb9","5a934abb","2017-07-18 16:03:36","incompleteSubmission","Some text"
"143445b4","59e6ae9","2d14bab4","2016-03-27 10:10:48","plagiarism","Some text"
"8b96cf2f","e1458e81","a915e3f3","2016-06-14 17:39:39","plagiarism","Some text"
"98102242","f1478843","936819f1","2016-10-12 21:51:40","incompleteSubmission","Some text"
"2f2012a4","b9f7e08b","4de0e477","2016-12-25 06:19:01","incompleteSubmission","Some text"
"8a7d9f2d","79ca0548","ecead75f","2017-01-02 20:51:05","plagiarism","Some text"
"e3b477a3","73ef0a49","8f1d0ec7","2017-06-23 17:22:24","incompleteSubmission","Some text"
"a650af25","8e3d4997","2e605bb4","2017-04-23 22:02:35","incompleteSubmission","Some text"
"a51b6cc3","da8098c1","e40dbb1d","2016-04-27 19:19:17","incompleteSubmission","Some text"
"d8839f7f","439146fd","f4efee1c","2016-02-04 15:19:26","incompleteSubmission","Some text"
"a88c9b17","a238fd77","91d6938c","2016-12-30 18:35:42","incompleteSubmission","Some text"
"f13cbcbb","a5e06223","8d65623","2017-04-05 22:43:30","plagiarism","Some text"
"781b6207","f2cef46c","a2f72273","2016-07-20 04:02:08","incompleteSubmission","Some text"
"79b79936","ed40d6f7","38fbb8d4","2017-01-17 13:18:42","plagiarism","Some text"
"21113571","e4c9e3e1","cc1d72d5","2016-04-04 05:03:55","incompleteSubmission","Some text"
"6f11997e","6e605a47","20647f94","2016-04-12 12:08:00","plagiarism","Some text"
"e0ad4bac","ff82ab01","48d319ee","2016-09-12 17:39:51","plagiarism","Some text"
"ea463681","edc3da74","13cf7e14","2016-08-23 11:14:31","plagiarism","Some text"
"d95d8d44","5e6df5f2","ab59a88c","2017-09-22 14:26:29","other","Some text"
"b961865e","98a38369","30b4950a","2016-04-27 13:02:10","plagiarism","Some text"
"2e4de331","43f6400c","c42cd168","2016-08-08 00:36:58","other","Some text"
"1ba353d0","e6a15fa9","a08f566a","2016-05-06 08:18:53","incompleteSubmission","Some text"
"2a69d248","9588d549","cbbc3068","2016-06-30 20:57:13","plagiarism","Some text"
"2737566c","ee7ae25f","78611b07","2016-03-28 16:37:46","incompleteSubmission","Some text"
"30d31cdf","96d5d5de","6c05fcf6","2017-01-16 17:02:32","plagiarism","Some text"
"6ef919e3","d4322090","d25c5db4","2016-05-24 11:43:02","plagiarism","Some text"
"c32a0325","33896c4d","8be52edd","2017-06-24 14:06:46","incompleteSubmission","Some text"
"2054d1d7","2e527a58","3c73b8d8","2016-05-06 08:26:05","plagiarism","Some text"
"bdef234f","898b46ad","ba664439","2016-03-10 00:35:29","plagiarism","Some text"
"c379ee09","ce3ae719","bb15cc66","2016-04-12 16:18:15","incompleteSubmission","Some text"
"27d46d4a","6f8b765b","4aed1c20","2016-07-04 07:41:12","plagiarism","Some text"
"1888b092","7275dfa5","7065661e","2016-03-12 13:04:30","incompleteSubmission","Some text"
"e2a6e64d","1d9d80f9","c3e5bcd4","2016-03-06 22:21:26","plagiarism","Some text"
"20e001ba","5991a56e","89bc88e7","2016-10-21 02:16:49","plagiarism","Some text"
"792f2a26","f953065","f392c0ba","2017-05-16 17:28:45","incompleteSubmission","Some text"
"f6731a5e","4a25cfc2","6759a3b0","2017-01-23 00:32:03","incompleteSubmission","Some text"
"4d1652e4","286a134","30b4950a","2017-09-04 13:48:51","plagiarism","Some text"
"abd39543","b322de7d","cdc82c01","2016-03-04 23:01:01","incompleteSubmission","Some text"
"fcd1f399","93024dc5","20495995","2017-04-27 03:17:53","incompleteSubmission","Some text"
"77e4f72","e1458e81","7f0204b5","2016-01-29 10:43:14","incompleteSubmission","Some text"
"2a221a2a","44bae271","6759a3b0","2017-01-02 06:46:23","other","Some text"
"3ae9f8c6","917b2905","cab2cb3f","2016-05-13 13:18:30","plagiarism","Some text"
"d0b17340","1b472ebb","ad5214e6","2016-09-26 17:44:51","plagiarism","Some text"
"62de3021","e88f2b63","ec9d3152","2017-09-17 15:18:25","plagiarism","Some text"
"1f6e524","8dd637a9","aea2c668","2016-03-16 01:01:08","incompleteSubmission","Some text"
"abc66ad0","d4b440c3","2f8b007a","2017-02-23 21:49:40","incompleteSubmission","Some text"
"1bbb5ca6","1c53c1de","6c05fcf6","2017-05-04 17:56:16","incompleteSubmission","Some text"
"f7283ff","3d064397","e26a9a41","2016-01-28 03:32:13","plagiarism","Some text"
"6d8ca6a3","37bbb22e","1b27bdd7","2016-10-03 21:23:52","plagiarism","Some text"
"c05dd366","3c4facff","c529605e","2017-04-10 15:41:28","incompleteSubmission","Some text"
"1ae3fde6","a9192bfd","8aa880e1","2016-09-11 23:53:54","other","Some text"
"7e19da9e","22fed757","801504a5","2017-07-19 13:57:52","other","Some text"
"1bc2ec10","f8018f87","ee80e071","2016-05-16 20:02:18","incompleteSubmission","Some text"
"3524fda4","6559597b","feb05e4a","2017-08-21 19:59:47","plagiarism","Some text"
"5ac9c209","ac264a9f","ae568fb9","2017-04-04 05:21:22","incompleteSubmission","Some text"
"27665da4","a106fe9a","1b27bdd7","2016-06-28 11:49:17","plagiarism","Some text"
"c4e2e1b8","715668df","791f5c20","2016-05-05 15:35:51","incompleteSubmission","Some text"
"3d341368","ae9ca2fd","5c0a8ec9","2016-07-07 17:29:58","plagiarism","Some text"
"6673aa99","d6fcae09","feb05e4a","2016-03-27 20:33:17","plagiarism","Some text"
"6f3a0c4d","b4799258","1b2957a8","2016-12-27 22:20:34","plagiarism","Some text"
"ac6d6fe0","ddac797d","61530247","2017-01-04 08:53:48","incompleteSubmission","Some text"
"9a83457f","e88f2b63","89bc88e7","2016-10-16 01:48:39","plagiarism","Some text"
"b72eeac4","4a25cfc2","44b3fb0f","2016-10-12 15:25:33","plagiarism","Some text"
"9029a2ab","d2043e1d","af25b22c","2016-08-23 12:56:01","plagiarism","Some text"
"12a1258c","707221e","8f1d0ec7","2016-09-26 18:08:59","plagiarism","Some text"
"38abcd7b","e65a0d4b","6c05fcf6","2017-05-18 02:41:14","plagiarism","Some text"
"fd526eb9","dcb7be87","44b17075","2016-04-17 09:50:00","incompleteSubmission","Some text"
"facab1a3","4fa72481","6b65a79b","2016-10-03 21:30:03","incompleteSubmission","Some text"
"ed44eea1","e05c6f62","986c679d","2016-04-08 00:16:55","incompleteSubmission","Some text"
"9f72911","e2c891a6","485fe94b","2016-06-06 01:10:28","plagiarism","Some text"
"7de23e4a","5f6dec99","20647f94","2017-05-02 20:15:59","other","Some text"
"a065fb82","cfcfc2c3","791f5c20","2016-10-12 22:01:54","inappropriateContent","Some text"
"3ba7a1a0","ddcb7dcb","8557fa39","2017-01-16 16:52:37","plagiarism","Some text"
"6d312834","570c98d7","351ee2d9","2016-08-11 23:48:30","plagiarism","Some text"
"363c7bcb","60aa9867","58a4590a","2016-03-05 17:12:20","plagiarism","Some text"
"c71b98da","c68a3ff7","f7330002","2017-01-30 23:06:29","plagiarism","Some text"
"704db144","618850c2","feb05e4a","2016-05-13 13:26:33","incompleteSubmission","Some text"
"2f2cb9b2","28a9caa9","deab59b0","2016-12-29 09:51:43","plagiarism","Some text"
"9991df6d","756d847a","31c67de3","2017-02-18 15:19:54","incompleteSubmission","Some text"
"cf4b91e8","4a583ce4","3ff659ce","2016-02-04 21:07:14","plagiarism","Some text"
"5fe237e","6c9df955","108d22b8","2016-05-13 13:22:19","other","Some text"
"d6850278","40b94bc9","e412f15a","2016-09-26 18:15:38","plagiarism","Some text"
"2f2f3609","2281d138","9b2f9152","2017-03-21 17:48:28","incompleteSubmission","Some text"
"776a06f6","74e78ab4","2e02d43","2017-01-16 16:58:00","plagiarism","Some text"
"c85c1db0","bb5d422e","485fe94b","2016-04-06 08:21:48","plagiarism","Some text"
"4efd455a","523119a","26c8f2fa","2016-06-08 11:33:31","incompleteSubmission","Some text"
"83342e14","5fd04e86","930f93ab","2016-03-03 22:42:56","other","Some text"
"2653fe45","801423e1","421bc046","2017-07-16 05:46:25","incompleteSubmission","Some text"
"1a0b882a","ee7ae25f","7c1b033a","2017-04-26 00:35:03","plagiarism","Some text"
"72bcf5b7","58cb9be4","73afe99b","2017-02-07 03:38:54","other","Some text"
"c42d31a","5388c7e0","89ec8183","2016-06-19 03:18:02","plagiarism","Some text"
"9e5a6f4","dc7587f9","2f8b007a","2017-08-08 10:56:07","other","Some text"
"df80c096","a8018d41","cdb6f918","2016-02-15 02:43:59","incompleteSubmission","Some text"
"bd0be482","135b81dd","fc69d8b3","2016-10-19 08:29:09","incompleteSubmission","Some text"
"a458a80b","84ee913a","a2f72273","2016-03-03 21:00:28","plagiarism","Some text"
"627cf53e","5b6cbb99","80bf7366","2016-04-26 17:38:28","plagiarism","Some text"
"8105b558","5c69232a","6a407f31","2017-09-17 15:03:41","incompleteSubmission","Some text"
"78c65d62","d0ea10bf","cd4b17a7","2016-04-13 06:42:24","plagiarism","Some text"
"89aa444f","74650ecd","1135c8bf","2016-07-19 04:54:42","plagiarism","Some text"
"1ac229d5","c9c3eb75","64ec3288","2016-11-07 12:09:41","incompleteSubmission","Some text"
"538b94d7","4435200e","e26a9a41","2017-04-17 17:14:18","incompleteSubmission","Some text"
"60239c4a","63d480ec","82ba166b","2017-08-06 21:45:31","plagiarism","Some text"
"46e6243c","f3b0850a","485fe94b","2016-07-26 10:45:35","plagiarism","Some text"
"eb75e217","7f34f1aa","31c67de3","2016-04-12 12:08:46","other","Some text"
"35c394c6","6ce08b9b","72006d09","2017-03-06 04:40:06","incompleteSubmission","Some text"
"ef4ba64d","1b652827","41cd0618","2017-05-12 14:13:18","plagiarism","Some text"
"b922230c","65bb4429","9db4beaa","2016-10-04 03:08:52","other","Some text"
"848e68e9","a410215","b4fda8d","2017-03-22 21:26:48","incompleteSubmission","Some text"
"6b3829d","61b966e0","195d2489","2016-03-05 17:13:27","plagiarism","Some text"
"f70a111b","48b41cf5","fcd5cdc4","2016-04-12 12:11:11","incompleteSubmission","Some text"
"e43a64a3","27a8874b","77af40db","2016-10-28 16:17:40","plagiarism","Some text"
"1c9a760","671b407c","6d7ef434","2016-06-19 03:11:41","plagiarism","Some text"
"529ba61c","6a725ebc","b80d480f","2016-05-06 08:24:44","other","Some text"
"c436065d","f71b645b","9b2f9152","2017-09-17 15:20:20","other","Some text"
"7a3fc7f6","e34082f0","64ec3288","2017-02-24 03:09:13","incompleteSubmission","Some text"
"6e521cf2","1d4001cc","9db4beaa","2017-04-14 20:43:56","incompleteSubmission","Some text"
