"peer_review_id","peer_submission_id","jhu_user_id","peer_review_created_ts","peer_review_first_visible_to_submitter_ts","peer_review_marked_helpful_ts","peer_review_rated_ts","peer_review_rating","peer_review_is_mentor_review"
"adad07c3","2e951471","b38882","2017-03-06 12:02:54","2016-10-18 08:00:53",NA,NA,NA,"f"
"6911dae8","b1575cb4","c7e57f83","2016-08-21 07:34:16","2016-05-30 15:03:30",NA,NA,NA,"f"
"7922806e","e9303648","dcebef55","2017-05-13 09:43:56","2017-01-20 21:01:49",NA,NA,NA,"f"
"c1d4b84b","7a3d2623","47cf014f","2016-06-01 16:48:32","2017-05-18 01:04:33",NA,NA,NA,"f"
"de10eb56","9fda45ae","f36abded","2016-01-31 02:46:18","2017-07-06 08:13:11",NA,NA,NA,"f"
"33eb4958","dfdfccfe","77d04eae","2017-01-15 11:06:54","2017-04-16 13:26:24",NA,NA,NA,"f"
"2784344","f8db4ef1","f72c66e0","2016-08-02 17:30:54",NA,NA,NA,NA,"f"
"3fcf57cf","56ad4691","b859324","2016-09-27 03:13:09","2017-04-10 05:53:33",NA,NA,NA,"f"
"9afc4933","a30ebfef","449f2a21","2016-03-23 23:56:11","2017-01-24 12:02:20",NA,NA,NA,"f"
"a2f22b","4a020ff5","35bb89d3","2017-02-22 03:53:46","2016-04-09 03:57:48",NA,NA,NA,"f"
"e1d12f7d","f3b67747","987a6246","2017-07-27 10:03:31","2016-02-03 04:43:32",NA,NA,NA,"f"
"34ec34fa","413741a1","fd53823a","2017-03-11 19:47:55","2017-04-29 19:18:18",NA,NA,NA,"f"
"25b7b4a0","be43900b","5755d079","2016-02-20 18:05:12","2016-09-21 07:13:14",NA,NA,NA,"f"
"3af074ed","1fe8d0e9","86b392fc","2017-05-27 15:27:12",NA,NA,NA,NA,"f"
"ac3bb636","2f9203b9","3ab42998","2016-06-24 20:49:39","2016-02-02 23:42:35",NA,NA,NA,"f"
"f094521a","59f65ce1","62604c1b","2017-07-27 03:57:51",NA,NA,NA,NA,"f"
"cf9200fb","87dd68b9","bb3c41b6","2016-08-01 07:21:34","2016-09-15 23:27:33",NA,NA,NA,"f"
"8ee10591","f3186e56","bc0d6372","2016-09-21 13:27:16",NA,NA,NA,NA,"f"
"116c326f","737925e0","682a9eb7","2016-08-13 08:19:48","2017-09-18 20:34:04",NA,NA,NA,"f"
"a2cc6e64","beabf14d","a18771dd","2017-02-20 10:23:56","2017-02-16 14:47:50",NA,NA,NA,"f"
"4db1d1fe","9f69042e","f25c4890","2017-04-10 07:51:43","2016-09-12 14:37:38",NA,NA,NA,"f"
"cdc73543","c7037209","f219cad4","2017-02-12 03:11:55","2016-05-30 12:48:34",NA,NA,NA,"f"
"a2d409ff","40546e87","7714689c","2017-04-03 17:26:46","2016-07-26 16:33:15",NA,NA,NA,"f"
"6b25e508","f1e58c6e","8ef2007f","2017-05-04 22:51:29","2016-11-24 05:35:08",NA,NA,NA,"f"
"e6c5d0c1","7edcfc5b","24d80cbd","2017-01-08 06:40:22","2017-01-16 17:40:40",NA,NA,NA,"f"
"2e9005a0","eab1abae","afe1e007","2017-04-16 04:06:28",NA,NA,NA,NA,"f"
"52a933f1","1a8c4166","8da57b7a","2016-01-26 01:57:48","2016-10-12 15:08:39",NA,NA,NA,"f"
"ccfeb058","f8caa87f","5b9daa2b","2016-02-15 19:12:00","2016-02-02 13:11:38",NA,NA,NA,"f"
"66df382e","e48b03bc","4c4f2fa4","2017-07-05 12:02:00","2017-05-06 01:39:01",NA,NA,NA,"f"
"71c40f9a","597d1f09","75824f83","2017-08-07 16:39:05",NA,NA,NA,NA,"f"
"a0170cc4","f1789dd3","dbd395a3","2017-01-09 19:48:46","2016-03-03 13:57:01",NA,NA,NA,"f"
"94636a91","421ba394","4c8f83b1","2016-02-27 22:12:47","2016-02-03 17:10:07",NA,NA,NA,"f"
"b83ad954","9d560cc2","7bc4f2c9","2017-09-08 19:54:47","2017-07-10 14:03:57",NA,NA,NA,"f"
"8ee696ad","33d4aa3a","176215bc","2017-06-14 19:20:00","2016-05-23 17:57:20",NA,NA,NA,"f"
"43ef4d10","494e4fbe","27bcc965","2017-01-16 17:48:19","2017-01-01 08:11:09",NA,NA,NA,"f"
"37ed3f29","929eb7f1","64032af6","2017-06-16 21:56:46","2017-04-11 12:20:03",NA,NA,NA,"f"
"90f7fe67","1d7a0646","2bebda7b","2016-04-04 20:35:37","2017-08-05 11:56:48",NA,NA,NA,"f"
"6594f6a3","4551c809","6001af7d","2016-02-29 20:26:44","2017-07-19 12:48:38",NA,NA,NA,"f"
"5d754c6f","4ca135d9","a9dc4c2d","2016-10-30 21:41:20","2017-09-08 02:47:15",NA,NA,NA,"f"
"841ada89","ef37861c","400a2872","2017-08-08 21:04:22","2016-03-02 16:49:58",NA,NA,NA,"f"
"372b9033","8348ccca","a1efba45","2017-01-09 19:45:55",NA,NA,NA,NA,"f"
"cc7e2582","62647d28","384f3a3f","2017-03-25 15:45:30","2016-03-31 00:05:17",NA,NA,NA,"f"
"869ba40","fcacec89","283079fe","2017-04-16 01:53:30","2017-08-07 17:28:54",NA,NA,NA,"f"
"c8e6c217","2ddf8e53","c0a783e","2016-10-18 23:10:12","2017-08-12 09:53:22",NA,NA,NA,"f"
"8c01dc73","810d9d9f","db74b0c7","2017-08-19 18:01:57","2017-06-05 04:49:37",NA,NA,NA,"f"
"573d7c16","a71b18df","cc1d72d5","2017-09-13 04:31:17","2016-11-04 06:20:31",NA,NA,NA,"f"
"1a8835f7","342f590e","8b1289c5","2017-10-04 16:39:06","2016-05-29 10:21:25",NA,NA,NA,"f"
"9b961b31","58174932","8a692f1a","2016-05-29 01:29:59","2017-03-01 02:44:31",NA,NA,NA,"f"
"d6dac8b8","6d240997","a078e883","2016-05-25 07:58:27","2017-09-29 13:35:39",NA,NA,NA,"f"
"15cebf32","72d8b6f","84c478ba","2017-04-14 23:55:16","2017-05-22 16:22:19",NA,NA,NA,"f"
"d75eb879","37d36eae","c0a783e","2016-06-28 12:44:30","2016-02-03 16:00:20",NA,NA,NA,"f"
"4458b80a","b312cca5","91d50cbc","2016-05-24 11:47:13","2016-12-11 13:47:50",NA,NA,NA,"f"
"2b80cba0","f7467678","9e51facc","2017-07-28 04:11:42","2016-05-24 04:21:54",NA,NA,NA,"f"
"9b493835","678252eb","594ff931","2017-03-06 03:13:25","2017-02-09 02:44:54",NA,NA,NA,"f"
"515da9a1","74b4da72","dba40791","2016-11-11 15:02:12","2016-02-18 04:00:29",NA,NA,NA,"f"
"4b13abff","77d889d3","954580aa","2017-01-14 13:25:23",NA,NA,NA,NA,"f"
"cdb7a352","4f05f57c","325867e6","2016-11-20 22:32:31",NA,NA,NA,NA,"f"
"4dcd168b","47b4f207","461e28a0","2017-07-08 15:25:35","2016-05-17 15:20:59",NA,NA,NA,"f"
"54a767ea","db0ee20c","e3497c2a","2016-11-17 02:06:22","2017-04-28 03:58:06",NA,NA,NA,"f"
"9d210548","638040b0","3f7ab7a9","2017-02-10 23:14:07",NA,NA,NA,NA,"f"
"c637c50a","54cba5f3","9af4ab94","2017-04-28 03:57:06","2017-08-21 02:31:12",NA,NA,NA,"f"
"626df245","ed3b0ab9","3bd48176","2016-10-24 22:02:58","2016-10-07 01:28:22",NA,NA,NA,"f"
"7fc2ae0a","c96f3ef9","2687f61f","2017-02-26 23:50:02","2016-05-12 17:17:10",NA,NA,NA,"f"
"3faf74e3","c80bd66a","e4e51749","2017-05-25 09:02:56","2017-03-13 07:10:50",NA,NA,NA,"f"
"a882ca4","4b89dc8d","f9c48f08","2017-04-30 23:31:41","2016-07-02 04:09:56",NA,NA,NA,"f"
"3a2583af","e3590292","81e9240c","2017-04-08 21:39:19","2016-02-03 06:45:59",NA,NA,NA,"f"
"fafe3a83","1f435217","8af304a2","2017-03-09 07:18:54","2016-05-25 18:43:43",NA,NA,NA,"f"
"8dc0d402","d1e4283d","7e06b3ce","2017-03-13 07:09:50","2017-07-17 13:23:13",NA,NA,NA,"f"
"ad4dce39","83b143ca","6e5a9712","2016-12-22 17:30:38","2017-02-03 17:32:08",NA,NA,NA,"f"
"af156daf","7900d5d3","5ec893a","2016-02-21 15:21:37","2016-03-15 22:57:47",NA,NA,NA,"f"
"8c6489a6","345c66f2","a29b625b","2017-01-08 12:26:42","2016-10-09 22:00:07",NA,NA,NA,"f"
"9a839790","2af5b80a","371fcb13","2017-03-27 16:54:45","2016-03-30 20:29:11",NA,NA,NA,"f"
"f84dc97d","37ac81bd","64cf97cb","2017-06-21 01:31:49","2017-01-30 16:57:52",NA,NA,NA,"f"
"11ddbf82","736c0f5c","1b4268e3","2016-06-13 12:50:38","2017-01-27 00:42:01",NA,NA,NA,"f"
"eba1e037","d28554fa","eb354fd2","2016-04-17 13:46:25",NA,NA,NA,NA,"f"
"eec31026","780a686e","b715b9","2016-02-27 15:37:06","2016-05-26 15:28:34",NA,NA,NA,"f"
"f1209e49","35ed1c42","2d83ad63","2017-01-03 14:43:47","2017-07-19 18:16:12",NA,NA,NA,"f"
"493a7903","c1b5610","117453d2","2017-09-18 14:27:06","2016-05-31 02:30:24",NA,NA,NA,"f"
"3e49632a","16a65a","705c81b0","2016-12-09 03:35:20",NA,NA,NA,NA,"f"
"4fca54c6","b848064f","1c105b9e","2016-02-01 00:36:07",NA,NA,NA,NA,"f"
"52ecf577","6dcf976f","5d8b0380","2016-11-06 20:21:39",NA,NA,NA,NA,"f"
"5032561e","8c316b64","c9bd34aa","2016-05-19 05:02:58","2016-03-30 23:43:36",NA,NA,NA,"f"
"5b9212b5","8391b211","7fb8e782","2016-09-28 20:25:20",NA,NA,NA,NA,"f"
"53a74fee","84c7c4db","205253a5","2016-01-31 16:23:29",NA,NA,NA,NA,"f"
"7dd5b5ae","b9f5ef4f","3034503f","2017-05-28 16:33:11","2017-01-05 08:03:18",NA,NA,NA,"f"
"30fd6c23","4087f0ce","5c9c0fca","2016-01-11 03:52:09","2017-05-24 19:45:28",NA,NA,NA,"f"
"7a6f3abe","84c7c4db","d2c7fdc6","2017-07-21 06:08:24","2016-03-02 19:50:49",NA,NA,NA,"f"
"e61d63de","f7582d8","813898db","2017-04-03 09:20:44","2017-06-30 23:00:18",NA,NA,NA,"f"
"462583fd","e9d4fdf3","574b96a8","2017-04-14 02:00:06","2017-02-13 05:35:08",NA,NA,NA,"f"
"b2e3f62b","9fdb2dab","c2637718","2017-02-14 10:45:23","2016-11-14 22:12:06",NA,NA,NA,"f"
"4d3c8e9b","a6f1df54","b1cd5cb5","2016-03-01 23:09:56","2016-03-10 14:12:48",NA,NA,NA,"f"
"a6ef44ba","682a9969","9ecc76b0","2016-04-19 10:56:51","2016-09-26 00:22:46",NA,NA,NA,"f"
"767d2d67","18f954d5","850e41ce","2017-02-01 09:35:05","2016-05-05 07:20:30",NA,NA,NA,"f"
"91a4860a","7913d359","e3c5476b","2016-06-20 13:59:10",NA,NA,NA,NA,"f"
"533f2672","7b48264e","183de26c","2017-04-16 02:25:09","2016-04-06 19:19:01",NA,NA,NA,"f"
"f0cc3df9","46b815a9","135cfa1a","2016-07-21 00:55:18","2016-12-14 10:44:38",NA,NA,NA,"f"
"c21ac84","3562761e","5547461b","2016-02-04 00:03:52","2016-09-09 01:25:57",NA,NA,NA,"f"
"d081e7c0","73f025","5664dbd0","2016-05-28 16:58:32",NA,NA,NA,NA,"f"
"6ab0a9e0","d35ba9b5","608a2b26","2016-06-18 14:13:31","2016-07-21 07:10:04",NA,NA,NA,"f"
"303636da","53b4a7fa","3dbc8942","2016-05-25 14:07:05","2016-05-31 08:42:10",NA,NA,NA,"f"
"20565092","36cc1e2d","4028f403","2017-04-18 22:45:00","2016-07-09 03:17:40",NA,NA,NA,"f"
"345a10f1","59283791","aeaa0273","2016-03-05 05:42:46","2016-03-03 02:44:45",NA,NA,NA,"f"
"99d8a2bb","2ca4d097","6e4cfc92","2016-02-01 15:06:26","2017-06-03 20:59:16",NA,NA,NA,"f"
"dd73322f","70eb5fa0","a8c41d00","2017-08-19 00:45:48","2016-08-23 15:50:23",NA,NA,NA,"f"
"6f016685","922c65ab","75824f83","2016-03-20 19:03:18","2017-01-02 21:18:03",NA,NA,NA,"f"
"9b130e6","18fcb1a7","367029bf","2016-07-18 01:32:30","2017-09-23 10:21:35",NA,NA,NA,"f"
"fc65fdbb","2342637e","bc11f9e3","2017-05-14 09:17:40","2016-03-10 03:24:31",NA,NA,NA,"f"
"6f3bf34f","ed1007c","6d10c02c","2016-10-26 03:45:50","2016-12-19 06:50:33",NA,NA,NA,"f"
"d5fc55d","a67329e5","e94980ea","2017-06-25 12:45:59",NA,NA,NA,NA,"f"
"3ff8e45a","3775a6a1","d1e9e958","2017-06-23 21:13:19","2016-05-11 19:49:51",NA,NA,NA,"f"
"e26c87cc","f5e7e0a9","7e545282","2016-06-06 05:22:10","2017-02-24 19:52:00",NA,NA,NA,"f"
"ebdc3a5c","7915091","a4480847","2016-06-06 03:19:00",NA,NA,NA,NA,"f"
"a0cc084c","50fa747c","f4efee1c","2016-08-17 13:28:36","2016-02-18 10:39:33",NA,NA,NA,"f"
"c6b0d6","715f5698","8ee83ef8","2016-01-28 05:23:40","2016-11-11 20:44:55",NA,NA,NA,"f"
"408afba0","eb2a304e","dc483b69","2017-09-28 06:43:52","2017-03-28 17:02:56",NA,NA,NA,"f"
"f8d63735","448c0d9c","af75f581","2016-02-08 01:06:36",NA,NA,NA,NA,"f"
"c71a88ee","374634f8","80f6cc1c","2017-02-08 09:04:07","2017-05-05 02:38:52",NA,NA,NA,"f"
"73894d8","f8b916e6","71ed8567","2017-09-19 01:02:37",NA,NA,NA,NA,"f"
"51a5720e","c26e9819","8a6acc45","2017-01-10 18:51:50","2017-05-14 18:59:00",NA,NA,NA,"f"
"5e623525","a249b552","328f060a","2016-12-04 06:42:25","2017-03-14 21:26:44",NA,NA,NA,"f"
"7a55cb6e","b71e469b","788e837a","2017-04-12 15:57:14","2016-03-02 21:33:41",NA,NA,NA,"f"
"b05f8264","66c1e0d8","1ed0cbf8","2017-03-01 12:40:59","2016-06-23 04:23:21",NA,NA,NA,"f"
"f3bd7d41","1dc77ec6","56bbf15b","2016-03-14 11:35:06","2016-07-17 06:47:10",NA,NA,NA,"f"
"9c9c693c","6a6136b4","157e03e4","2016-02-14 04:59:38","2016-05-12 18:30:13",NA,NA,NA,"f"
"e97411f7","d33f55b0","18b047dc","2017-02-01 16:14:35","2017-03-26 16:45:45",NA,NA,NA,"f"
"99fa648e","c9546689","6d7ef434","2016-11-28 12:48:43","2016-07-14 07:11:09",NA,NA,NA,"f"
"180a4776","c05575a0","337b1c1d","2016-04-07 14:18:39","2016-07-14 07:11:09",NA,NA,NA,"f"
"78a52af8","a711d830","192945eb","2016-11-29 18:47:23",NA,NA,NA,NA,"f"
"6d9ae92e","271b93ae","a038a1a4","2016-02-28 20:31:46","2016-05-19 15:05:24",NA,NA,NA,"f"
"3d0bff98","ae9a1ca2","ddb5a21e","2017-06-11 19:37:34","2017-01-22 23:25:06",NA,NA,NA,"f"
"6e1779fc","7c2e63ce","9cba538a","2016-05-30 02:27:36","2017-01-17 01:33:04",NA,NA,NA,"f"
"f3585c39","d60d0fb1","3b93ecf1","2016-12-21 22:03:11","2017-06-27 07:28:55",NA,NA,NA,"f"
"b83ef6e5","eee2389d","f0544b69","2017-08-20 07:34:23",NA,NA,NA,NA,"f"
"fe1a2479","b265d798","b44411b","2016-05-26 14:15:23",NA,NA,NA,NA,"f"
"cc43da78","c2120a91","ff460eb3","2016-08-24 00:54:43","2016-11-27 01:37:20",NA,NA,NA,"f"
"78523d8a","2f83f42e","9c10f675","2016-12-29 23:23:04","2017-03-08 04:38:32",NA,NA,NA,"f"
"18c83ca0","e3f77e3a","babca098","2016-05-16 00:40:53","2016-02-01 20:09:35",NA,NA,NA,"f"
"2de15f66","2ead62a7","a4dee2cb","2016-02-24 11:14:47","2017-06-19 05:31:49",NA,NA,NA,"f"
"aac83347","4b8ff28","1972573a","2016-03-04 03:09:10","2017-03-30 23:15:38",NA,NA,NA,"f"
"2e1bc21c","48746c0e","2a0a51b6","2017-06-02 20:28:06","2017-01-23 07:52:18",NA,NA,NA,"f"
"bf11d150","1b03a9b6","6266f6f7","2017-08-30 00:18:46","2017-03-10 21:00:04",NA,NA,NA,"f"
"3b9c44ea","ce749974","546f4c1d","2016-01-31 19:44:49","2017-04-22 23:40:48",NA,NA,NA,"f"
"c20e761e","4c2f1d04","d8da6ca6","2016-03-27 07:16:31",NA,NA,NA,NA,"f"
"c1d1e9b3","11956df9","f293d980","2017-02-06 01:17:31",NA,NA,NA,NA,"f"
"dc38bd69","1c11af3d","4798eb7d","2017-06-05 12:14:35","2016-02-03 15:48:30",NA,NA,NA,"f"
"ce343fed","edd974bc","a56b02fa","2017-06-14 17:20:12","2016-02-03 20:42:46",NA,NA,NA,"f"
"8533f0b3","4d14d2cf","7bc9afca","2017-03-25 16:18:29","2016-03-29 16:40:43",NA,NA,NA,"f"
"39d3c63f","b0df1fa","e0e1bb6f","2016-12-14 18:03:53","2017-02-14 07:25:49",NA,NA,NA,"f"
"a222467","e07cbd9","88ef6b73","2017-03-22 17:26:02","2016-08-28 21:34:48",NA,NA,NA,"f"
"f0ad91a5","cf37bf8c","25a30489","2016-08-23 13:09:32","2016-09-18 06:27:12",NA,NA,NA,"f"
"a7baf0a5","20ac4354","f8e64291","2016-08-15 14:02:28","2017-09-27 06:14:08",NA,NA,NA,"f"
"e86e8fe5","6d8f5885","87405ce4","2017-02-13 09:31:18","2016-10-15 00:03:10",NA,NA,NA,"f"
"724363e8","abeaefbd","7d78a0e0","2016-02-01 09:03:44","2016-11-28 18:37:10",NA,NA,NA,"f"
"8a2ef78","ce09a290","578ddb95","2017-06-17 02:46:58","2016-05-03 15:12:12",NA,NA,NA,"f"
"41e673f","22a15ce6","266c2859","2016-11-23 18:35:25","2017-01-27 14:59:57",NA,NA,NA,"f"
"d37eb364","40c414e","e493e390","2017-03-28 11:22:04","2017-01-03 02:51:18",NA,NA,NA,"f"
"62eb154d","56b3a96","30c27cee","2016-02-01 11:19:47","2016-03-03 08:20:57",NA,NA,NA,"f"
"5bf0f73a","fb42e481","9e70be99","2017-03-06 15:51:56",NA,NA,NA,NA,"f"
"f663813c","14fbc9a8","b128b349","2017-07-26 08:29:15","2017-03-19 18:52:13",NA,NA,NA,"f"
"4fcef642","faa9f701","ac2424c7","2016-11-05 16:26:59","2016-04-10 15:02:24",NA,NA,NA,"f"
"73ac945e","371e2ac8","f75c4712","2016-11-12 23:41:26","2016-03-03 08:20:57",NA,NA,NA,"f"
"dfafa052","67c6c9a","396b81c8","2017-03-16 09:32:27",NA,NA,NA,NA,"f"
"ff54388c","5181741b","b833eb30","2016-04-08 06:43:04","2016-01-28 23:04:46",NA,NA,NA,"f"
"cdd9bf36","3b7cf89b","983a9551","2017-02-15 20:02:41","2017-01-27 07:13:50",NA,NA,NA,"f"
"6286ef31","f1f22cc5","3ad739b6","2017-02-08 04:46:40","2017-01-17 23:58:55",NA,NA,NA,"f"
"e1d711d8","362b95b6","f71da4e1","2016-09-11 23:43:58","2017-01-06 13:32:35",NA,NA,NA,"f"
"a0e5beec","bb367e92","aed0d288","2017-07-09 14:30:37","2016-11-25 03:11:49",NA,NA,NA,"f"
"67b771c4","f1862add","c43c2c9","2017-07-01 09:01:39","2016-07-14 07:11:09",NA,NA,NA,"f"
"2ff4fae7","61c33e7d","899abdcf","2016-04-17 05:41:14","2016-03-01 17:56:25",NA,NA,NA,"f"
"701c70b6","be732139","f13d0ffc","2016-10-31 04:08:53","2016-04-17 07:38:37",NA,NA,NA,"f"
"cf74f94e","59f56cf5","74a98154","2017-09-30 00:56:24","2016-05-10 19:21:02",NA,NA,NA,"f"
"602b55a6","ae59de93","644d3ad3","2016-05-23 15:10:54","2016-02-03 16:51:09",NA,NA,NA,"f"
"e55d80e6","55c1156f","55cb7ea5","2016-09-26 04:28:57","2016-05-30 12:48:34",NA,NA,NA,"f"
"cee262d1","c7c9e664","1f7e0492","2017-04-24 20:24:32","2017-04-13 11:16:48",NA,NA,NA,"f"
"eb2443ed","276d6455","80489afc","2016-02-03 22:19:29","2016-10-26 02:03:23",NA,NA,NA,"f"
"40a12c43","5488db3c","3149f6f2","2016-10-19 08:17:18",NA,NA,NA,NA,"f"
"88da41b8","842dc37e","a8c41d00","2016-12-16 10:39:49","2017-04-07 14:38:27",NA,NA,NA,"f"
"1e85c963","e43eb235","aad1ef69","2017-01-22 00:54:17","2016-10-25 00:59:11",NA,NA,NA,"f"
"4645e43d","c0262dcf","838f2828","2016-08-27 14:47:27","2016-09-05 21:48:41",NA,NA,NA,"f"
"17e1f98e","aedaa3d3","122c6df8","2016-04-04 04:55:34","2017-08-19 21:22:20",NA,NA,NA,"f"
"8ec1ae8e","7539bf50","d6cd76b","2016-05-13 15:37:46",NA,NA,NA,NA,"f"
"87f4fe76","5efe5a24","c43c2c9","2016-12-16 23:05:02","2017-04-27 09:16:00",NA,NA,NA,"f"
"5a3414d","9c6690e4","1128fe68","2016-05-23 04:31:16","2017-09-15 20:48:13",NA,NA,NA,"f"
"3e5bce00","88e59cd7","c539a71b","2016-11-13 09:03:24",NA,NA,NA,NA,"f"
"d33e9f7a","97fdf403","f77a8e1d","2017-06-16 20:42:50","2016-07-07 20:37:38",NA,NA,NA,"f"
"77c0a585","539e9db6","c2637718","2016-08-06 14:55:58","2017-03-29 18:02:42",NA,NA,NA,"f"
"6c984b2","90e2a8e2","64ec3288","2016-01-27 12:32:04","2017-05-19 05:26:25",NA,NA,NA,"f"
"8d937777","e75ede7b","8cd8f9de","2016-02-23 12:56:39","2016-05-17 20:37:27",NA,NA,NA,"f"
"b8400fc5","72254dff","5c5f1b1f","2017-03-06 18:34:53","2017-07-21 16:20:49",NA,NA,NA,"f"
"2470426","480248df","62b88ec2","2017-04-25 21:49:55","2017-09-02 11:42:53",NA,NA,NA,"f"
"24da82c","fd012394","ddad0634","2016-02-26 01:23:10",NA,NA,NA,NA,"f"
"bf6e6279","ad95c7a3","c54dcf98","2016-06-19 11:06:29","2017-03-10 00:51:57",NA,NA,NA,"f"
"309fdd87","d0139ee2","7285a755","2017-06-21 01:18:25","2017-04-03 05:53:50",NA,NA,NA,"f"
"90bd789c","31972462","2d98b52e","2016-02-15 19:59:26","2016-03-31 22:33:00",NA,NA,NA,"f"
"13f02434","d07eb9fd","7b7a9047","2017-03-15 17:49:05","2017-04-05 04:10:18",NA,NA,NA,"f"
"e5c41346","c361ca9e","63ce1676","2016-11-13 17:47:58","2016-12-21 09:37:59",NA,NA,NA,"f"
"f95f5922","3f623750","c727f434","2017-05-02 19:06:15","2017-10-04 13:36:00",NA,NA,NA,"f"
"4caf1f","b0d53097","9cab575b","2017-01-20 07:21:31","2016-11-29 15:22:37",NA,NA,NA,"f"
"837266fe","4c184b86","3e4d821f","2016-10-20 04:11:18","2017-07-31 07:30:24",NA,NA,NA,"f"
"80cb471e","f7ff4740","3c0181cc","2016-12-03 17:42:05",NA,NA,NA,NA,"f"
"a462815f","1509a579","d6c6f146","2017-05-06 19:13:18",NA,NA,NA,NA,"f"
"f634fcc6","3a3c0cb3","8bbf4be0","2016-05-27 04:35:12","2017-02-17 12:24:32",NA,NA,NA,"f"
"233c38d2","929e52d0","4d4d378","2016-12-12 11:37:58",NA,NA,NA,NA,"f"
"60c5a2e","c75a87e0","866ff308","2017-09-15 00:48:40",NA,NA,NA,NA,"f"
"b0994c62","9b46aaf7","8af304a2","2017-08-04 18:23:20","2016-10-27 10:33:05",NA,NA,NA,"f"
"45c53050","d57007fd","db0e197e","2017-07-25 13:12:33","2017-07-30 20:23:54",NA,NA,NA,"f"
"8342c133","23f298de","893794d3","2016-06-20 12:46:25",NA,NA,NA,NA,"f"
"1b66b71a","30e2174a","f589c60a","2017-02-12 21:30:13","2016-08-23 12:28:40",NA,NA,NA,"f"
"ea6f8328","6402bdc6","392ce3bc","2016-01-29 14:29:16","2017-02-28 00:07:58",NA,NA,NA,"f"
"31992bae","71d08c6","3fe7ca93","2016-07-20 18:15:45","2017-08-12 17:23:21",NA,NA,NA,"f"
"abf560","1cbd41d7","1a732ed","2017-03-02 20:59:04",NA,NA,NA,NA,"f"
"f02ab065","f5680158","b76b171f","2016-04-25 01:16:49","2017-02-20 02:32:53",NA,NA,NA,"f"
"efb666b2","7c2f2f58","cb358970","2016-04-06 18:59:36","2017-01-24 13:20:04",NA,NA,NA,"f"
"2e9779f3","e6bb2ec4","11caf035","2016-10-18 08:01:13","2017-05-14 02:03:47",NA,NA,NA,"f"
"7939cb15","35484162","17748656","2017-01-22 17:45:54",NA,NA,NA,NA,"f"
"36051c02","405122d2","20c6e52d","2016-08-08 23:33:08","2016-03-01 13:27:09",NA,NA,NA,"f"
"68865f70","907b32e4","5b8af7ff","2017-04-16 02:17:27","2017-03-12 12:45:01",NA,NA,NA,"f"
"7f81ae2","3e15021d","be1f8dd0","2016-04-04 08:43:42",NA,NA,NA,NA,"f"
"978eb6cc","7f0e7a07","5311605d","2017-02-26 17:37:00","2016-04-18 01:50:33",NA,NA,NA,"f"
"6a4930e4","115866e1","fd5b0210","2016-05-23 11:25:15","2017-04-01 16:36:11",NA,NA,NA,"f"
"fe085a0c","c5b71e20","8ce3713e","2016-02-09 22:47:07","2016-04-19 08:48:41",NA,NA,NA,"f"
"750fb23e","f1d3c05f","1f264ec0","2017-02-05 04:44:19",NA,NA,NA,NA,"f"
"ebad8268","923daade","e6a5ae3c","2016-10-21 01:09:32","2017-05-27 17:26:20",NA,NA,NA,"f"
"cb1b537d","d9431dc0","7444e960","2017-07-13 22:12:49","2017-02-21 14:17:01",NA,NA,NA,"f"
"f3f32eb8","2ab49327","f15a036a","2016-03-23 19:42:19",NA,NA,NA,NA,"f"
"2c484b7c","c7c9e664","f87e9106","2016-02-17 07:29:42","2017-09-11 13:37:27",NA,NA,NA,"f"
"dc334bea","ef371e0f","554bc751","2017-04-11 12:59:02",NA,NA,NA,NA,"f"
"62db588c","84b6a437","c9fd837e","2017-02-05 19:10:44","2017-08-21 23:03:43",NA,NA,NA,"f"
"c9f1de8d","631dc15e","77cade19","2017-03-14 12:54:21","2017-01-15 15:03:13",NA,NA,NA,"f"
"d255a108","cffabc8","2857a254","2017-07-30 00:21:19","2016-06-04 13:40:41",NA,NA,NA,"f"
"7e7adc06","2ea55e54","bc46c5c7","2016-08-28 20:01:30","2016-03-09 00:47:00",NA,NA,NA,"f"
"d4409278","5fa96635","98778571","2017-09-07 16:04:35","2016-12-15 08:08:00",NA,NA,NA,"f"
"8c2fe5a4","9d9b34cd","7ed416c5","2017-05-14 14:00:58","2016-10-06 12:39:07",NA,NA,NA,"f"
"9522765a","a3ea637c","1ed0cbf8","2017-05-21 18:42:07","2016-10-24 18:02:52",NA,NA,NA,"f"
"2687af8a","1b745ddf","51dd6bdc","2017-02-12 11:30:34","2016-09-27 09:10:09",NA,NA,NA,"f"
"d7f85772","968d50d2","ca412a5a","2016-08-29 17:29:56","2016-11-28 08:41:40",NA,NA,NA,"f"
"f3388828","786b0c36","da4f6f7e","2016-02-03 04:24:57","2016-05-29 14:59:17",NA,NA,NA,"f"
"6504009a","b6a39806","ec03303","2016-02-03 20:29:21","2017-03-30 23:15:38",NA,NA,NA,"f"
"b0070dd7","5db283d4","f1dd5052","2017-06-26 18:23:04","2017-03-06 05:27:59",NA,NA,NA,"f"
"2683a42a","5a7934ef","d8ec345","2017-07-28 16:14:32","2016-03-06 22:24:31",NA,NA,NA,"f"
"b29c0aca","609832ec","55cb7ea5","2016-12-22 16:49:30","2016-07-11 05:38:09",NA,NA,NA,"f"
"ecf52eff","4d8e977b","5acb97da","2017-02-06 00:52:43","2017-01-04 23:15:29",NA,NA,NA,"f"
"f1fd5bb3","789c8ce7","9acf666e","2017-07-14 18:37:00","2017-08-30 20:20:01",NA,NA,NA,"f"
"9b63d78","760dc854","5447b957","2017-06-23 10:02:10","2016-02-02 14:23:29",NA,NA,NA,"f"
"8fec6223","acbe8884","ea95bff","2016-02-04 08:19:09","2017-05-02 07:43:52",NA,NA,NA,"f"
"4bac7108","b517c9e1","1026d1e","2016-04-19 11:33:49","2016-12-17 20:44:58",NA,NA,NA,"f"
"26e22228","c7f9ab82","61f16757","2017-01-13 04:49:03","2017-09-22 20:00:00",NA,NA,NA,"f"
"cd29c306","57116d10","1a1ae359","2017-09-11 05:00:19","2016-07-13 07:30:37",NA,NA,NA,"f"
"372ffd97","1cdeee64","2460561","2016-05-12 20:58:33","2017-06-18 19:40:34",NA,NA,NA,"f"
"76bbbba5","4a98172c","6acc8325","2016-08-29 13:57:40",NA,NA,NA,NA,"f"
"6ac8e465","c64ec5d6","627fce4e","2016-03-25 23:02:07","2017-02-13 21:24:55",NA,NA,NA,"f"
"3c914015","d511c5c9","eb0a4b35","2017-01-12 16:00:34","2016-10-27 09:17:47",NA,NA,NA,"f"
"bc45595","f7ff4740","edb87052","2017-01-22 22:48:14","2016-10-07 02:31:45",NA,NA,NA,"f"
"34f3bd6","fcefd9a2","26cbd7fa","2016-05-30 01:44:51","2017-07-03 14:13:29",NA,NA,NA,"f"
"b2ab37e2","ed74478d","9f7ecb58","2016-02-15 00:45:57","2016-10-22 00:03:18",NA,NA,NA,"f"
"737c3390","9115e13b","c5c0109f","2016-05-10 18:23:35","2016-05-25 19:58:28",NA,NA,NA,"f"
"f646ef32","8b716734","1ed4fed","2016-04-07 11:03:19","2016-03-03 08:20:57",NA,NA,NA,"f"
"5429beb4","4434028f","4745e862","2017-02-11 01:45:29","2016-02-03 22:21:51",NA,NA,NA,"f"
"989fcfb6","8dc647d8","fdfeda5d","2016-09-09 13:50:11",NA,NA,NA,NA,"f"
"9f218de","5dcbeeb1","547435ea","2017-05-14 21:24:48",NA,NA,NA,NA,"f"
"60c224f6","271717d","85feceb4","2016-05-22 14:34:42","2016-12-18 15:22:35",NA,NA,NA,"f"
"bf15cb61","beaf17b6","632d4aef","2017-09-11 00:34:08","2017-01-02 01:47:17",NA,NA,NA,"f"
"94e17112","3eae61ae","5efd47f4","2016-03-24 03:14:34","2016-10-24 07:13:22",NA,NA,NA,"f"
"88a36eba","f099b733","ff627319","2016-10-27 22:07:52","2017-08-21 04:55:39",NA,NA,NA,"f"
"1f255cf1","35600836","6e9ad78a","2016-06-01 10:48:40","2016-05-28 11:37:24",NA,NA,NA,"f"
"479ee0ba","9d586174","8a6acc45","2016-02-03 21:41:06","2016-05-12 03:12:32",NA,NA,NA,"f"
"639b28cb","29df9b7","d5c043f3","2016-05-08 23:21:56","2016-11-14 16:22:38",NA,NA,NA,"f"
"80881af4","a2017210","2061b73a","2017-08-05 16:11:33","2016-03-29 12:05:19",NA,NA,NA,"f"
"a9f5b150","b0c23f4","4fd836e","2017-07-30 17:23:53","2016-04-28 01:34:11",NA,NA,NA,"f"
"408573ee","51798d9d","157305c2","2017-08-31 05:24:25","2016-03-07 22:09:58",NA,NA,NA,"f"
"e45fc4e4","d4359e29","5fc2f053","2017-04-17 15:19:53","2016-06-07 12:34:26",NA,NA,NA,"f"
"75a9c018","9cdffef1","b12b8e4d","2017-09-04 18:00:50","2017-04-01 16:36:11",NA,NA,NA,"f"
"f97ecb94","4296d9d1","fcc33e56","2016-05-28 18:41:48","2016-05-20 18:23:43",NA,NA,NA,"f"
"3641ad1","499ce328","a53f6439","2017-05-31 13:48:52","2016-11-07 16:15:50",NA,NA,NA,"f"
"ed55ce80","df19c8b","eeec9e68","2017-09-03 14:00:50","2016-06-23 06:20:13",NA,NA,NA,"f"
"bcdac291","94f7af2","a356f70f","2016-05-30 00:50:20","2017-07-31 08:01:06",NA,NA,NA,"f"
"1dab1c34","b4d601f","52e113f9","2017-09-23 17:38:50","2016-04-06 21:58:34",NA,NA,NA,"f"
"c15c9a8e","f8cfd130","b491ab15","2017-02-10 11:25:42","2017-03-04 18:21:20",NA,NA,NA,"f"
"2ba8e9f7","91f78fa7","608a2b26","2017-02-22 08:32:46",NA,NA,NA,NA,"f"
"7d5dbadc","7a4591cc","6c798f5","2017-05-24 11:09:41",NA,NA,NA,NA,"f"
"b3237a39","c7ad4282","3df26fb2","2017-07-06 01:21:42","2016-06-28 11:29:37",NA,NA,NA,"f"
"5f50b23e","89f1c2f6","608a2b26","2016-04-17 02:38:35","2016-04-06 13:07:34",NA,NA,NA,"f"
"57edd990","d6a23251","3e4d821f","2017-02-03 15:43:06","2016-09-27 05:25:05",NA,NA,NA,"f"
"1d67e7fd","45a28922","163d5ca8","2017-01-17 03:21:34",NA,NA,NA,NA,"f"
"5ba8b2fe","ecd8825d","855f3df6","2017-03-17 21:23:26","2016-06-23 04:21:00",NA,NA,NA,"f"
"acd6a703","c311904e","edc0611a","2016-06-24 00:53:50",NA,NA,NA,NA,"f"
"91d7dceb","6f9b8d59","3a2a97fe","2017-04-20 18:13:57",NA,NA,NA,NA,"f"
"908e6d23","d47b926a","3bbbf015","2016-05-10 02:45:49",NA,NA,NA,NA,"f"
"a59ad79b","f8958cca","ab4d77d8","2017-05-11 06:05:07","2016-08-29 22:46:34",NA,NA,NA,"f"
"ec9db196","752bbe33","739a895b","2017-01-05 05:21:27","2016-03-09 07:33:35",NA,NA,NA,"f"
"cfb2da94","6fd87558","f896cb7","2016-02-18 00:19:02",NA,NA,NA,NA,"f"
"ad64563f","d062e0b9","1b9bfa3b","2016-02-01 21:27:11","2016-10-28 19:00:08",NA,NA,NA,"f"
"f1b90bc7","bde29fdd","1341e9cf","2017-09-06 01:05:57",NA,NA,NA,NA,"f"
"ea358dfd","8450581b","7fcc4468","2017-08-07 16:20:11",NA,NA,NA,NA,"f"
"4bea35ea","33c3f07f","902a4e39","2017-10-04 14:01:27",NA,NA,NA,NA,"f"
"684bcb39","77e771bc","c76c058f","2017-07-16 18:39:56","2016-05-31 07:47:17",NA,NA,NA,"f"
"727cc97d","d4dd3073","8779a982","2016-01-26 08:22:21",NA,NA,NA,NA,"f"
"c0f19cc1","dbae5c72","f72de5a1","2016-09-25 21:57:13",NA,NA,NA,NA,"f"
"3b4fb402","785b4fb7","bc473ecc","2016-10-31 15:14:05","2016-04-04 15:58:45",NA,NA,NA,"f"
"19685bdb","67930ad9","60737977","2016-04-25 01:05:36","2016-11-27 15:32:30",NA,NA,NA,"f"
"59ec9de7","1f74fb88","d2c7fdc6","2016-05-09 14:57:05","2016-06-02 17:07:04",NA,NA,NA,"f"
"1235ddfc","91232c80","ebd0d5e","2016-05-01 17:56:40",NA,NA,NA,NA,"f"
"2c8681eb","7fb6f7d1","24b4c97f","2017-07-09 11:46:03","2016-10-25 05:08:05",NA,NA,NA,"f"
"efbc93de","6e02ac20","5957f2eb","2016-06-23 19:47:45","2016-02-03 21:10:11",NA,NA,NA,"f"
"71a6e23a","237b3ae7","1b281663","2017-06-11 15:27:51","2016-03-24 00:04:51",NA,NA,NA,"f"
"8d8d2b94","4280b4b8","68c4bae1","2016-04-01 02:18:04","2016-08-20 11:31:58",NA,NA,NA,"f"
"2ca34bb2","70084d4b","6073d09f","2016-10-24 02:12:54","2016-02-28 21:46:07",NA,NA,NA,"f"
"6fce27d1","e424f28c","fe9b7404","2016-10-28 19:41:12","2016-02-17 21:18:36",NA,NA,NA,"f"
"d88d7c1b","22afd350","4ff8e5ff","2016-11-15 12:17:51","2016-07-26 00:01:51",NA,NA,NA,"f"
"5a0e7605","34be773a","e305f119","2017-05-06 14:37:24","2016-12-01 04:29:11",NA,NA,NA,"f"
"224c4b70","c9c212a5","98c4654d","2017-04-08 13:41:43","2016-03-10 08:45:44",NA,NA,NA,"f"
"924aa24","45c9ce00","f7be6843","2017-06-25 23:28:32","2016-07-17 08:19:27",NA,NA,NA,"f"
"2e5f3b6b","b95c9486","82029b0c","2016-03-27 07:10:04","2016-06-29 11:37:35",NA,NA,NA,"f"
"8546161f","f8e3f7e6","faee9028","2017-07-11 19:51:57",NA,NA,NA,NA,"f"
"322fc90f","e09b7927","9d90ee9c","2017-04-10 03:02:18","2017-05-13 20:39:23",NA,NA,NA,"f"
"82a56e8","e0640fee","3a6ccb03","2017-04-10 11:13:02",NA,NA,NA,NA,"f"
"b91f68ba","85d385e5","63eb0848","2017-01-02 03:51:51","2016-11-20 11:45:39",NA,NA,NA,"f"
"5418cc","7e98cccb","fc74cea4","2016-10-18 01:10:12","2016-02-09 18:28:44",NA,NA,NA,"f"
"4cd85afe","6576e663","173669da","2016-06-03 17:45:41","2016-12-26 15:46:00",NA,NA,NA,"f"
"f02cf21e","4c6564da","dd4009de","2017-03-03 18:03:58","2016-12-04 18:02:11",NA,NA,NA,"f"
"615f812","18000beb","ba4723a3","2017-05-23 13:05:32","2016-10-10 04:58:00",NA,NA,NA,"f"
"b0bba6b1","b6ba41db","3fa0881a","2017-07-16 11:50:35","2016-05-25 18:43:43",NA,NA,NA,"f"
"9d0a14f8","166b5aee","e305f119","2017-10-02 23:41:50",NA,NA,NA,NA,"f"
"14484fa","87b1f0e1","3423aa9","2016-12-29 17:25:48","2017-09-19 15:34:37",NA,NA,NA,"f"
"2037d91b","8370fbda","c719c754","2017-03-09 03:21:34","2016-11-11 18:12:49",NA,NA,NA,"f"
"facb176a","2b5ba404","90cb544b","2016-04-16 08:59:31","2016-10-09 21:51:07",NA,NA,NA,"f"
"b3bac870","7acc909c","d076a023","2017-06-16 21:36:30","2016-08-22 23:18:28",NA,NA,NA,"f"
"eb120c4e","8d48ea71","cbbc3068","2016-01-31 12:04:33","2017-01-11 17:23:50",NA,NA,NA,"f"
"af80bdd","8f874384","43999ed2","2016-05-04 10:50:16","2016-09-14 00:30:16",NA,NA,NA,"f"
"1c7f9b9","c7d131d8","773e2826","2017-09-21 16:08:40","2016-04-21 02:13:28",NA,NA,NA,"f"
"12f7a8dc","77e7d30","4033be4e","2016-05-23 21:35:18","2016-11-12 15:23:03",NA,NA,NA,"f"
"253bb025","ee10eba9","4087f8fe","2016-05-20 12:06:01","2016-10-26 12:40:26",NA,NA,NA,"f"
"1c3ac25d","cc3370c2","6aa555fc","2016-02-01 14:24:04",NA,NA,NA,NA,"f"
"aeb85f35","a61a485a","300ba39d","2017-08-05 21:40:48","2017-01-28 21:17:25",NA,NA,NA,"f"
"716ae8e5","e5248748","fb01f613","2017-09-04 03:16:09",NA,NA,NA,NA,"f"
"575d61c7","e91ce203","c420365b","2017-08-31 12:09:13","2016-10-17 02:24:46",NA,NA,NA,"f"
"734a5588","c3b44b2e","b2c7c8a6","2016-05-26 15:03:56",NA,NA,NA,NA,"f"
"a7ede63","9958ad71","cfd04988","2016-02-26 09:16:45",NA,NA,NA,NA,"f"
"be8e9cd2","e4f217af","bfc5632d","2016-10-10 10:41:25","2016-05-17 11:38:48",NA,NA,NA,"f"
"601a8d80","93ee7c32","9f2cb4a2","2016-08-16 05:12:14","2016-08-06 14:56:58",NA,NA,NA,"f"
"d32a00dc","d1cc149f","5844dc2","2016-08-15 05:44:22","2016-05-15 04:34:49",NA,NA,NA,"f"
"e43fed10","2a05991f","8ca97757","2017-08-04 05:41:45","2017-08-12 04:14:19",NA,NA,NA,"f"
"bb613ec","4a5a5f45","3d7eca58","2016-10-24 14:49:15","2017-04-12 20:00:59",NA,NA,NA,"f"
"f183afa5","3acd5da9","e0586e9b","2016-05-30 08:43:12",NA,NA,NA,NA,"f"
"7072d091","4b158a81","dc0e4759","2017-09-29 16:31:50","2016-11-13 03:09:43",NA,NA,NA,"f"
"b3b69577","5d280e61","ed8dcba7","2017-07-27 23:08:34",NA,NA,NA,NA,"f"
"75b49e13","d237a3b3","13ccf696","2017-07-24 17:25:26","2016-12-24 17:20:05",NA,NA,NA,"f"
"dc77e011","177c136a","92b6d4b4","2017-07-19 21:26:14","2017-09-14 03:51:58",NA,NA,NA,"f"
"3afb0c36","e049338d","80f6cc1c","2017-01-07 09:31:44","2016-12-11 14:05:36",NA,NA,NA,"f"
"9bcc5b8","e8668cd2","46fcc511","2017-07-03 01:43:42","2016-02-01 17:21:01",NA,NA,NA,"f"
"83e01d0","eae0276f","fa199ea7","2017-05-14 18:18:26","2017-02-16 22:17:47",NA,NA,NA,"f"
"a5bd9d74","59d1f024","fb7ce3ea","2016-08-15 05:38:42","2017-09-04 16:15:14",NA,NA,NA,"f"
"55e407a0","92d799e7","9382890e","2016-08-23 07:50:21","2016-11-08 23:46:16",NA,NA,NA,"f"
"3604565b","29e74901","fe479c83","2017-09-21 23:15:13","2016-05-12 05:22:30",NA,NA,NA,"f"
"11ddd708","f746205e","59ef310e","2017-08-15 14:45:45",NA,NA,NA,NA,"f"
"2c7968a8","136cfd18","93792f","2016-06-27 03:40:44","2017-02-08 03:28:52",NA,NA,NA,"f"
"b3b208a3","c6f935d2","97cce655","2017-09-13 12:11:42","2016-10-20 07:14:21",NA,NA,NA,"f"
"986cdb40","c5ede5b","77af40db","2016-10-20 00:56:57","2017-04-10 22:05:08",NA,NA,NA,"f"
"d49a2efa","188fde96","c5ffdd31","2016-06-25 22:16:50","2016-02-03 14:05:18",NA,NA,NA,"f"
"13e54bf5","dd478d79","3f94e3d5","2016-10-13 12:53:59",NA,NA,NA,NA,"f"
"79dfc5e6","fdb0a145","f9ee8d94","2017-04-25 18:27:09","2017-03-10 05:45:25",NA,NA,NA,"f"
"aa10c3e2","b09d4781","cdff7ea4","2017-02-26 19:27:41","2016-04-27 14:29:20",NA,NA,NA,"f"
"1fcc45c6","eb6eb63b","d045414e","2016-12-07 00:43:26","2017-03-13 12:10:13",NA,NA,NA,"f"
"cae9914e","e277b296","e0e1bb6f","2016-10-10 09:38:59","2017-09-02 02:15:40",NA,NA,NA,"f"
"91b32941","30e26b85","6da1e424","2016-02-27 17:58:04","2016-08-16 07:39:21",NA,NA,NA,"f"
"550b5bd3","e6474418","a53d058b","2017-05-23 20:54:58","2016-03-11 06:25:55",NA,NA,NA,"f"
"c326d3dd","dbabca0b","59f484b","2016-12-19 03:19:52","2017-09-16 21:00:12",NA,NA,NA,"f"
"8372b39","f09a7de8","d4c06751","2016-11-19 06:34:30","2016-03-08 11:19:52",NA,NA,NA,"f"
"51bc4a18","25c24615","a1ccd399","2017-02-26 19:29:14","2016-03-31 07:21:00",NA,NA,NA,"f"
"fceaf2ad","c6ba63e","33bd482d","2017-07-28 03:36:22","2017-02-04 23:09:10",NA,NA,NA,"f"
"d04a54ae","837876bb","ed468b67","2017-05-27 11:31:45","2017-01-28 16:24:12",NA,NA,NA,"f"
"66be60f2","525ae34d","6fc3d6d","2017-04-18 01:24:17","2016-10-17 02:12:29",NA,NA,NA,"f"
"64d6fe34","d9bf199c","83eb79ec","2016-11-15 21:43:18","2017-08-10 17:10:49",NA,NA,NA,"f"
"2c63a1b9","545f57ac","61c3c1aa","2017-03-19 19:01:33","2016-02-03 22:41:41",NA,NA,NA,"f"
"7aa0a6a4","54bef10a","b8b63b1","2017-06-03 07:58:33","2017-03-27 05:05:54",NA,NA,NA,"f"
"1fabc4c","62dbc88b","43f5ed9a","2017-10-02 00:36:41","2017-01-29 06:26:43",NA,NA,NA,"f"
"ba1fb21e","683ebd0e","c078584e","2016-09-04 07:43:37","2017-07-24 12:53:58",NA,NA,NA,"f"
"c14cfe0","2ecc9117","ee563e4a","2017-05-25 17:15:30","2017-10-01 17:32:15",NA,NA,NA,"f"
"aec8dcf9","ed3b0ab9","eab35a1","2016-10-21 00:58:43",NA,NA,NA,NA,"f"
"34d19cd1","64b51a8d","8548459a","2017-03-30 13:11:07","2017-02-15 07:43:50",NA,NA,NA,"f"
"1971e8c1","2240bbf0","61668f3b","2017-09-20 21:07:14","2017-06-27 18:25:40",NA,NA,NA,"f"
"10b81a5f","feef9898","2a18f791","2016-03-08 22:31:53","2017-04-06 09:54:40",NA,NA,NA,"f"
"80525102","bffc84a6","a39a0a0e","2016-10-25 00:59:27","2016-05-17 08:12:06",NA,NA,NA,"f"
"7ed68802","a81b4430","6263a924","2016-12-07 04:28:46","2016-03-08 02:15:41",NA,NA,NA,"f"
"f02d85b9","14c22f03","7590dbb6","2017-07-02 18:44:14","2016-11-28 04:27:45",NA,NA,NA,"f"
"5cfa2325","7cd2b3f1","a04445a7","2017-01-24 01:05:24","2017-09-27 03:13:37",NA,NA,NA,"f"
"249dd238","f84018bb","2085e897","2017-01-04 12:19:04","2016-06-19 13:46:02",NA,NA,NA,"f"
"ff3707b7","40be9898","b7746956","2016-01-21 03:11:26","2017-04-09 21:23:50",NA,NA,NA,"f"
"c90a356c","6e0d17c4","ee8c77c8","2017-03-11 16:01:27","2016-07-16 03:40:03",NA,NA,NA,"f"
"d77562a4","1a1d26ce","5ea3828","2017-07-10 19:51:03",NA,NA,NA,NA,"f"
"da9c9ffc","cfe86aec","378c0c87","2016-05-24 06:17:14","2016-02-17 21:03:21",NA,NA,NA,"f"
"43c45d9b","3db38630","7630f699","2016-12-22 17:48:01","2016-04-28 15:54:04",NA,NA,NA,"f"
"f49a90b2","a8ee849e","3dad441f","2017-02-28 00:06:58",NA,NA,NA,NA,"f"
"d8ffb3e5","35a26f4f","8ce3713e","2016-10-18 13:40:37","2017-09-17 20:27:14",NA,NA,NA,"f"
"99de8487","b06a7767","4041bcbb","2016-05-02 22:27:56","2017-08-03 17:07:20",NA,NA,NA,"f"
"27c3cccb","e5d73ae0","cb5fac10","2016-10-03 16:02:57",NA,NA,NA,NA,"f"
"903b967d","b7a665a1","604723f1","2017-03-02 00:04:28",NA,NA,NA,NA,"f"
"e69d989f","cbeabd","dd514fb0","2016-05-24 20:51:25",NA,NA,NA,NA,"f"
"3612573","a2d5e5a5","2f4e9d5e","2016-06-01 04:33:14","2016-02-07 17:06:04",NA,NA,NA,"f"
"cf7a10dd","28a9caa9","2a7085af","2016-07-15 15:09:38","2016-05-25 02:48:19",NA,NA,NA,"f"
"58300c2a","ede5fb30","97523733","2016-04-26 08:21:05","2016-02-04 01:55:44",NA,NA,NA,"f"
"58e74648","aaf617a4","9b3f9cb7","2017-09-07 14:33:58","2016-11-27 15:57:31",NA,NA,NA,"f"
"49f13e41","cc5bc9a7","aa6338e6","2016-10-08 00:38:13","2016-03-30 23:41:10",NA,NA,NA,"f"
"b62de5b3","2391c1a3","3ec3a151","2017-09-18 15:37:04",NA,NA,NA,NA,"f"
"61feee2e","60344641","aa54473e","2016-03-06 05:11:49",NA,NA,NA,NA,"f"
"cbe74bac","cd7016f0","a32418f5","2017-04-05 12:58:56",NA,NA,NA,NA,"f"
"4cddf4d4","879505ef","a8bb0293","2016-05-23 04:57:13","2016-09-13 04:02:20",NA,NA,NA,"f"
"43dbc14d","4028fb8d","adc6b864","2017-07-20 18:05:41","2017-05-29 19:37:00",NA,NA,NA,"f"
"9abe38d3","7db78516","153ac73a","2016-02-19 02:02:30","2016-04-26 01:59:17",NA,NA,NA,"f"
"8280b8d3","bcc089d5","805ded08","2017-04-09 22:23:32","2017-09-17 10:19:01",NA,NA,NA,"f"
"7412c57c","8b5f424f","4e796ca9","2017-04-09 10:37:05","2017-01-07 21:43:18",NA,NA,NA,"f"
"937da470","d4fd0808","b8868095","2016-11-28 16:32:26","2017-07-26 04:23:37",NA,NA,NA,"f"
"13698b58","6db4ce4a","f4d7fdfe","2016-05-11 14:50:22","2017-09-30 14:55:48",NA,NA,NA,"f"
"e73160c5","10bac9c5","892e8b21","2017-04-07 12:54:31",NA,NA,NA,NA,"f"
"da9958af","d3ab7298","ca953eec","2017-04-26 23:01:48","2016-07-13 14:19:11",NA,NA,NA,"f"
"3d947cf2","6395f674","9f2cb4a2","2016-01-26 05:19:57","2017-03-08 10:24:10",NA,NA,NA,"f"
"cd8d3e26","30a30ea0","618f72f2","2017-06-27 02:24:29","2016-10-31 17:49:16",NA,NA,NA,"f"
"d39610d2","75df549e","f8e991e7","2017-07-30 02:30:52","2017-02-01 06:28:20",NA,NA,NA,"f"
"fb89065c","8327b8ee","6c55bd9f","2017-07-20 19:26:27","2016-05-26 07:58:40",NA,NA,NA,"f"
"f9fd9d9d","42ff56d","8b8468b0","2017-01-30 19:15:21","2016-06-03 07:43:47",NA,NA,NA,"f"
"2c2e99ef","254b4a1c","3c6ac498","2017-05-08 19:10:25","2016-10-08 21:03:15",NA,NA,NA,"f"
"97a6fa03","c7e3ffa5","6412da30","2016-02-22 18:37:10","2016-02-03 19:45:11",NA,NA,NA,"f"
"aeae207d","2685e089","6cac9abd","2016-12-05 01:44:39","2016-02-04 05:49:14",NA,NA,NA,"f"
"80f65c55","197bdd96","2460561","2016-03-01 03:24:57","2016-03-01 20:06:05",NA,NA,NA,"f"
"7ea554ae","c2d3bf25","1b7a5942","2016-06-20 04:59:22","2016-03-08 22:59:57",NA,NA,NA,"f"
"a34a93a4","360613e3","1bdd58fa","2017-06-16 21:58:50","2016-03-07 20:06:35",NA,NA,NA,"f"
"9b72b844","dbfbf287","c1e29008","2016-02-28 06:03:39","2016-10-02 01:30:26",NA,NA,NA,"f"
"80913812","860cbfbb","8a6acc45","2016-06-21 18:56:17","2017-05-24 22:02:50",NA,NA,NA,"f"
"f5f884ec","dc3f94fd","30634029","2016-12-07 07:01:21","2017-01-25 20:22:33",NA,NA,NA,"f"
"aaf32b1e","22d1720d","b89c40ed","2017-04-20 09:37:04","2016-03-02 15:43:36",NA,NA,NA,"f"
"7c458988","dbae5c72","c1889e70","2017-01-29 12:49:15","2016-11-18 00:58:26",NA,NA,NA,"f"
"bd3378ad","fae573f2","11dea26b","2016-12-31 18:12:56","2016-12-20 12:09:10",NA,NA,NA,"f"
"54b5fe6","8bb2dddf","74a98154","2017-07-27 07:18:02",NA,NA,NA,NA,"f"
"9e82350c","bceb69b8","7c7af809","2016-08-11 07:21:57","2016-03-10 00:35:27",NA,NA,NA,"f"
"22e64cfd","bd0beebd","b8868095","2016-04-07 08:30:29","2017-06-04 20:04:12",NA,NA,NA,"f"
"b9fe5207","25c03d9c","e0e1bb6f","2017-04-08 08:37:00","2016-04-20 02:56:48",NA,NA,NA,"f"
"c1e84ebc","4456edc9","c420365b","2017-05-20 14:58:26","2017-05-07 16:59:23",NA,NA,NA,"f"
"4f6bee4","9fcd5d00","6511bacf","2016-04-24 22:00:53","2017-04-10 06:32:06",NA,NA,NA,"f"
"f4733b8","7e205025","4149c0cd","2016-11-29 18:31:09",NA,NA,NA,NA,"f"
"33852540","c5140741","2909c702","2016-11-01 17:51:05","2016-02-23 22:25:49",NA,NA,NA,"f"
"55eb8bec","bd01a9c1","133559e8","2016-03-08 05:54:09","2017-02-19 16:09:13",NA,NA,NA,"f"
"d1f05ec7","fd73de1e","87df46f9","2017-03-26 07:42:21","2016-03-02 00:42:22",NA,NA,NA,"f"
"e29efa01","452c38e1","b56a7302","2016-04-25 16:07:53",NA,NA,NA,NA,"f"
"928a1f68","4c94a952","9d26c724","2016-08-22 15:57:08","2016-02-02 19:31:54",NA,NA,NA,"f"
"319b783","6ff3d67e","eaa489c3","2016-12-28 04:09:15","2017-02-17 04:20:39",NA,NA,NA,"f"
"c9ddeb33","ce01b3d2","4e097e7a","2016-04-13 06:15:41",NA,NA,NA,NA,"f"
"9d03bcfb","bf0eb8cd","34d3b746","2017-05-22 15:20:48","2017-01-17 10:48:42",NA,NA,NA,"f"
"f1d3783c","f206be42","dbcfd2e4","2016-12-05 13:13:36","2017-09-28 11:15:01",NA,NA,NA,"f"
"8dad4094","536f6908","31c67de3","2016-04-24 18:59:30","2016-12-19 00:17:36",NA,NA,NA,"f"
"6e5997e3","c09f9dc5","661acb3b","2016-05-31 14:42:56",NA,NA,NA,NA,"f"
"d6b4de3e","3a4d2edc","22079c49","2016-02-03 21:19:41","2017-01-08 12:27:49",NA,NA,NA,"f"
"dca56097","88a79ecd","be7715dd","2016-07-19 02:12:09","2017-05-08 15:32:49",NA,NA,NA,"f"
"93ec9b19","7a700811","776bc061","2016-10-18 22:16:34","2017-05-11 06:06:54",NA,NA,NA,"f"
"ac35c9f6","a6cca039","627fce4e","2016-02-13 22:42:15","2017-04-30 00:05:54",NA,NA,NA,"f"
"8a6162dc","74a3c15d","2795b18","2016-09-04 00:03:53",NA,NA,NA,NA,"f"
"f58c3c2e","3367bd88","a29b625b","2016-12-12 11:50:48","2016-05-05 07:20:30",NA,NA,NA,"f"
"bcd23ad1","5bae7743","950787c0","2017-04-08 22:23:47","2017-04-20 16:12:29",NA,NA,NA,"f"
"49ff740a","df4c7f64","17a1e1dc","2016-04-18 07:11:40","2017-05-19 22:26:19",NA,NA,NA,"f"
"c94ef761","7c2cdf10","221eac33","2017-09-26 14:33:23","2017-01-31 18:15:17",NA,NA,NA,"f"
"335dc00e","3968f57","ec9d3152","2016-02-17 21:37:08",NA,NA,NA,NA,"f"
"ff09c12a","2d9deb03","10829f4d","2017-07-07 19:33:19",NA,NA,NA,NA,"f"
"25d3316b","46eb8725","8b25d747","2017-08-22 17:48:43",NA,NA,NA,NA,"f"
"e05e6350","677cc226","3bbbf015","2016-03-01 14:39:37","2017-08-12 02:07:02",NA,NA,NA,"f"
"b9da8945","c8d11cd9","fa8d8255","2017-09-20 17:42:57","2016-04-13 06:02:10",NA,NA,NA,"f"
"ef0dde69","a184ff51","b762620f","2017-05-06 15:02:45",NA,NA,NA,NA,"f"
"be796da8","d6d26362","bc473ecc","2017-06-19 19:17:16","2017-04-03 15:27:15",NA,NA,NA,"f"
"e2f08bb2","e2e635ef","1c1ed85e","2017-03-26 08:55:41","2017-05-04 13:20:39",NA,NA,NA,"f"
"2fc23225","e3c1c433","4a2a2475","2016-06-18 19:49:24","2016-12-17 22:05:13",NA,NA,NA,"f"
"bcf1e71c","972e999b","1e2710a1","2016-12-19 15:03:41","2017-06-17 17:37:23",NA,NA,NA,"f"
"515521ab","f8cfd130","b5c8ea57","2017-04-03 04:38:34","2017-04-13 23:36:31",NA,NA,NA,"f"
"843079a","564d7203","a1eecf8e","2017-06-14 19:31:39","2016-09-26 20:17:35",NA,NA,NA,"f"
"bff0b1fd","3d2c29b5","9e89cdd5","2016-12-05 19:49:25",NA,NA,NA,NA,"f"
"dda83995","d6e115cb","893794d3","2016-01-31 15:15:31","2016-05-17 17:55:28",NA,NA,NA,"f"
"89239b9c","d0044107","4ef0ef1d","2016-03-07 10:31:57","2017-10-04 16:56:25",NA,NA,NA,"f"
"df6d0b5c","2f45d40b","d1c71496","2016-02-13 14:50:57","2016-10-23 00:17:20",NA,NA,NA,"f"
"1e8d8726","a189bb72","99abda46","2017-04-08 18:56:42",NA,NA,NA,NA,"f"
"d54beeba","c08fafa","a079b60a","2016-04-24 19:09:21","2017-04-21 16:42:35",NA,NA,NA,"f"
"f9e1f990","31edf210","7e3d2d1","2016-05-16 20:05:01","2016-10-07 13:43:29",NA,NA,NA,"f"
"478e0053","baa0ae11","35767216","2016-07-05 16:21:18",NA,NA,NA,NA,"f"
"d323c6eb","77e59d7d","c2a1b3b0","2016-05-22 15:37:29",NA,NA,NA,NA,"f"
"b830f0f","633a7600","a75b3691","2016-05-30 12:09:45","2016-09-07 18:46:53",NA,NA,NA,"f"
"55e31f76","93dbd8ac","be7f886e","2016-10-23 00:16:43",NA,NA,NA,NA,"f"
"f0648c16","86af9e43","6cde75df","2017-07-14 16:31:42","2017-05-05 22:14:21",NA,NA,NA,"f"
"b2f537be","64519568","f234e438","2016-04-15 18:47:46","2016-10-27 05:10:34",NA,NA,NA,"f"
"9cc7bbe2","b1e5a1c","bf8e4a1","2016-08-22 22:54:32",NA,NA,NA,NA,"f"
"f86b44d6","9f35bdb1","f8820db9","2016-03-15 06:00:28","2016-04-26 08:22:05",NA,NA,NA,"f"
"8f674a18","68e2d629","42a84e95","2016-04-01 15:07:44","2017-06-28 03:30:00",NA,NA,NA,"f"
"e97099a5","75a5af16","885b71e2","2017-06-02 19:38:24","2016-04-27 08:12:48",NA,NA,NA,"f"
"e5742219","2bbb0c8f","714a123","2017-02-22 04:24:53","2016-02-01 19:09:06",NA,NA,NA,"f"
"fb2f1b3b","f9d44c19","8b1289c5","2017-07-07 10:41:04","2016-09-07 03:21:54",NA,NA,NA,"f"
"76b7f930","39486e38","6b5bf94c","2016-11-29 15:28:52","2017-07-31 05:37:38",NA,NA,NA,"f"
"b4e39c00","e1339282","adf897ae","2016-02-03 15:01:17","2016-08-27 21:05:27",NA,NA,NA,"f"
"8ea8efbe","b4ddfed1","ead79475","2016-05-21 06:52:52","2017-04-30 16:17:11",NA,NA,NA,"f"
"5f09e296","30a30ea0","df9ee230","2017-01-29 21:41:17",NA,NA,NA,NA,"f"
"fe9e6f28","8bf19fd7","1380f7be","2016-10-14 14:43:27","2016-04-28 00:57:56",NA,NA,NA,"f"
"47e96f19","6270ff82","89e3c927","2016-03-17 13:39:40",NA,NA,NA,NA,"f"
"36b7bc09","3e08f7ec","2d7f031","2017-07-18 06:43:36",NA,NA,NA,NA,"f"
"34bdfacd","2a90b084","577d18a","2016-11-14 22:15:21","2016-03-02 01:27:04",NA,NA,NA,"f"
"21f660b6","ea1c6eb1","cb76f3e5","2016-05-19 12:30:44",NA,NA,NA,NA,"f"
"4dc0cfea","3ab86d05","1386a9fa","2016-11-17 13:10:12","2016-05-25 03:57:41",NA,NA,NA,"f"
"eb407f3f","7b16542e","93d2fafd","2017-06-13 16:16:25","2017-01-31 19:25:15",NA,NA,NA,"f"
"36e89bae","d0783293","4fea7fda","2016-05-17 05:52:57",NA,NA,NA,NA,"f"
"4b0555ed","c335f80d","9e06527e","2017-01-11 14:40:08","2016-06-23 04:23:21",NA,NA,NA,"f"
"6d51f463","c9a32601","e5fae5ef","2016-05-12 12:32:25",NA,NA,NA,NA,"f"
"6c5d238b","671200e2","a0f90ace","2017-07-16 06:03:01","2017-06-15 00:13:27",NA,NA,NA,"f"
"a9eeb42f","1815f83d","b2c7c8a6","2017-01-16 00:54:42",NA,NA,NA,NA,"f"
"660e6eae","36e65165","93193e91","2017-09-27 02:32:32","2016-11-08 04:27:48",NA,NA,NA,"f"
"ec57dadd","f5bb7ed4","4532c931","2017-05-09 18:40:10",NA,NA,NA,NA,"f"
"325eba16","bf70d65","8bb3f4e1","2016-10-26 17:59:52","2016-10-27 15:46:12",NA,NA,NA,"f"
"2a96ed39","bd95d856","8ad41e04","2016-05-27 09:14:57",NA,NA,NA,NA,"f"
"63c71857","2a6d7b44","60d978b4","2016-11-21 18:47:37","2016-05-29 16:53:32",NA,NA,NA,"f"
"ca7371f2","a1666094","c86baeb9","2017-07-16 13:09:36","2017-07-22 04:58:32",NA,NA,NA,"f"
"5b25e964","f8f9f1a2","185b1143","2016-06-19 11:05:12","2017-01-04 08:52:35",NA,NA,NA,"f"
"695bb104","1687b78c","a69789cf","2016-09-07 18:49:38",NA,NA,NA,NA,"f"
"48e3d75f","35edd6b","beebc051","2016-11-20 19:01:19","2016-05-24 02:52:40",NA,NA,NA,"f"
"4714387b","e0426603","4c784905","2016-09-04 16:25:07","2016-11-08 01:51:15",NA,NA,NA,"f"
"2f57a2d4","4ee0fcfc","e918a833","2016-08-16 06:14:07","2017-03-29 09:23:13",NA,NA,NA,"f"
"e549d22b","4d60a330","30c27cee","2016-01-27 08:57:37","2016-10-14 15:11:34",NA,NA,NA,"f"
"a10e0272","38a0acb6","b9ce73c6","2017-05-23 05:13:13","2017-08-04 20:17:37",NA,NA,NA,"f"
"32e0e56b","9074fffa","b2bd5ea4","2017-01-28 21:20:42","2016-04-19 08:57:57",NA,NA,NA,"f"
"6a918193","da0d4561","b8cd1f9e","2017-07-07 07:58:19","2017-03-13 06:43:44",NA,NA,NA,"f"
"426a31a5","3591f49c","61bbe9dc","2017-06-26 05:40:59","2016-04-18 01:49:34",NA,NA,NA,"f"
"1d0a76b6","f27fa357","74b881df","2016-11-17 00:11:33","2016-05-29 14:32:14",NA,NA,NA,"f"
"c01760f3","15677287","3b3b75a8","2016-12-02 15:56:42","2017-07-16 05:27:20",NA,NA,NA,"f"
"167e83c9","cac0e5ce","c9687ac3","2017-02-12 05:09:08","2016-07-28 13:15:44",NA,NA,NA,"f"
"19a2bd3f","4191b14f","844121fb","2016-02-02 08:00:36","2016-11-26 13:24:21",NA,NA,NA,"f"
"33d5c2b1","374634f8","747888de","2017-09-13 02:38:24","2016-10-11 10:37:19",NA,NA,NA,"f"
"f3c2830c","161161c7","6ff7c704","2016-02-13 23:32:38","2016-07-20 18:20:47",NA,NA,NA,"f"
"7b6adea6","2a001c6b","4fba4cdb","2016-05-31 22:55:56","2016-05-10 18:28:14",NA,NA,NA,"f"
"b3a89876","5711199c","f69fb581","2017-08-31 11:33:14","2016-07-08 00:54:07",NA,NA,NA,"f"
"edd98357","291ec685","6673da3b","2017-08-03 19:43:20",NA,NA,NA,NA,"f"
"ca2be4f","13563825","5214217e","2017-02-06 20:28:41","2017-03-26 20:51:45",NA,NA,NA,"f"
"200f8594","7915091","59a8a03e","2016-02-28 05:23:32","2017-02-02 07:42:53",NA,NA,NA,"f"
"772d22eb","801423e1","934ed27b","2017-01-16 22:12:39",NA,NA,NA,NA,"f"
"1544a5de","bde29fdd","bd53f135","2016-05-01 01:03:08","2016-02-02 23:47:44",NA,NA,NA,"f"
"c066ced4","bf77ed59","4c12e1f","2017-09-06 14:57:04","2016-08-06 02:14:54",NA,NA,NA,"f"
"b23a400a","3bffaab5","627fce4e","2016-02-29 15:24:14","2016-05-11 18:34:33",NA,NA,NA,"f"
"58c7c983","3eeb22e3","a915e3f3","2017-04-19 09:02:00","2017-09-23 17:31:39",NA,NA,NA,"f"
"dfae87b5","e757f7df","e91605c9","2016-06-01 16:18:09",NA,NA,NA,NA,"f"
"16e9f6db","50d507ad","ff54d675","2017-08-16 08:46:41","2016-03-31 04:52:47",NA,NA,NA,"f"
"25536e77","756d847a","8a692f1a","2016-06-13 23:47:42","2016-09-27 15:32:50",NA,NA,NA,"f"
"42bb7297","204fc355","bf3fec86","2016-01-28 17:13:32","2017-08-05 20:04:46",NA,NA,NA,"f"
"90738aa0","8122f9c8","2487ea81","2017-09-11 10:44:34","2016-04-26 15:43:38",NA,NA,NA,"f"
"e9634518","a9192bfd","788e837a","2016-03-14 01:20:08","2016-11-07 04:29:55",NA,NA,NA,"f"
"49b9f084","500c1fa1","d05de70d","2017-06-19 22:30:11","2016-06-06 23:07:00",NA,NA,NA,"f"
"f40a1850","45cd28ec","ebdd7f0b","2017-02-16 16:12:29","2016-04-06 03:52:24",NA,NA,NA,"f"
"659ea0ad","9d6c6a55","cadceceb","2016-10-11 01:40:29",NA,NA,NA,NA,"f"
"5d5c4231","66914d3d","2cecf0df","2017-07-29 18:50:05","2016-08-27 14:48:27",NA,NA,NA,"f"
"11def8d8","35b3bb91","b254e193","2016-02-23 14:35:56","2017-07-18 10:27:51",NA,NA,NA,"f"
"1d9303eb","8e5c4c05","276d5eb4","2016-03-19 21:18:40",NA,NA,NA,NA,"f"
"7896121b","753e7dc1","1e6d2cda","2016-05-16 04:47:01","2017-01-24 02:35:03",NA,NA,NA,"f"
"eabe6534","27060328","2ac33ab7","2016-07-27 17:23:35","2016-10-18 20:50:44",NA,NA,NA,"f"
"ff94701b","6bdbf64a","54b64177","2017-05-06 12:52:59","2017-01-22 13:24:17",NA,NA,NA,"f"
"7a1dbb75","6041c019","aaa68775","2016-03-05 06:56:16","2017-05-31 19:49:49",NA,NA,NA,"f"
"a782759a","9a0a51cb","43ce6cfe","2016-02-01 03:22:02","2017-04-17 03:04:20",NA,NA,NA,"f"
"189954e7","973529e7","8add09c","2016-10-24 10:37:54","2017-02-13 21:00:22",NA,NA,NA,"f"
"1bfe7243","7ee987b9","68bd5ed0","2017-07-10 18:10:15","2016-02-04 20:03:23",NA,NA,NA,"f"
"b88bd4b5","29b74ff8","26783e5f","2016-05-23 18:00:06","2016-06-30 07:22:19",NA,NA,NA,"f"
"17a1748","5921937","d70bef60","2017-02-26 21:30:13","2017-05-15 06:15:43",NA,NA,NA,"f"
"54e5123c","e3590292","3d925c45","2016-02-28 05:13:00","2016-05-06 11:05:43",NA,NA,NA,"f"
"33a0cf5d","2ebe339","e9406a6","2016-05-02 15:23:06","2017-01-29 21:04:49",NA,NA,NA,"f"
"9d480542","b3779339","842a36b2","2016-07-15 13:57:45","2016-05-05 07:20:30",NA,NA,NA,"f"
"7f2eb1f4","19328a3c","577d18a","2016-06-10 20:10:48",NA,NA,NA,NA,"f"
"4697a800","d78db832","781b8e98","2017-07-20 13:12:35",NA,NA,NA,NA,"f"
"debd3195","b82e7071","6112833d","2016-04-04 15:38:08","2016-09-06 02:14:34",NA,NA,NA,"f"
"908a6f21","23171ed5","4d7f6b9a","2017-07-03 02:59:17","2017-07-14 16:48:36",NA,NA,NA,"f"
"51eded5f","3415abf9","e54626bd","2017-03-30 23:14:38",NA,NA,NA,NA,"f"
"4a103f60","2d9b2033","b0272b49","2016-12-05 16:19:20","2016-03-23 21:30:54",NA,NA,NA,"f"
"e38a8890","9731dc66","3b3a5cf7","2017-08-24 09:14:50","2016-05-17 15:19:42",NA,NA,NA,"f"
"cbae940a","b6444a44","71ed8567","2017-02-07 03:44:22","2016-07-20 05:34:49",NA,NA,NA,"f"
"393ad6b7","a63c8a3f","56ae86f6","2016-11-14 09:44:32","2016-08-31 18:19:45",NA,NA,NA,"f"
"80427e12","dff83a2b","65a1b5b4","2016-11-24 18:50:12","2016-08-05 07:30:28",NA,NA,NA,"f"
"705ea6e","504a4cac","b0272b49","2016-02-28 18:04:43","2016-04-25 19:16:26",NA,NA,NA,"f"
"639f9422","f88d1213","d8e348a9","2016-03-15 01:05:33",NA,NA,NA,NA,"f"
"76d770e3","bae29685","11f105ff","2016-12-07 15:19:17","2016-06-16 08:45:12",NA,NA,NA,"f"
"2d2270e1","def1fe02","48ac1848","2017-03-01 11:26:41","2016-02-17 20:38:28",NA,NA,NA,"f"
"bee5a95e","fc9884e5","a90a99b7","2016-02-16 20:22:07","2016-09-28 14:26:36",NA,NA,NA,"f"
"efef6fff","e5607f53","6cbc65fb","2017-09-02 05:13:39","2016-06-22 12:20:00",NA,NA,NA,"f"
"f9c97881","337d0a5","af2ce47c","2017-07-22 14:33:07","2016-12-30 22:20:18",NA,NA,NA,"f"
"63a923fc","d7ce6ae3","1c1ed85e","2016-01-30 09:48:07","2016-02-05 11:58:41",NA,NA,NA,"f"
"d7a995f7","a0344419","5966b3ad","2017-05-28 18:29:22","2017-07-27 11:34:29",NA,NA,NA,"f"
"1de97717","5f839484","1d835bf4","2017-09-21 02:19:29","2016-10-30 19:55:16",NA,NA,NA,"f"
"86831646","55565494","88e89c4f","2016-05-27 15:47:14","2017-08-12 19:08:11",NA,NA,NA,"f"
"bcb4e89c","60988916","79d59591","2016-01-25 20:13:24","2017-06-06 11:15:59",NA,NA,NA,"f"
"37486c9d","524ce0f","fd66ae14","2017-04-03 11:30:27","2016-08-05 18:50:31",NA,NA,NA,"f"
"72c35a1f","1ed4d13","3c338df4","2016-01-31 04:57:16","2016-05-31 18:45:29",NA,NA,NA,"f"
"c55de783","1cc59af","47ac9354","2016-10-07 03:47:17",NA,NA,NA,NA,"f"
"84af859f","dd5aa9f","e83778ee","2017-03-20 15:35:26","2017-07-23 05:28:05",NA,NA,NA,"f"
"811a26bf","8cfd8fea","c539a71b","2016-09-23 17:11:07","2017-03-24 05:13:33",NA,NA,NA,"f"
"dc5b2d2c","21c84e00","d4ee932","2016-04-18 04:34:07",NA,NA,NA,NA,"f"
"91c8cb20","cfe1c970","1d4721eb","2016-07-12 01:49:02","2016-05-26 06:50:28",NA,NA,NA,"f"
"87c405a7","a361de8a","e5a09c6d","2016-04-13 06:08:48","2017-10-04 16:42:11",NA,NA,NA,"f"
"c395c592","2dc1b71c","c8bd9529","2016-04-24 12:13:59","2016-09-19 14:27:01",NA,NA,NA,"f"
"3a55d9ce","ff62f9b7","4f9477f9","2017-09-01 13:31:15","2016-09-04 11:41:06",NA,NA,NA,"f"
"5311c18a","a842f7f6","5fcdbd48","2017-08-28 13:13:46","2016-08-07 08:11:16",NA,NA,NA,"f"
"9cc574a6","9bc7f1bb","11a58bd7","2017-07-25 02:24:35","2016-11-16 19:21:34",NA,NA,NA,"f"
"1f234497","6d5a00df","281a1f26","2017-09-25 02:40:06","2017-07-23 05:27:02",NA,NA,NA,"f"
"323ad984","2b2a3be5","65f6dc4e","2016-03-01 05:29:12","2017-07-12 14:00:21",NA,NA,NA,"f"
"4e7a48ac","ff89a625","26302763","2016-07-06 09:00:55",NA,NA,NA,NA,"f"
"b0ef4218","dafc35b0","42e91e57","2017-04-24 22:35:10","2016-05-29 05:50:27",NA,NA,NA,"f"
"41b807e0","fa7dc785","ac19b8af","2016-07-17 23:06:43","2017-03-03 13:31:04",NA,NA,NA,"f"
"33c3bfc8","4cd11ae0","ed691e71","2017-03-21 14:23:20","2016-04-20 16:44:44",NA,NA,NA,"f"
"a3d0c047","a3db1819","80f6cc1c","2016-06-03 19:47:22",NA,NA,NA,NA,"f"
